source_order	source_key	source_hash	target_text
0	ZONE.WF	e978f7b76f9b81a4	스러진 자들의 황야
1	ZONE.HR	bbc869ef73c8c711	영웅의 안식처
2	ZONE.TK	de9ece2491fada99	왕들의 신전
3	ZONE.LT	58e477e0ab10ddaf	빛의 탑
4	ZONE.MA	717caf9e59cbb529	영묘
5	ZONE.TF	4f7926f69e803322	대장간
6	ZONE.AC	0eb08db63aa5f21e	승천의 동굴
7	ZONE.CL	e4c717dc6e50b392	빛의 요람
8	ZONE.IS	9986ba22866e0aaf	무한의 바다
9	ZONE.UF	600e6671c98e713b	해저 요새
10	ZONE.EW	7b5a6c44018f15c7	세상의 끝
11	ZONE.AB	25fbdb5d392060b7	심연
12	ZONE.CO	168ae35c7276ff55	코스모스
13	ZONE.RS	751b6a198f686750	왕의 계단
14	ZONE.AP	9a33805e617de323	아이테르나 궁전
15	ZONE.PD	377e3468f2bb5995	저주받은 자들의 구덩이
16	ZONE.TO	ce45286efd8a55c0	신탁의 신전
17	WF.SpiderSmall.Name	d7cb4d0eec30b677	잠복 거미 새끼
18	WF.Spider.Name	573831225ae4ab56	잠복 거미
19	WF.Bat.Name	871623ca32355349	흡혈귀
20	WF.ShadowSlimeSmall.Name	b133e5d8b1eb0eeb	일반 슬라임
21	WF.ShadowSlime.Name	20b3b24e37900512	거대 일반 슬라임
22	WF.GhostSamurai.Name	421b0d8aac1c1108	부시도의 정령
23	WF.GhostMace.Name	cca5132e1921fcd3	징벌의 망령
24	WF.GhostSword.Name	db2954180ffab00c	유령 검객
25	WF.GhostAxe.Name	bfc11a33b409e65d	저주받은 사형집행인
26	WF.Devourer.Name	4bd40ce43063618f	포식자
27	WF.GhostGiant.Name	dc0710074ff116e9	방황하는 영혼
28	WF.GhostSlime.Name	1a529593e7a8c9c6	유령 슬라임
29	HR.SkullWarrior.Name	c45d55362305c741	언데드 전사
30	HR.SkullArcher.Name	e7fdbaa861f567fc	언데드 궁수
31	HR.GiantSkeleton.Name	60316b827e26ee43	뼈 거인
32	HR.LichSkeleton.Name	13c77d3dce3c9f1e	리치
33	HR.Slime.Name	70ec6f783e611adc	좀비 슬라임
34	HR.AcidSlime.Name	200688b928e92b84	거대 산성 슬라임
35	HR.SmallAcidSlime.Name	cf7bdc2df0ead6e8	산성 슬라임
36	HR.FlyingQueen.Name	1520b898f77a9473	여왕벌
37	HR.FlyingShooter.Name	ed4ca8f700c0b3dc	근위병 벌
38	HR.FlyingQueenEgg.Name	40b76c93887208bc	아기 벌
39	HR.Garibaldi.Name	016288763b45ad97	가리발디
40	MA.Emperor.Name	a904655c6170fc6a	황제
41	LT.Bishop.Name	b6ebd8c9fc317ff6	신성한 비숍
42	LT.Queen.Name	47c91edd76be3269	신성한 퀸
43	LT.Tower.Name	80bf513f3bb38c1b	신성한 룩
44	LT.Sword.Name	48aa40bf22684801	여왕의 수호자
45	LT.Slime.Name	17ea533f9dd8294b	거대 빛의 슬라임
46	LT.SmallSlime.Name	747babbfca14e5de	빛의 슬라임
47	AC.GoblinShotgunOrange.Name	5bd3d88b98f75348	나팔총 고블린
48	AC.GoblinShotgun.Name	b51d660347f3abaa	사격 고블린
49	AC.GoblinSuicidal.Name	6c4356dca606fba2	자폭 고블린
50	AC.GoblinFlameThrower.Name	745747afbb58b446	방화범 고블린
51	AC.CrystalGeode.Name	11af8b8534d5da5e	살아 있는 정동석
52	AC.CrystalSlime.Name	1e9eed2a34a983de	거대 수정 슬라임
53	AC.CrystalSlimeSmall.Name	55e545a23ad3da57	수정 슬라임
54	AC.CrystalGolem.Name	c4d5548590dc0113	바위 골렘
55	AC.Worm.Name	0e5bda0a181a8589	동굴 벌레
56	AC.Wormorok.Name	a2b1e50fa9a7e37a	워모록
57	TF.HammerWhirlwind.Name	9e74d108d612b3f2	정예 광신도
58	TF.HammerWarrior.Name	565989f3ba1b8090	말단 광신도
59	TF.Amazon.Name	4fb6bf61a5972641	강철 아마존
60	TF.FlyingFire.Name	79bede7b43651f93	화염 정령
61	TF.FireSlime.Name	095170aa385aba01	용암 슬라임
62	TF.FlyingBomb.Name	0f7e437d694ae4a5	격노한 정령
63	TF.CoalThrower.Name	756c0192474c2916	화염 하사관
64	TF.Phoenix.Name	2c3783bf8e7afefa	불사조
65	CL.Turret.Name	5d7dc041767f9566	메카 포탑
66	CL.Mine.Name	d2c79437aacaf93d	펄스 지뢰
67	CL.Eye.Name	9a0b80bf2128fe5a	메카 파수꾼
68	CL.Pyramid.Name	b9749da1f5d9f2ab	메카 피라미드
69	CL.MiniRobot.Name	dc06b646ac639b2a	전투 로봇 A1
70	CL.Robot.Name	3ddfcaef10f2d802	전투 로봇 T-900
71	CL.Defensor.Name	8304144b5ea7f396	전투 로봇 B2
72	CL.SlimeRobot.Name	c575b773609e9dbc	기계 슬라임
73	UF.PunchShooter.Name	f60e135465a6f4f6	전투 로봇 A-100
74	UF.Robot.Name	6f2675a8a8ee4d9d	전투 로봇 T-600
75	UF.WheelRobot.Name	ae7f2fa6918f1a26	메카 파괴자
76	UF.Watcher.Name	d7268431fbd05866	메카 밀고자
77	UF.AI.Name	d3b38e8dd586add4	주모자
78	UF.GlitchPortal	6137ec3af0169cb5	이상 현상
79	IS.Beholder.Name	61ec4b4716fd1474	응시자
80	IS.Slime.Name	567386616f0e7fe5	시간 슬라임
81	EW.RedDragon.Name	3800dd6ba5220ed6	진홍 뇌전
82	EW.BlackDragon.Name	a9752439bcd7255d	밤의 소망
83	EW.BlueDragon.Name	16b99ea115ae0830	겨울 숨결
84	EW.GreenDragon.Name	90705c173e2af209	요정 바람
85	EW.Sage.Name	e0037305c95517b2	천상룡
86	EW.DragonSlimeRed.Name	1838764a64c6a504	진홍 슬라임
87	EW.DragonSlimeBlack.Name	5e7e9566caee70f4	야행성 슬라임
88	EW.DragonSlimeBlue.Name	7cb43fbef3590fe8	겨울 슬라임
89	EW.DragonSlimeGreen.Name	d8265296da960044	요정 슬라임
90	EW.InfectedEgg.Name	8a854cdf6bf1607d	비늘 둥지
91	AB.Vulture.Name	8cea35f4842e1c9a	지옥 독수리
92	AB.Ignis.Name	31e06cbfa7a3cfde	화염의 파멸
93	AB.Lurker.Name	663c5b87a38e91a1	지옥의 추적자
94	AB.Slime.Name	ab1ffacd6ef7b284	어둠의 슬라임
95	AB.Werewolf.Name	03ab8f7337a052bc	저승의 야수
96	AB.KingClone.Name	7d66ac470c8f2bc8	네 두려움
97	CO.ChaosMeleeFire.Name	326ba1cacf36078d	카오스의 별
98	CO.ChaosMeleeIce.Name	34dbd33604f91c4d	카오스의 혜성
99	CO.ChaosMeleeFLight.Name	920a7acb377781e7	카오스의 후광
100	CO.ChaosMeleeDarkness.Name	abdbab931a30ebf3	카오스의 공허
101	CO.ChaosRangedFire.Name	21de9bf01cc1a78c	화염의 집행자
102	CO.ChaosRangedIce.Name	225e9a7f85231a98	빙결의 집행자
103	CO.ChaosRangedLight.Name	f6f736d390e28b0f	천상의 집행자
104	CO.ChaosRangedDarkness.Name	3945c163f2574f63	어둠의 집행자
105	CO.Slime.Name	f6a34fb3abd2790d	우주 슬라임
106	RS.SupremeAurora.Name	3458d0c8d1f3a26a	최고 오로라
107	AP.ClimbingAngel.Name	c59a5018804c4177	등반 천사
108	AP.DefenseTower.Name	9d242842a2f75349	새벽의 수호자
109	AP.HolyKnight.Name	67c03d2ddb4d3bdb	광휘의 창기사
110	AP.MecaSorceress.Name	714d148fcf3d44ef	신성한 마법사
111	AP.Monk.Name	b2c88bce0b601487	왕실 마법사
112	AP.Priestess.Name	219d513dab5e10dd	견습 오로라
113	AP.Cherub.Name	c3949401dc84eaa6	천상 드론
114	AP.Sword.Name	889fbe4f8ca4a126	신성한 칼날
115	AP.SwordKnight.Name	76358ca85105705c	광휘의 기사
116	AP.Queen.Name	47cb08b529d45819	빛의 여왕
117	MobUI.UnknownName	2669e033a1213e64	알 수 없음
118	MobUI.UnknownZone	4addcc15074c3259	알 수 없는 지역
119	TMPRO.Text (TMP).-294466	51db4780cd4e5d71	일반
120	TMPRO.Text (TMP).-294446	ca0bf4efbca54893	희귀
121	TMPRO.Text (TMP).-294426	005725b48609c45e	보스
122	TMPRO.Text (TMP).-153356	02ca5904026e4337	중앙
123	TMPRO.CancelText.-155330	bb9dbb406dcbd524	취소
124	TMPRO.Bought.-2594122	ba5a31e2fcaaedfe	구매 완료
125	Perks.UnKnow	2669e033a1213e64	알 수 없음
126	Perks.Slot	434973fc5f122af5	아이템 하나를 장착할 수 있게 한다.
127	TMPRO.Text (TMP).-1528992	739215889580345e	예
128	TMPRO.Text (TMP).-1528906	1ea442a134b2a184	아니오
129	TMPRO.Text (TMP).-1535032	fe763b30eaedde0a	게임을 종료하면 마지막으로 지나온 가로등에서 다시 시작합니다. 그래도 나가시겠습니까?
130	TMPRO.Text (TMP).1184186	b61eda6f4b63d533	게임 시작
131	TMPRO.Text (TMP).1180322	c26982b1425da26a	튜토리얼
132	ZONEMAP.Descanso de los Heroes.HR23.586536	3dca56a952024185	거짓 기사의 지하묘#테라스
133	ZONEMAP.Descanso de los Heroes.HR22.588402	33be0e019c5f4622	거짓 기사의 지하묘#도서관
134	ZONEMAP.Descanso de los Heroes.HR21.590270	bfb95e646aea5f5f	거짓 기사의 지하묘#홀
135	ZONEMAP.Descanso de los Heroes.HR15.589018	1416541a151fe3b9	복수자들의 지하묘#홀
136	ZONEMAP.Descanso de los Heroes.HR14.591846	6334cf07cf37691a	복수자들의 지하묘#종탑
137	ZONEMAP.Descanso de los Heroes.HR13.593620	ac226e4ce763b575	복수자들의 지하묘#현수교
138	ZONEMAP.Descanso de los Heroes.HR12.588856	3482bb0e5e04ab5e	복수자들의 지하묘#도서관
139	ZONEMAP.Descanso de los Heroes.HR11.591402	7255b366de2e8657	복수자들의 지하묘#전방 탑
140	ZONEMAP.Descanso de los Heroes.HR24.594240	a63c64231bb625ab	거짓 기사의 지하묘#아치 회랑
141	ZONEMAP.La Forja.Nido del Fénix.593904	ec73b588b6a7950e	마그마 핵#불사조의 둥지
142	ZONEMAP.La Forja.Sector Sur.587152	fc3c81d6f6aea5ea	남쪽 구역#용광로 외곽
143	ZONEMAP.La Forja.Sector Norte.590060	6910e38df70fbc81	북쪽 구역#용광로 외곽
144	ZONEMAP.La Forja.Sala Principal.588036	32dd9dbcb8647492	대장간#주실
145	ZONEMAP.La Forja.Horno Sur.586072	c554aa3e5e0e9570	주조장#남쪽 용광로
146	ZONEMAP.La Forja.Horno Norte.586186	5a49d6883b7a05bc	주조장#북쪽 용광로
147	ZONEMAP.La Forja.Horno Oeste.588374	ee269bc882cc9117	주조장#서쪽 용광로
148	ZONEMAP.La Forja.Sector 4.587452	0f18e71d1b096fc6	증기실#남쪽 통로
149	ZONEMAP.La Forja.Sector 3.593416	3e1e6e8c27040494	옛 대장간#서쪽 통로
150	ZONEMAP.La Forja.Sector Sur.592660	00544bcf24505c8b	서쪽 구역#용광로 외곽
151	ZONEMAP.La Forja.Nexus.-1188412	482072760061fa59	옛 광산#폐광지
152	ZONEMAP.Descanso de los Heroes.HR25.591040	752eaa3446809d08	거짓 기사의 지하묘#무덤
153	ZONEMAP.Descanso de los Heroes.HR26.593914	4880408c21529b8e	거짓 기사의 지하묘#창의 정원
154	ZONEMAP.Descanso de los Heroes.HR41.586740	c9b9a8c2f083a87d	노스페라투의 지하묘#중앙실
155	ZONEMAP.Descanso de los Heroes.HRM3B.587626	5384901061fd8df5	중간 구역#어둠의 봉헌물
156	ZONEMAP.Descanso de los Heroes.HRM3A.593936	085596ef8b4815f3	내부 구역#연옥의 길
157	ZONEMAP.Descanso de los Heroes.HRM2B.594114	680c5d0f031b4091	중앙 광장#배수구
158	ZONEMAP.Descanso de los Heroes.HRM2A.594224	3b5fe95c0e530ff4	중앙 광장#장식 정원
159	ZONEMAP.Descanso de los Heroes.HRM1C.592406	9ecd458a61af3dd3	내부 구역#신앙의 길
160	ZONEMAP.Descanso de los Heroes.HRM1B.587872	8d28cc0224b340eb	중간 구역#빛의 봉헌물
161	ZONEMAP.Descanso de los Heroes.HRM1A.590088	2f534931eb74766a	외곽 구역#동쪽 입구
162	ZONEMAP.Descanso de los Heroes.HRU2.588388	1decd2330b3132bf	지하 회랑#서쪽 수문
163	ZONEMAP.Descanso de los Heroes.HRU1.591942	c957e9105f3e778f	지하 회랑#동쪽 수문
164	ZONEMAP.Descanso de los Heroes.HRS2.588640	52de5c5551c77983	옛 카타콤#남쪽 배수구
165	ZONEMAP.Descanso de los Heroes.HRS1.589300	2a29c6b18e0cedba	옛 카타콤#북쪽 배수구
166	ZONEMAP.Descanso de los Heroes.HR72.589754	f4e2258d0b8b9d2c	참회자의 지하묘#테라스
167	ZONEMAP.Descanso de los Heroes.HR73.589126	a711ed1082799d39	참회자의 지하묘#비밀 도서관
168	ZONEMAP.Descanso de los Heroes.HR71.593408	92ea865712933f62	참회자의 지하묘#측면 복도
169	ZONEMAP.Descanso de los Heroes.HR6.591928	566e5f39f0918cb7	오르간실#밤의 교향곡 극장
170	ZONEMAP.Descanso de los Heroes.HR5.586772	36cb978da3dd9ab1	시체 보관소#수집품
171	ZONEMAP.Descanso de los Heroes.HR44.592312	5e791d270ca3d216	노스페라투의 지하묘#구불구불한 통로
172	ZONEMAP.Descanso de los Heroes.HR43.593204	b0cd970554afb9d1	노스페라투의 지하묘#숨겨진 판테온
173	ZONEMAP.Descanso de los Heroes.HR42.593436	bc33ac372b77f7a5	노스페라투의 지하묘#상부 회랑
174	ZONEMAP.Descanso de los Heroes.Bell Zone.-846656	e934e9821fdad1b6	대성당#종탑
175	ZONEMAP.Descanso de los Heroes.Caracombs.-1008822	444a8ab589b26593	카타콤#패배한 신의 거처
176	ZONEMAP.Descanso de los Heroes.Nexus.-1069924	ab23770e626f4bd2	지하 통로#갈림길
177	ZONEMAP.Descanso de los Heroes.Church.-419148	eae4254c9f2b148b	교회#순환의 성소
178	ZONEMAP.La Forja.Sector 2.588700	b73fc94559670ad1	정비실#측면 창고
179	ZONEMAP.La Forja.Sector 1.593796	d9a6ac8b7b070bee	강철 터널#북쪽 통로
180	ZONEMAP.La Forja.Entrada.587820	a2661549c59e097a	용암 동굴#외부 대문
181	ZONEMAP.Ascension Cave.Cave 21.592664	ed9e3eaff7110db6	심층 터널#들끓는 균열
182	ZONEMAP.Ascension Cave.Cave 20.594036	d2b1c04023dd9a4e	심층 터널#워모록의 둥지
183	ZONEMAP.Ascension Cave.Cave 19.587742	f5a680e97247a930	심층 터널#선로 끝
184	ZONEMAP.Ascension Cave.Cave 18a.2622362	26d45194c76e1b9a	폐광#상부 레일 교차점
185	ZONEMAP.Ascension Cave.Cave 18b.2615780	3e7305f8aff02500	폐광#하부 레일 교차점
186	ZONEMAP.Ascension Cave.Cave 17.591818	6c7ec841ed7e922f	심층 터널#보물의 방
187	ZONEMAP.Ascension Cave.Cave 16.593660	3361ccd6c3ec062f	심층 터널#옛 마을
188	ZONEMAP.Ascension Cave.Cave 15.520646	2a7123c2c5a9028d	심층 터널#잔해 회랑
189	ZONEMAP.Ascension Cave.Cave 14.590426	2d63019ad8706758	중앙 터널#조화의 숲
190	ZONEMAP.Ascension Cave.Cave 13.593902	b20675d83ad78cf2	고블린 광산#주 채굴지
191	ZONEMAP.Ascension Cave.Cave 12.590578	9200d524ef6be381	고블린 광산#수정 광맥
192	ZONEMAP.Ascension Cave.Cave 11.586140	ed9cc0df4d6c1908	고블린 광산#노역장
193	ZONEMAP.Ascension Cave.Cave 10.590698	d6ebad6778ea7049	고블린 광산#변경 갱도
194	ZONEMAP.Ascension Cave.Cave 9.588258	fdbabce821e1b5c5	고블린 마을#조보의 거처
195	ZONEMAP.Ascension Cave.Cave 8.593292	c1c74ad9396c3f46	고블린 광산#발굴지
196	ZONEMAP.Ascension Cave.Cave 7.586634	6601adba6076c4f3	상부 터널#세노테
197	ZONEMAP.Ascension Cave.Cave 6.586234	0f95101fee8dc6de	중앙 터널#강의 교차점
198	ZONEMAP.Ascension Cave.Cave 5.588166	dd9dbb037bccfacc	상부 터널#지하 미궁
199	ZONEMAP.Ascension Cave.Cave 4.586102	08a0c1cc3ba73819	상부 터널#횡단 하강로
200	ZONEMAP.Ascension Cave.Cave 3.592816	44618c136cde0de6	상부 터널#폭포
201	ZONEMAP.Ascension Cave.Cave 2.590324	e2107097e988f66e	상부 터널#구불구불한 동굴
202	ZONEMAP.Ascension Cave.Cave 1.588616	1edd3359770a8ed0	상부 터널#기존 통로
203	ZONEMAP.Ascension Cave.Cave 0.-1424256	fee73e7d95b302f3	상부 터널#보조 통로
204	ZONEMAP.Descanso de los Heroes.HRM3C.593200	2bd7032ab31a618a	외곽 구역#서쪽 입구
205	ZONEMAP.Transition Zone.AC-FG.591662	7bc1c30e6b8d4464	중앙 터널#마그마 경계
206	ZONEMAP.Transition Zone.HR-AC-LT.587728	dbc58ca45acbf971	길의 교차점#동부 초원
207	ZONEMAP.Torre de la Luz.LT3C.4669126	f0379182031a898e	승천으로 가는 길#하늘로 가는 출구
208	ZONEMAP.Torre de la Luz.LT3B.588618	a3be9962943d6510	승천으로 가는 길#신성한 길
209	ZONEMAP.Torre de la Luz.LT3A.587870	057cb89ddf2f1405	승천으로 가는 길#빛의 결정
210	ZONEMAP.Torre de la Luz.LT2Throne.589766	511fac05c52a4a02	측실#상부 명상실
211	ZONEMAP.Torre de la Luz.LT2Up.588690	77a3b2ca06505a53	측실#탑의 전당
212	ZONEMAP.Torre de la Luz.LT2Down.592684	037fdcc0d7b367bb	측실#여왕의 전당
213	ZONEMAP.Torre de la Luz.LT2C.587968	e57979ce364a387c	상부 구간#제2 방열기
214	ZONEMAP.Torre de la Luz.LT2B.590346	bdb6d2eb8c87bdf8	상부 구간#교차점
215	ZONEMAP.Torre de la Luz.LT2A.593092	1354f945d1028a52	상부 구간#증폭기 I
216	ZONEMAP.Torre de la Luz.LT1Throne.590956	72df7527a177dd97	측실#하부 명상실
217	ZONEMAP.Torre de la Luz.LT1Left.588622	e074642e59996503	측실#비숍의 전당
218	ZONEMAP.Torre de la Luz.LT1C.588668	2f688c7011ded117	하부 구간#제1 방열기
219	ZONEMAP.Torre de la Luz.LT1B.590072	2406ac0517444eb0	하부 구간#교차점
220	ZONEMAP.Torre de la Luz.LT1A.592388	303a1e401db117f5	하부 구간#탑 기단
221	ZONEMAP.Torre de la Luz.Queen Soul Room.-479718	6b1afb8faad2405a	지성소#빛의 감옥
222	ZONEMAP.Torre de la Luz.Boss Room.-511624	bcb32a3fd4d00954	정상#하늘의 문
223	ZONEMAP.Cuna de la Luz.Main.588024	9215366a41a75198	에너지 결정#지상
224	ZONEMAP.Cuna de la Luz.Cave 2.587354	8cd2708798d3ed9b	북동쪽 공동#수정 군집
225	ZONEMAP.Cuna de la Luz.Sala de Control.586818	f2087a9014a1fcfc	에너지 결정#빛의 핵
226	ZONEMAP.Cuna de la Luz.Cave 4.588652	0f62e0ae9ffd2993	에너지 결정#기저부
227	ZONEMAP.Cuna de la Luz.Cave 3.587282	56d55705526ea729	남동쪽 공동#추출 지점
228	ZONEMAP.Cuna de la Luz.Cave 1.593056	41abedcda1dcf528	서쪽 공동#보조 노드
229	ZONEMAP.Sistema de Railes TAL.Estacion.-113780	28deacdbb73b6bd5	TAL 레일 시스템#동쪽 역
230	ZONEMAP.Descanso de los Heroes.Estancias de Garibaldi.587604	06183eff3495366f	영웅들의 회당#대전당
231	ZONEMAP.Poblado Goblin.Coliseo.-1183862	9de089e0506a104b	고블린 마을#콜로세움
232	SAY.Flowchart.1.Phoenix	a62124ae766f8e8b	또다시 나를 이기시는군요, 어둠의 왕이여. 내 힘을 가져가시고... 나도 왕께 고개를 숙여요.
233	SAY.Flowchart.4.Phoenix	69e83f8c06776de5	왕께 형벌인 것이 제게는 선물이에요. 저는 잿더미에서 다시 태어나고, 우리는 다시 만나게 될 거예요...
234	SAY.Flowchart.5.TheKingOfDarkness-FG-Boss	28b5d2dcb7861f9b	언제나 훌륭한 적수임을 증명해 왔지.
235	SAY.Flowchart.6.TheKingOfDarkness-FG-Boss	9d9242f447c3a94b	다음번에는 다를지도 모르지...
236	TMPRO.Text (TMP).-23510	23acf1138c731b32	임무
239	TMPRO.Text (TMP).-23382	9ab4e0644578ae5e	비밀
240	TMPRO.Text (TMP).-23354	3b695850bceeb43a	보물
241	TMPRO.Text (TMP).-23326	3af6f93c87475d1f	재화
243	TMPRO.Text (TMP).-23270	fb462ed73f00bf6a	왕좌
244	TMPRO.Text (TMP).-23214	348ce87615f9e7b3	문 열기
245	TMPRO.Text (TMP).-23186	0ad69c6c79b34d57	문
246	TMPRO.Text (TMP).-23158	40691b5888b9e9ff	플레이어
247	TMPRO.Text (TMP) (1).-22938	40ebb94aa54b1a03	수집품
248	TMPRO.Text (TMP).-22928	ae011b6f484ea621	지도
252	TMPRO.Text (TMP).-22768	bd62e781ec4eafb8	뒤로
253	TMPRO.Text (TMP).5317450	bd62e781ec4eafb8	뒤로
254	TMPRO.Text (TMP).5334312	bd62e781ec4eafb8	뒤로
255	TMPRO.Text (TMP).-22748	e34d74b9f5cfa952	임무
256	TMPRO.Text (TMP).-22700	9ab4e0644578ae5e	비밀
257	TMPRO.Text (TMP).-22672	3b695850bceeb43a	보물
258	TMPRO.Text (TMP).-22644	3af6f93c87475d1f	재화
260	TMPRO.Text (TMP).-22588	fb462ed73f00bf6a	왕좌
261	TMPRO.Text (TMP).-22532	348ce87615f9e7b3	문 열기
262	TMPRO.Text (TMP).-22504	0ad69c6c79b34d57	문
263	TMPRO.Text (TMP).-22476	40691b5888b9e9ff	플레이어
264	TMPRO.Text (TMP).-22380	b517df9a33d92b6b	스크롤
265	TMPRO.Text (TMP).-22294	2e58ab21fd299896	보석
266	TMPRO.Text (TMP).-22226	2ff0dec0bc12f5c2	상호작용
267	TMPRO.Text (TMP).-118306	2ff0dec0bc12f5c2	상호작용
269	TMPRO.Text (TMP).-22158	bd62e781ec4eafb8	뒤로
270	TMPRO.Text (TMP).5307406	bd62e781ec4eafb8	뒤로
271	TMPRO.Text.-22106	6fd6a280c9ac87e9	#0#개 남음
274	TMPRO.Text (TMP) (1).-21992	ae011b6f484ea621	지도
275	TMPRO.Text (TMP).-21982	91858db92839a3f2	진행도
276	TMPRO.Text (TMP).-21914	9ab4e0644578ae5e	비밀
277	TMPRO.Text (TMP).-21886	3b695850bceeb43a	보물
278	TMPRO.Text (TMP).-21858	3af6f93c87475d1f	재화
280	TMPRO.Text (TMP).-21802	fb462ed73f00bf6a	왕좌
281	TMPRO.Text (TMP).-21746	348ce87615f9e7b3	문 열기
282	TMPRO.Text (TMP).-21718	0ad69c6c79b34d57	문
283	TMPRO.Text (TMP).-21690	40691b5888b9e9ff	플레이어
284	TMPRO.Text.-21636	cc778de3cfb00a2d	#0#개 사용 중
286	TMPRO.Text (TMP).-21570	b842a849cdda253c	확대/축소
287	TMPRO.Text (TMP).5775248	b842a849cdda253c	확대/축소
288	TMPRO.Text (TMP).-21518	492f9fde9ec13acd	이동
289	TMPRO.Text (TMP).5333246	492f9fde9ec13acd	이동
290	TMPRO.Text (TMP).-13794	b842a849cdda253c	확대/축소
291	TMPRO.Text (TMP).-13760	492f9fde9ec13acd	이동
292	TMPRO.Text (TMP).5327980	492f9fde9ec13acd	이동
293	TMPRO.Text (TMP) (10).-13726	0eb08db63aa5f21e	승천의 동굴
294	TMPRO.Text (TMP) (10).-13692	56c5347127f17f13	구슬의 신전
295	TMPRO.Text (TMP) (1).-13658	377e3468f2bb5995	저주받은 자들의 구덩이
296	TMPRO.Text (TMP) (11).-13624	4f7926f69e803322	대장간
297	TMPRO.Text (TMP) (10).-13590	58e477e0ab10ddaf	빛의 탑
298	TMPRO.Text (TMP) (9).-13556	e4c717dc6e50b392	빛의 요람
299	TMPRO.Text (TMP) (8).-13522	c7a49f414cbb3d7d	영묘
300	TMPRO.Text (TMP) (7).-13488	bbc869ef73c8c711	영웅의 안식처
301	TMPRO.Text (TMP) (6).-13454	9a33805e617de323	아이테르나 궁전
302	TMPRO.Text (TMP) (5).-13420	e978f7b76f9b81a4	스러진 자들의 황야
303	TMPRO.Text (TMP) (4).-13386	13e1565a8a6cbfb6	해저 요새
304	TMPRO.Text (TMP) (3).-13352	78e4f2c2313a6990	무한의 바다
305	TMPRO.Text (TMP) (2).-13318	25fbdb5d392060b7	심연
306	TMPRO.Text (TMP) (1).-13284	7b5a6c44018f15c7	세상의 끝
307	TMPRO.Text (TMP).-13250	168ae35c7276ff55	코스모스
309	TMPRO.Text (TMP).-9092	a1447b129b79461e	특성
313	TMPRO.Text (TMP).-8932	bd62e781ec4eafb8	뒤로
314	TMPRO.SceneText (TMP).-8912	fb0622e847050b21	동굴 1
315	TMPRO.ZoneText (TMP).-8902	56beee3716cdff09	승천의 동굴
316	TMPRO.Text (TMP).-8844	9ab4e0644578ae5e	비밀
317	TMPRO.Text (TMP).-8816	3b695850bceeb43a	보물
318	TMPRO.Text (TMP).-8788	3af6f93c87475d1f	재화
320	TMPRO.Text (TMP).-8732	fb462ed73f00bf6a	왕좌
321	TMPRO.Text (TMP).-8676	8d04ce652c0e0fdf	열림
322	TMPRO.Text (TMP).-8648	924d48bdab01d434	닫힘
323	TMPRO.Text (TMP).-8620	40691b5888b9e9ff	플레이어
326	TMPRO.Text (TMP).-8390	b842a849cdda253c	확대/축소
328	TMPRO.Text (TMP).-8322	2c07979045a89780	범례
329	TMPRO.LegendProgress.-1051650	2c07979045a89780	범례
330	TMPRO.LegendGems.1270016	2c07979045a89780	범례
331	TMPRO.Text (TMP).-8270	492f9fde9ec13acd	이동
332	TMPRO.Text (TMP) (1).-8236	a1447b129b79461e	특성
333	TMPRO.Text (TMP).-8224	2e7c2f5d5c9259cc	임무
334	TMPRO.Text (TMP).-8082	93fffbf7ce799f33	나가기
335	TMPRO.Text (TMP).-118238	93fffbf7ce799f33	나가기
336	TMPRO.Text (TMP).-7990	81db3b5709d0ba95	설정
337	TMPRO.Text (TMP).-1538666	81db3b5709d0ba95	설정
338	TMPRO.Text (TMP).-7874	63e2bbaf1c924391	이어하기
339	TMPRO.Adquired.-3030816	a3c209fcf492e853	장착
340	TMPRO.Text (TMP).-3015986	2e7c2f5d5c9259cc	임무
341	TMPRO.Text (TMP) (1).-3015996	91858db92839a3f2	진행도
342	TMPRO.Text (TMP).-3016232	40ebb94aa54b1a03	수집품
343	TMPRO.Text (TMP).-3644996	421dae3bc024b210	주요
344	TMPRO.Text (TMP).-3645024	03774eb3fb33132e	보조
345	TMPRO.Text (TMP).532500	a5ce935500e7f409	완료
346	MENU.Flowchart.6	858f4ad5f0863027	사용한다
347	MENU.Flowchart.8	9f66cb317cb82d57	사용하지 않는다
348	SAY.Flowchart.44.The King of the Darkness	b50c06db2977aa10	이 엘리베이터로 대장간을 빠르게 오갈 수 있겠군
349	MENU.Flowchart.38	1476ab614e549742	북쪽 용광로
350	MENU.Flowchart.40	02fdcdff06469c5e	남쪽 용광로
351	MENU.Flowchart.39	03c5a4d0210ccd80	서쪽 용광로
352	MENU.Flowchart.45	93fffbf7ce799f33	나가기
353	SAY.Flowchart.59.TheKingOfDarknessMainForge	deab54871c4c9268	작동하지 않는 것 같군...
354	SAY.Flowchart.25.Blacksmith	a609eaf73818b729	그를... 그를 죽였군요.
355	SAY.Flowchart.29.Blacksmith	b8a470ad298a2783	머릿속에서 들리던 그 목소리... 정말 괴로웠어요.
356	SAY.Flowchart.28.Blacksmith	14fe1bf7f89a633e	왜 그런 일을 한 거예요?
357	SAY.Flowchart.42.TheKingOfDarknessMainForge	42750f0e23a11f8b	네 딸이 부탁해서 한 일이지만, 사실은 그 힘이 필요해서 죽였다.
358	SAY.Flowchart.30.TheKingOfDarknessMainForge	61fc96c8d5f9a6f1	내가 구해 줬다고 떠벌리고 다닐 생각은 하지 마라. 지켜야 할 평판이 있으니까.
359	SAY.Flowchart.27.Blacksmith	afee1b39cf22e833	고마워요, 낯선 이여. 이걸 받으세요.
360	SAY.Flowchart.31.Blacksmith	32bc9c80344328b5	이 광신도들에게 납치되기 전에 딸에게 줄 이 부적을 만들었어요.
361	SAY.Flowchart.33.Blacksmith	b95a7600519a372b	이걸 딸에게 가져가서 제가 죽었다고 말해 주세요. 그러지 않으면 딸은 평생 저를 찾아다닐 거예요. 절 구하려는 걸 절대 포기하지 않을 테니까요.
362	SAY.Flowchart.34.Blacksmith	683d85ce2cde3d71	불사조는 언젠가 다시 태어나고, 악몽은 다시 시작될 거예요...
363	SAY.Flowchart.37.TheKingOfDarknessMainForge	b2d20e5456ada1a3	네 딸이 네가 신비한 재료를 다루고 있다고 하더군.
364	SAY.Flowchart.35.Blacksmith	33a130d534c2d3fd	맞아요, 그래서 여기까지 왔어요. 오랫동안 그 일에 집착했죠.
365	SAY.Flowchart.32.Blacksmith	aa8d1f3fd6f2c9d2	하지만 그 재료는 문제만 일으켰어요. 이제는 더 이상 엮이고 싶지 않아요.
366	SAY.Flowchart.38.Blacksmith	7c3ee93c3785cc74	관심이 있다면, 제 딸이 그게 어디 있는지 알려 줄 거예요.
367	SAY.Flowchart.39.TheKingOfDarknessMainForge	5b953b8932c18850	계속 고집을 부린다면... 그 애와 이야기하겠다.
368	SAY.Flowchart.36.Blacksmith	bc981b8a7ff0d172	고마워요... 그리고, 제발...
369	SAY.Flowchart.24.TheKingOfDarknessMainForge	bf535f354eb89dad	약속하지.
370	SAY.Flowchart.190.TheKingOfDarkness-Remember-Key	3a6b036546e94e45	이 엘리베이터로 대장간을 빠르게 오갈 수 있겠군.
371	SAY.Flowchart.14.TheKingOfDarknessMainForge	822cffb7b3008dc0	그 {b}{color=#9523d8}명장{/color}{/b}을 찾아, 아직 제정신이라면 나를 위해 무기를 만들어 달라고 설득할 수 있을지도 모르겠군.
372	SAY.Flowchart.13.TheKingOfDarknessMainForge	72b8ca9e06455ded	이런, 그 애가 준 재료는 어둠의 조각이었군.
373	SAY.Flowchart.7.BlacksmithDaughter	d8fcf4821b258c42	저를 도와주러 오실 줄 알았어요!
374	SAY.Flowchart.105.The King of the Darkness	d479ab173b61be73	그렇게 서두르지 마라... 난 그저 오랜 친구와 이야기하러 왔을 뿐이다.
375	SAY.Flowchart.22.BlacksmithDaughter	4843bed1ddd51ba6	하지만... 저 혼자서는 아버지를 구할 수 없어요...
376	SAY.Flowchart.60.BlacksmithDaughter	67996e4d0e216cac	광신도들이 저를 죽이거나 자기들 중 하나로 만들어 버릴 거예요.
377	SAY.Flowchart.100.The King of the Darkness	ff75e8643023df8a	생각해 보니... 그러면 네 아버지와 함께 있을 수 있겠군.
378	SAY.Flowchart.28.BlacksmithDaughter	4df0eb16e20ef0c2	그런 말씀 하지 마세요! 도와주셔야 해요, 아버지를 여기서 구해 내야 해요!
379	SAY.Flowchart.58.BlacksmithDaughter	62ff1a6d8621395c	그들의 우두머리를 죽여야 해요. 그래야 아버지가 정신을 되찾을 수 있어요.
380	SAY.Flowchart.96.BlacksmithDaughter	35624e8dce7b25bf	하지만 먼저 대장간을 지탱하는 {b}{color=#9523d8}세 개의 용광로를 꺼야{/color}{/b} 해요.
381	SAY.Flowchart.29.The King of the Darkness	54e2049b59d3abc5	작동 방식은 안다. 이곳에 오는 게 처음도 아니고.
382	SAY.Flowchart.81.The King of the Darkness	cbca0e1614327c45	그래도 그 정보는 쉽게 얻을 수 있는 게 아니다... 그걸 어떻게 알아냈지?
383	SAY.Flowchart.30.BlacksmithDaughter	1c5caceafa64b999	그건 아버지의 집착이었어요. 아버지는 가공할 수 없었던 신비한 재료를 발견하셨어요.
384	SAY.Flowchart.59.BlacksmithDaughter	16e58ee95d880ed7	대장간은 우리 마을의 전설이고, 그곳 용광로의 힘은 대대로 전해져 내려왔어요.
385	SAY.Flowchart.68.BlacksmithDaughter	ed60d7044d2c3b93	아버지는 안으로 들어가려 하셨지만, 붙잡히셨어요...
386	SAY.Flowchart.97.BlacksmithDaughter	4802f8a880264777	도와주셔야 해요. 그 재료가 아무리 귀해도 사람의 목숨보다 귀할 수는 없어요.
387	SAY.Flowchart.31.The King of the Darkness	1aee01546cb11d6f	뭐... 재료와 사람에 따라 다르지.
388	SAY.Flowchart.32.BlacksmithDaughter	b41742de4443fe32	제발 부탁드려요! 그곳에 들어가서 아버지를 구해 주세요.
389	SAY.Flowchart.61.BlacksmithDaughter	d6cefae21ab6e4bc	무엇을 찾으시든, 그들의 우두머리와 맞서야 할 거라고 확신해요.
390	SAY.Flowchart.33.The King of the Darkness	d9ad6411280fcc63	두고 보자... 하지만 너무 기대하지는 마라.
391	SAY.Flowchart.48.BlacksmithDaughter	4c7eea70151463cd	돌아오셨군요! 오실 줄 알았...
392	SAY.Flowchart.62.BlacksmithDaughter	0f5956a27b341084	잠깐만요, 아버지는 어디 계세요?
393	SAY.Flowchart.90.The King of the Darkness	70f7178665f73e1a	네 아버지는 죽었다.
394	SAY.Flowchart.52.BlacksmithDaughter	8ae89c4be0611722	뭐라고요!? 그럴 리 없어요...
395	SAY.Flowchart.49.The King of the Darkness	1d82e4a771509f73	우두머리를 죽이자 광신도들도 함께 불타 버렸지. 미안하다.
396	SAY.Flowchart.91.The King of the Darkness	00884447b81bed67	잠시 그와 이야기를 나눴다. 사라지기 전에 네게 전해 달라며 이걸 내게 주더군.
397	SAY.Flowchart.92.The King of the Darkness	16149e7c04bd75d0	대장간을 찾아 떠나기 전에 이걸 벼렸지... 하지만 네게 줄 기회는 없었군.
398	SAY.Flowchart.50.BlacksmithDaughter	dcc59d650aa42aad	아버지...
399	SAY.Flowchart.93.BlacksmithDaughter	c17b7e3f9c4a219a	고마워요... 적어도 이제는 편히 쉬실 수 있겠죠...
400	SAY.Flowchart.53.The King of the Darkness	60d26d682b5302be	전에 말하던 그 신비한 재료를 어디서 찾을지 네가 안다고도 하더군.
401	SAY.Flowchart.94.The King of the Darkness	8bd82de949117e67	이제 그에게는 필요 없을 것 같군...
402	SAY.Flowchart.54.BlacksmithDaughter	ab5df625bc76dbd4	...
403	SAY.Flowchart.64.BlacksmithDaughter	0dd4c863d6a0d030	여기 있어요. 아버지가 가장 아끼던 물건이지만, 분명 저주받았어요.
404	SAY.Flowchart.65.BlacksmithDaughter	6b94ead0f0584c32	원하시면 가지세요... 그래도 그 재료로는 아무것도 못 하실 거예요.
405	SAY.Flowchart.95.BlacksmithDaughter	5817f50a7f8c83c4	오직 {b}{color=#9523d8}진정한 명장{/color}{/b}만이 그 재료를 가공할 수 있을 거예요...
406	SAY.Flowchart.55.The King of the Darkness	c6aa6bb95053a7c5	날 걱정할 필요 없다. 이걸 어떻게 다룰지는 알고 있으니까.
407	SAY.Flowchart.66.The King of the Darkness	d621b87687ddc3bf	이제 집으로 돌아가 네 아버지를 애도해라.
408	SAY.Flowchart.75.BlacksmithDaughter	c08f0533769717f0	제발 아버지를 찾아 주세요.
409	SAY.Flowchart.77.BlacksmithDaughter	1b060671d837992a	거기 서 있지 말고, 도와주세요!
410	SAY.Flowchart.79.BlacksmithDaughter	214b61a6fe7c8e75	들어가서 아버지를 구해 주세요, 제발 부탁드려요.
411	TMPRO.Text (TMP).1283364	93fffbf7ce799f33	나가기
412	TMPRO.Text (TMP).xxxxx	d23f9f92a9e2dc00	화면에 이 기호가 나타날 때마다 게임이 저장됩니다.
413	TMPRO.Texto1.2850630	52af3b051f7e6901	축하합니다
414	TMPRO.Texto2.2855192	2cf7f799d7c24751	Aeterna Noctis 데모를 완료했습니다
415	TMPRO.Texto3.2859122	a288fd84897aac91	이 저장 데이터를 다시 불러와 아이테르나의 모든 비밀을 찾아보세요.
416	TMPRO.Texto4.2858114	4688cb8ec3eb5e83	플레이해 주셔서 감사합니다
417	TMPRO.Texto5.2851702	9c653637ec5e8229	저희만큼 즐거우셨길 바랍니다
418	TMPRO.Texto6.2856948	9025ae42fceb18cb	출시: 2021년 12월
419	TMPRO.TextoPressButton.2030736	88ac81ddf3628439	아무 버튼이나 눌러 나가기
420	TMPRO.Text (TMP).3619130	1ea442a134b2a184	아니오
421	TMPRO.Text (TMP).3612424	739215889580345e	예
422	TMPRO.ToolTipPerks.3619100	507a7b815c18d33e	스킬 트리를 초기화할까요?
423	TMPRO.Text (TMP).1076526	d50a3d4468356132	초기화
424	TMPRO.Text (TMP).3618812	72a1f3e10c23327d	초기화
425	ZONEMAP.Paramo de los Caidos.WAWestTower6.-858406	e0e0e87e9d603fc2	서쪽 성벽#6층
426	ZONEMAP.Paramo de los Caidos.WAWestTower5.-858370	760ecf7529e7a46f	서쪽 성벽#5층
427	ZONEMAP.Paramo de los Caidos.WAWestTower4.-858326	8e8c446ec6435b9a	서쪽 성벽#4층
428	ZONEMAP.Paramo de los Caidos.WAWestTower3.-858294	ceca9ed0b5ea4260	서쪽 성벽#3층
429	ZONEMAP.Paramo de los Caidos.WAWestTower2.-858250	4072cb7d2cade3d8	서쪽 성벽#2층
430	ZONEMAP.Paramo de los Caidos.WAWestTower1.-858218	50a769ab8526fd2d	서쪽 성벽#1층
431	ZONEMAP.Paramo de los Caidos.WAWest3C.-858154	19eeb78233a4fdb4	서쪽 길#뼈 무더기
432	ZONEMAP.Paramo de los Caidos.WAWest3B.-858118	ff70d94ad272dfe8	서쪽 길#바위 첨탑
433	ZONEMAP.Paramo de los Caidos.WAWest3A.-858074	ba3638ba1f85deb0	서쪽 길#성벽 측면
434	ZONEMAP.Paramo de los Caidos.WAWest2C.-857992	effcd6b818e4fa49	서쪽 길#재의 절벽
435	ZONEMAP.Paramo de los Caidos.WAWest2B.-857948	ceb2982e462b0521	서쪽 길#단죄의 길
436	ZONEMAP.Paramo de los Caidos.WAWest2A.-857912	f89da796a4103837	서쪽 길#험준한 길
437	ZONEMAP.Paramo de los Caidos.WAWest1C.-857824	0d18e34ec8dff887	서쪽 길#밤의 길
438	ZONEMAP.Paramo de los Caidos.WAWest1B.-857788	21c96e10e9348e6d	서쪽 길#모래 언덕 바다
439	ZONEMAP.Paramo de los Caidos.WAWest1A.-857744	41b8d1a44f29ff8d	서쪽 길#빈 비탈
440	ZONEMAP.Paramo de los Caidos.WATown.-857712	bd61c1b69acd586c	굶주린 도시#왕들의 제단
441	ZONEMAP.Paramo de los Caidos.WASecret4.-857648	bd42ccca3b933f13	동굴#깊숙한 곳
442	ZONEMAP.Paramo de los Caidos.WASecret3.-857612	0231c59e389fdc72	동굴#잊힌 성소
443	ZONEMAP.Paramo de los Caidos.WASecret2.-857568	5de95d907c87beec	금지 구역#집단 매장지
444	ZONEMAP.Paramo de los Caidos.WASecret1.-857532	ee57810d9c09f16d	민병대 은신처#옛 창고
445	ZONEMAP.Paramo de los Caidos.WAEastTower6.-857464	257abaa493d54333	동쪽 성벽#1층
446	ZONEMAP.Paramo de los Caidos.WAEastTower5.-857428	0408128f7699df63	동쪽 성벽#2층
447	ZONEMAP.Paramo de los Caidos.WAEastTower4.-857384	6b5d939a390e7df0	동쪽 성벽#3층
448	ZONEMAP.Paramo de los Caidos.WAEastTower3.-857348	46492cc9788cd10d	동쪽 성벽#4층
449	ZONEMAP.Paramo de los Caidos.WAEastTower2.-857214	095d5023949b9558	동쪽 성벽#5층
450	ZONEMAP.Paramo de los Caidos.WAEastTower1.-857178	b424a5140ce9a1c9	동쪽 성벽#6층
451	ZONEMAP.Paramo de los Caidos.WAEast3.-857134	c0e5790812c52907	동쪽 길#성벽 측면
452	ZONEMAP.Paramo de los Caidos.WAEast2B.-857098	69221e04d049f8cc	동쪽 길#탄식의 둥지
453	ZONEMAP.Paramo de los Caidos.WAEast2A.-857058	50916f6b25cf2891	동쪽 길#영혼의 길
454	ZONEMAP.Paramo de los Caidos.WAEast1B.-856858	fa03513ae767836c	동쪽 길#어두운 오솔길
455	ZONEMAP.Paramo de los Caidos.WAEast1A.-853686	c6663b7ddd3143dc	동쪽 길#눈물의 대로
456	ZONEMAP.Templo de los Reyes.Sala X.-413610	67eee5061bb5409e	왕들의 시련#X
457	ZONEMAP.Templo de los Reyes.Sala IX.-413482	800c548803a30e79	왕들의 시련#IX
458	ZONEMAP.Templo de los Reyes.Sala VIII.-413344	844e3e8e36fcf55e	왕들의 시련#VIII
459	ZONEMAP.Templo de los Reyes.Sala VII.-413258	881cf778438accf9	왕들의 시련#VII
460	ZONEMAP.Templo de los Reyes.Sala VI.-413204	53dc7b5eae3334ea	왕들의 시련#VI
461	ZONEMAP.Templo de los Reyes.Sala V.-413118	97e3ef85fb315386	왕들의 시련#V
462	ZONEMAP.Templo de los Reyes.Sala IV.-413064	92c78aa79ff29e7a	왕들의 시련#IV
463	ZONEMAP.Templo de los Reyes.Sala III.-412978	5e7e412c6a00217d	왕들의 시련#III
464	ZONEMAP.Templo de los Reyes.Sala II.-412580	adf2bc330eac468b	왕들의 시련#II
465	ZONEMAP.Templo de los Reyes.Sala I.-412450	c5de4529c4c95c69	왕들의 시련#I
466	ZONEMAP.Templo de los Reyes.Entrada.-412220	3f0a64533774df19	왕들의 신전#외부
467	ZONEMAP.Templo de los Reyes.Sala Principal.-410930	d2794a3ac4f504f8	왕들의 시련#중앙실
468	ZONEMAP.Mausoleum.Entrance.-675756	9c9c6a96dc7f1acf	영원의 평원#황제의 길
469	ZONEMAP.Mausoleum.Main.-1491100	268cf137eee702a0	황제의 영묘#성묘
470	ZONEMAP.Mausoleum.Room 1.-3602512	1dd54e3abf7558d1	황제의 봉인#I
471	ZONEMAP.Mausoleum.Room 2.-3476634	773bba1ca570258a	황제의 봉인#II
472	ZONEMAP.Mausoleum.Room 3.5583776	7207748f770d1285	황제의 봉인#III
473	ZONEMAP.Mausoleum.Room 4.-3272678	a9ec4d8085b2d752	황제의 봉인#IV
474	ZONEMAP.Undersea Fortress.D1.535770	0ffdc2e26dbc8687	D 갑판#하부 매트릭스
475	ZONEMAP.Undersea Fortress.D2.535746	eec0e9ab16c9a0fe	D 갑판#하부 방열기
476	ZONEMAP.Undersea Fortress.D3.535722	565cfa16736e257d	D 갑판#냉각실
477	ZONEMAP.Undersea Fortress.C1.551552	f9f5e3c2d70bc4cf	C 갑판#중간 매트릭스
478	ZONEMAP.Undersea Fortress.C2.551528	4524652cda5493f8	C 갑판#자기 제어
479	ZONEMAP.Undersea Fortress.C3.551504	951a26f8355a52ea	C 갑판#기동 구역
480	ZONEMAP.Undersea Fortress.B1A.551480	a419de2e3ebac431	B 갑판#상부 매트릭스
481	ZONEMAP.Undersea Fortress.B1B.551456	d639b2edf91040a7	B 갑판#주요 노드
482	ZONEMAP.Undersea Fortress.B1C.551432	6c213b21fc67a632	B 갑판#릴레이
483	ZONEMAP.Undersea Fortress.B2.551408	1e210615753ebd3d	B 갑판#주 콘덴서
484	ZONEMAP.Undersea Fortress.B3.551384	9e19975fba1fe8cd	B 갑판#메모리 디스크
485	ZONEMAP.Undersea Fortress.B4A.551360	84ee34ff1a3bbc6a	B 갑판#교류 발전기
486	ZONEMAP.Undersea Fortress.B4B.551336	53e525f15914b44b	B 갑판#중간 방열기
487	ZONEMAP.Undersea Fortress.B4C.551312	c529b5240625957a	B 갑판#다이오드
488	ZONEMAP.Undersea Fortress.B5.551288	ac24529619d2625e	B 갑판#폐기물 처리장
489	ZONEMAP.Undersea Fortress.A1.551264	dc647e32114d49db	A 갑판#실험실
490	ZONEMAP.Undersea Fortress.Boss Room.551240	e9f7a6c11c1de01c	주모자#중추
491	ZONEMAP.Undersea Fortress.Station.-725434	8801a5ea6e5ed2a7	외부 장갑#진입 항구
492	ZONEMAP.Undersea Fortress.Bunker.-227492	3ed5ed14bfafeb02	벙커#저장 장치
493	ZONEMAP.Infinite Sea.Out Left.2370952	c403b637c77cc699	무한의 만#서부 해안
494	ZONEMAP.Infinite Sea.Out Right.2370928	5f042210ee3fef56	무한의 만#동부 해안
495	ZONEMAP.Infinite Sea.Room A.2370904	e44515b0a14cc624	꿈의 왕국#수수께끼 I
496	ZONEMAP.Infinite Sea.Room B.2370880	c8c65a5513a4748c	꿈의 왕국#수수께끼 II
497	ZONEMAP.Infinite Sea.Room C.2370856	ef92fc1b8df011ac	꿈의 왕국#수수께끼 III
498	ZONEMAP.Infinite Sea.Room D.2370832	c36babee0a11949c	꿈의 왕국#수수께끼 IV
499	ZONEMAP.Infinite Sea.Room E.2370808	0af796e2757f20ed	꿈의 왕국#수수께끼 V
500	ZONEMAP.Infinite Sea.Room F.2370784	858a5a76619c174b	꿈의 왕국#수수께끼 VI
501	ZONEMAP.Infinite Sea.Room G.2370760	1a7da4605a7d777b	꿈의 왕국#수수께끼 VII
502	ZONEMAP.Infinite Sea.Room H.2370736	491a0c1f216dcb32	꿈의 왕국#수수께끼 VIII
503	ZONEMAP.Infinite Sea.Room I.2370712	ee06b012350d9a39	꿈의 왕국#수수께끼 IX
504	ZONEMAP.Infinite Sea.Room J.2370688	96693fef285e28e4	꿈의 왕국#역설
505	ZONEMAP.Infinite Sea.Room K.2370664	3e1874ba6a30509a	꿈의 왕국#수수께끼 X
506	ZONEMAP.Infinite Sea.Room L.2370640	ec0a65c37f984142	꿈의 왕국#수수께끼 XI
507	ZONEMAP.Infinite Sea.Room M.2370616	7862b590df7b94fe	꿈의 왕국#수수께끼 XII
508	ZONEMAP.Infinite Sea.Room N.2370592	835ec9971edd61fa	꿈의 왕국#수수께끼 XIII
509	ZONEMAP.Infinite Sea.Room O.6486112	8e0dfc6d3f07a736	꿈의 왕국#신탁의 거처
510	ZONEMAP.Infinite Sea.Room P.2370544	6f4d55874ce06c1d	꿈의 왕국#수수께끼 XIV
511	ZONEMAP.Infinite Sea.Room Q.2370520	a5157c316efb1f98	꿈의 왕국#수수께끼 XV
512	ZONEMAP.Infinite Sea.Room R.2370496	634102ad2635384b	꿈의 왕국#수수께끼 XVI
513	ZONEMAP.Infinite Sea.Room S.2370472	9bd27cdf6f768157	꿈의 왕국#수수께끼 XVII
514	ZONEMAP.Infinite Sea.Room T.2370448	ebcf27b015e1a825	꿈의 왕국#수수께끼 XVIII
515	ZONEMAP.Infinite Sea.Room U.2370424	13bb3279237406ca	꿈의 왕국#수수께끼 XIX
516	ZONEMAP.Infinite Sea.Room V.2370400	2e55523b6dd6d506	꿈의 왕국#수수께끼 XX
517	ZONEMAP.Infinite Sea.Room X.7831376	dbde4e9284572d55	꿈의 왕국#수수께끼 XXI
518	ZONEMAP.Infinite Sea.Room Y.-178360	24bc247148dcd650	꿈의 왕국#수수께끼 XXII
519	ZONEMAP.The Abyss.1.-2994294	29eb5e97e535918a	부정#고통
520	ZONEMAP.The Abyss.2.-2994318	b86d2c4ad4ba8158	부정#슬픔
521	ZONEMAP.The Abyss.3.-4162164	13d6d7c2172b1d30	부정#울음
522	ZONEMAP.The Abyss.4.-3233554	f5f64ff4be436abd	수용#평온
523	ZONEMAP.The Abyss.5.-3233578	30d5472f0428e310	수용#평정
524	ZONEMAP.The Abyss.6.-3233602	e66131840a3df493	수용#배움
525	ZONEMAP.The Abyss.Boss Room.-3233626	2e0b857f870fc085	분노한 영혼#공포
526	ZONEMAP.The Abyss.Soul King Room.-3233650	12e0138eb7dc7963	분노한 영혼#어둠의 감옥
527	ZONEMAP.The Abyss.Center A.-4472472	28265f12f4b8d434	우울#슬픔
528	ZONEMAP.The Abyss.Center B.-4472496	b45451693a79ff01	우울#죄책감
529	ZONEMAP.The Abyss.Center C.-3233722	b9db3631a465191c	우울#공허
530	ZONEMAP.The Abyss.Center D.-3233746	15f213ff57b53f0b	우울#후회
531	ZONEMAP.The Abyss.Center E.-3233770	e3e53f12164bae72	우울#무기력
532	ZONEMAP.The Abyss.Entrance.-605562	6991b3f12cfbc37d	부정#괴로움
533	ZONEMAP.EOTW.Top.-1382048	3c1773f8bc47685e	무인지대#창조로의 상승
534	ZONEMAP.EOTW.Mid.-1382072	d8c3ae518c716926	무인지대#현실의 경계
535	ZONEMAP.EOTW.Bottom.-1382096	253d60178809ebbb	무인지대#지하세계로의 하강
536	ZONEMAP.EOTW.Boss.-12483322	6f2c3ada08435398	무인지대#현실의 균열
537	ZONEMAP.Cosmos.Lobby.-1833758	4038f21639c1cf56	천상의 구체#공허로 가는 문
538	ZONEMAP.Cosmos.Temple Chaos.-1833998	e5edc11b5a1acf34	우주의 중심#영원의 샘
539	ZONEMAP.Cosmos.Highway to Dark.-1833782	60a34908fda7e8bc	구체의 바다#폐허의 성운
540	ZONEMAP.Cosmos.Highway to Fire.-1833830	90bba64da230e0b4	구체의 바다#화염 성단
541	ZONEMAP.Cosmos.Highway to Ice.-1833806	cb513fef1e588332	구체의 바다#빙하대
542	ZONEMAP.Cosmos.Highway to Light.-1833854	c7a606201ea98a1e	구체의 바다#별의 묘지
543	ZONEMAP.Cosmos.Ice Planet.-1833878	c90b581414e3b8d6	타오나 구역#히베르누스 시스템
544	ZONEMAP.Cosmos.Light Planet.-1833926	6c288e7dc9040db0	외곽 경계#루키스 시스템
545	ZONEMAP.Cosmos.Dark Planet.-1833950	31bd8ee6126f4652	레세크 회랑#녹티스 시스템
546	ZONEMAP.Cosmos.Fire Planet.-1833902	2bde96370a48962b	시바트라 구역#이그니스 시스템
547	ZONEMAP.Cosmos.ChaosChase.-12760106	dc8a02d524799237	창조의 기원#초신성
548	ZONEMAP.The Royal Stairs.1.-1834162	b088304084206663	군주의 승천#종말의 시작
549	ZONEMAP.The Royal Stairs.2A.-1834186	5d8406500494ed5c	군주의 승천#신성한 계단
550	ZONEMAP.The Royal Stairs.2B.-1834210	9bfd111cfe68dec6	군주의 승천#성소들
551	ZONEMAP.The Royal Stairs.3.-1834234	48e39c3bbc0eeb5b	하늘로 가는 길#군주의 섬들
552	ZONEMAP.The Royal Stairs.4.-1834258	e912066dac0953cb	하늘로 가는 길#천상의 미궁
553	ZONEMAP.The Royal Stairs.5.-1834282	6e6fe6b29cd9581a	하늘로 가는 길#새로운 순환
554	ZONEMAP.The Royal Stairs.6.-1834306	7dc6f3dba47b0d91	하늘로 가는 길#천사들의 광장
555	ZONEMAP.The Royal Stairs.7A.-1834330	0b09b612fd015395	불멸자들의 궁륭실#성채
556	ZONEMAP.The Royal Stairs.7B.-1834354	a6ab3b4452930672	불멸자들의 궁륭실#공중 정원
557	TMPRO.Text (TMP).-22326	3f79bb7b435b0532	e
558	TMPRO.Text (TMP).1262398	1ea442a134b2a184	아니오
560	TMPRO.Text (TMP).1243766	243a7b77913ebb81	예
561	TMPRO.ToolTipPerks.1083032	3b79a875684a026f	순간이동할까요?
562	TMPRO.Text (TMP).2747308	c8cef90ded862bad	고속 이동
563	TMPRO.Text (TMP).-909142	0b6c4870fbe61999	순간이동
564	SAY.Flowchart.229.TheKingOfDarkness-HR-Crypt5	639efcb2f271423b	수집가, 네 물약 보관 구역을 좀 봐도 되나?
565	SAY.Flowchart.230.TheCollector-Crypt5	50a51c0c0d0983fd	처음에는 심심해서 모으기 시작했지만, 한 번도 푹 빠져 본 적은 없어요...
566	SAY.Flowchart.231.TheCollector-Crypt5	afa6f9d68d31e8d3	마음껏 둘러보세요, 폐하.
567	SAY.Flowchart.41.TheKingOfDarkness-HR-Crypt5	f9ec3915ad45df86	이게 고블린 왕이 찾던 물약이겠군.
568	SAY.Flowchart.84.TheCollector-Crypt5	4cd22de73a19300f	안녕하세요, 어둠의 왕. 제 상관에 오신 걸 환영해요.
569	SAY.Flowchart.85.TheCollector-Crypt5	6ad7f36ff1ea8235	저를 "수집가"라고 부르시면 돼요.
570	SAY.Flowchart.86.TheKingOfDarkness-HR-Crypt5	fe5aee058a9c5939	우리 서로 아는 사이인가?
571	SAY.Flowchart.87.TheCollector-Crypt5	8c125fe21a071284	지금까지 만나 뵐 기회가 없었지만...
572	SAY.Flowchart.88.TheCollector-Crypt5	9f6097dbab6f44be	저주받은 왕들과 그들의 영원한 싸움의 역사를 모르는 무지한 자가 어디 있겠어요?
573	SAY.Flowchart.89.TheKingOfDarkness-HR-Crypt5	a4b61a15155e9923	수집가, 네가 마음에 드는군.
574	SAY.Flowchart.90.TheKingOfDarkness-HR-Crypt5	489d13fd8df751e5	무슨 일을 하지? 이 병들은 다 뭐지?
575	SAY.Flowchart.91.TheCollector-Crypt5	0ee839da1d3e3d99	이게 제 수집품이에요. 여기엔 모든 종과 종족의 표본을 보관하고 있죠.
576	SAY.Flowchart.92.TheCollector-Crypt5	042664f98ccc8af4	보세요, 어둠의 왕. 예술에는 여러 종류가 있지만, 모두 하찮아요. 시공간을 초월하는 건 하나도 없죠...
577	SAY.Flowchart.93.TheCollector-Crypt5	39d7178c7aff55e0	예술의 궁극은 죽음을 보존하는 데 있지요.
578	SAY.Flowchart.94.TheKingOfDarkness-HR-Crypt5	8eb1e369f3fe0560	나한테도 섬뜩할 정도군.
579	SAY.Flowchart.95.TheCollector-Crypt5	690cf64253b3c7ce	모든 생명이 멸종한 뒤에도 남을 유일한 흔적이 바로 이 표본들이에요.
580	SAY.Flowchart.96.TheCollector-Crypt5	999ad58397497349	창조 세계에 살아온 모든 존재를 모으는 게 제 삶의 목표예요.
581	SAY.Flowchart.97.TheCollector-Crypt5	54d68abbb75daff1	안타깝게도 지금은 필멸의 존재만 모을 수 있지만요...
582	SAY.Flowchart.98.TheKingOfDarkness-HR-Crypt5	42dd139a31999578	참 유익한 취미군, 수집가.
583	SAY.Flowchart.99.TheKingOfDarkness-HR-Crypt5	e862f7e16d5433b8	여기 좀 둘러봐도 되겠나?
584	SAY.Flowchart.100.TheCollector-Crypt5	ed1c13314e6e3dce	그대처럼 불멸인 존재가 제 수집품의 의미를 알아보기에 가장 적합하죠.
585	SAY.Flowchart.101.TheCollector-Crypt5	b1ea9c563fa4ef9b	하지만 아무것도 만지지 말아 주세요. 아주 오래된 표본들도 있어요. 카오스가 그대에게 분노를 쏟기 전부터 있던 것들이죠.
586	SAY.Flowchart.102.TheKingOfDarkness-HR-Crypt5	6812b11aa24077d4	감탄에서 불신으로 그렇게 빨리 넘어가나?
587	SAY.Flowchart.103.TheCollector-Crypt5	3500ca56fe5f3f80	그대의 모험은 아주 잘 알고 있으니, 손은 제가 볼 수 있는 곳에 두시면 좋겠어요.
588	SAY.Flowchart.104.TheKingOfDarkness-HR-Crypt5	75fc3ddc1348fcae	이봐!
589	SAY.Flowchart.105.TheCollector-Crypt5	3cb183af1ba5bf90	제 수집품을 완성하는 데 도움을 주시면 마음이 놓일 텐데...
590	SAY.Flowchart.106.TheCollector-Crypt5	a2164e754bb50662	기념품 하나쯤은 가져가셔도 좋아요.
591	SAY.Flowchart.190.TheKingOfDarkness-HR-Crypt5	fe35b5a89064fbac	잃을 것도 없는데... 뭘 해 주면 되지?
592	SAY.Flowchart.192.TheCollector-Crypt5	31ffea0d9def0df1	동굴 벌레의 {b}{color=#9523d8}번데기{/color}{/b}가 필요해요.
593	SAY.Flowchart.191.TheCollector-Crypt5	cb589847b70b078f	이 용기에 담아 오셔야 해요. 신선하고 좋은 상태로 보존해 줄 거예요.
594	SAY.Flowchart.193.TheKingOfDarkness-HR-Crypt5	828804c8519b90f7	그런 녀석을 구하기는 쉽지 않을 것 같군... 곧 돌아오겠다.
595	SAY.Flowchart.107.TheCollector-Crypt5	af4c4a06f2c7fccf	계속 수집 도감을 채워 주세요, 어둠의 왕.
596	SAY.Flowchart.108.TheCollector-Crypt5	01cc3c343499fdf7	잘하셨어요... 이제 사냥꾼으로서의 실력을 볼까요.
597	SAY.Flowchart.247.TheCollector-Crypt5	9bf75d99cd13249d	표본 하나부터 시작해 보죠... 이를테면, "정체불명"인 표본으로요.
598	SAY.Flowchart.248.TheCollector-Crypt5	a7719dc12a9a879b	제 직감에 따르면 이 램프 안에는 숨어 지내며 속임수를 쓰는 생물이 들어 있어요.
599	SAY.Flowchart.249.TheCollector-Crypt5	2f707d97d2573482	그 안에 무엇이 살든, {b}{color=#9523d8}적합한 서식지{/color}{/b}에 놓이기 전까지는 나오지 않을 거예요.
600	SAY.Flowchart.250.TheCollector-Crypt5	a67a8bbe08618318	그 생물을 나오게 해서 쓰러뜨려 주세요, 어둠의 왕. 그래야 안에서 잠들어 있는 것을 분류할 수 있거든요.
601	SAY.Flowchart.251.TheKingOfDarkness-HR-Crypt5	e9c7481c51375033	정보를 좀 더 줬다면 좋았겠지만... 그래도 난 도전을 좋아한다.
602	SAY.Flowchart.127.TheCollector-Crypt5	87fda55e617fd065	다시 한번 그대의 실력을 시험해 보죠, 어둠의 왕.
603	SAY.Flowchart.255.TheCollector-Crypt5	d300ba79d29e6306	이번에는 생물을 한 마리 더 사냥해 주세요... 어떤 사람들은 "끈적한" 생물이라고 하겠죠.
604	SAY.Flowchart.254.TheCollector-Crypt5	8e7ba9d2b5191a63	더러운 곳을 좋아해요... {b}{color=#9523d8}오물과 습기에 둘러싸여 살고 있죠...{/color}{/b}
605	SAY.Flowchart.256.TheKingOfDarkness-HR-Crypt5	3685b2d8d458de46	언제나 이렇게 아름다운 곳으로 보내는군...
606	SAY.Flowchart.257.TheCollector-Crypt5	50f3ad24518b0e22	이 물약을 미끼로 써서 그 생물을 유인한 다음, 저를 위해 잡아 와 주세요.
607	SAY.Flowchart.258.TheCollector-Crypt5	c31881641109eaec	그렇게 해 주시면 제 걸작에 대해 알게 될 영광을 누리실 거예요.
608	SAY.Flowchart.260.TheKingOfDarkness-HR-Crypt5	7b195a318117d085	기대하게 만드는 재주가 있군, 수집가.
609	SAY.Flowchart.165.TheKingOfDarkness-HR-Crypt5	bce4e9838d59d861	천상룡의 눈
610	SAY.Flowchart.167.TheCollector-Crypt5	70acd2eb5b5dc3e9	드디어, 제 수집품에서 가장 중요한 표본이군요!
611	SAY.Flowchart.168.TheCollector-Crypt5	0712bbd97d7ddf5d	어둠의 왕, 제가 얼마나 감사한지 말로는 표현할 수가 없어요...
612	SAY.Flowchart.169.TheKingOfDarkness-HR-Crypt5	3035a32fff4dbe41	그래도 내 보상은 주는 거지?
613	SAY.Flowchart.170.TheCollector-Crypt5	84a7d32cd6f8ad6a	물론이죠. 이 부적은 가져가셔도 돼요...
614	SAY.Flowchart.171.TheCollector-Crypt5	bec1047740e645a9	제가 아직 아마추어 수집가에 불과하던 시절 손에 넣은 최초의 물건 중 하나예요. 이제 그대 것이에요.
615	SAY.Flowchart.195.TheKingOfDarkness-HR-Crypt5	98aca532f57d1620	여기 네 번데기다. 완벽한 상태로 가져왔지.
616	SAY.Flowchart.196.TheCollector-Crypt5	02586500ee732f62	감사합니다, 폐하.
617	SAY.Flowchart.312.TheCollector-Crypt5	b2d788c51990ae93	음... 음... 음... 음... 음...
618	SAY.Flowchart.197.TheCollector-Crypt5	0d497569728149bd	맛있는 별미네요. 이런 걸 먹어 본 지 정말 오래됐어요.
619	SAY.Flowchart.205.TheCollector-Crypt5	3cea33e9ab83409f	그대를 잘못 봤어요, 어둠의 왕. 믿을 수 있는 분 같네요.
620	SAY.Flowchart.206.TheKingOfDarkness-HR-Crypt5	95d60d3c23738b9a	아직 겉만 살짝 긁은 정도다... 네가 마음에 든다고 했지.
621	SAY.Flowchart.198.TheCollector-Crypt5	ca799e2236c864d3	아주 특별한 선물을 드릴게요... {b}{color=#9523d8}나의 수집 도감.{/color}{/b}
622	SAY.Flowchart.238.TheKingOfDarkness-HR-Crypt5	b27103c0664e732b	그걸로 뭘 하라는 거지?
623	SAY.Flowchart.239.TheCollector-Crypt5	d7ef7478968675bf	아이테르나에서 이보다 완벽한 동물 백과사전은 찾을 수 없을 거예요.
624	SAY.Flowchart.240.TheCollector-Crypt5	b69d54d1684518b7	하지만 아직 수집하지 못한 생물이 몇 가지 있어요.
625	SAY.Flowchart.241.TheCollector-Crypt5	28030726813040d7	이해해 주세요, 제 예술에 매달리느라 너무 바쁘거든요...
626	SAY.Flowchart.242.TheKingOfDarkness-HR-Crypt5	dcf81945ce3b539c	알겠다. 그 와인 잔이 저절로 흔들리진 않을 테니까.
627	SAY.Flowchart.243.TheCollector-Crypt5	62f8b0e52da05fc1	도감을 채우고 표본을 최소 30% 모았을 때 저를 찾아와 주세요.
628	SAY.Flowchart.244.TheCollector-Crypt5	e74826129095a5c8	그럼 다시 거래 이야기를 나누죠.
629	SAY.Flowchart.311.TheCollector-Crypt5	ef7c301955139b6b	동굴 벌레의 번데기가 필요해요.
630	SAY.Flowchart.195.TheKingOfDarkness-HR-Crypt5	98aca532f57d1620	여기 네 번데기다. 완벽한 상태로 가져왔지.
631	SAY.Flowchart.134.TheCollector-Crypt5	23621a5c40484dfe	충실한 협력자라는 걸 증명하셨네요, 어둠의 왕.
632	SAY.Flowchart.135.TheCollector-Crypt5	aeaa68ca271ea2ac	제 수집품에서 가장 중요한 표본을 구해 오시면, 제 진심 어린 감사를 받게 될 거예요... 물론 후한 보상도요.
633	SAY.Flowchart.138.TheKingOfDarkness-HR-Crypt5	0e4b1444b90e2300	유니콘 새끼만 아니면 좋겠군... 너무 귀여워서 견딜 수 없을 테니까...
634	SAY.Flowchart.137.TheCollector-Crypt5	4be6835c26909ef8	아니요... 필요한 건 모든 생물 중 가장 장엄한 생물의 표본이에요... {b}{color=#9523d8}천상룡.{/color}{/b}
635	SAY.Flowchart.139.TheKingOfDarkness-HR-Crypt5	15999ec4be3b53f7	아이테르나에는 천상룡이 없지...
636	SAY.Flowchart.219.TheKingOfDarkness-HR-Crypt5	c14d9c04361d344a	오래전에 사라졌지... 평범한 용으로는 안 되나?
637	SAY.Flowchart.140.TheCollector-Crypt5	fb2263e74bf9c03b	하하하... 천상룡들이 고향으로 돌아간 지 여러 순환이 지났지만, 그중 하나가 돌아왔어요...
638	SAY.Flowchart.141.TheCollector-Crypt5	ceee61bd0e887d1c	아이테르나에 있어요. 무한의 바다 서쪽 어딘가에 숨어 있죠.
639	SAY.Flowchart.220.TheCollector-Crypt5	cac50be919121189	왜 여기 있는지는 모르지만, 자기 세계를 벗어나면 취약해져요...
640	SAY.Flowchart.221.TheCollector-Crypt5	b3095daecdca8c81	이 단검을 쓰셔야 해요. 아주 특별한 금속으로 벼린 물건이에요...
641	SAY.Flowchart.222.TheKingOfDarkness-HR-Crypt5	3a92a7f3afd61fe9	옥시나이트... 이런 무기는 오랜만에 보는군.
642	SAY.Flowchart.223.TheCollector-Crypt5	6a669baa03297feb	그걸로 용을 죽이고, 눈 하나를 가져다 주세요.
643	SAY.Flowchart.263.TheKingOfDarkness-HR-Crypt5	31008132a1ab0641	저렇게 잡기 힘든 짐승을 사냥하게 되다니 기쁘군.
644	SAY.Flowchart.165.TheKingOfDarkness-HR-Crypt5	a8554b60e36919f8	천상룡의 눈.
645	SAY.Flowchart.167.TheCollector-Crypt5	70acd2eb5b5dc3e9	드디어, 제 수집품에서 가장 중요한 표본이군요!
646	SAY.Flowchart.168.TheCollector-Crypt5	0712bbd97d7ddf5d	어둠의 왕, 제가 얼마나 감사한지 말로는 표현할 수가 없어요...
647	SAY.Flowchart.169.TheKingOfDarkness-HR-Crypt5	3035a32fff4dbe41	그래도 내 보상은 주는 거지?
648	SAY.Flowchart.170.TheCollector-Crypt5	5cef9d9c58316b77	물론이죠! 이 부적은 가져가셔도 돼요...
649	SAY.Flowchart.171.TheCollector-Crypt5	bec1047740e645a9	제가 아직 아마추어 수집가에 불과하던 시절 손에 넣은 최초의 물건 중 하나예요. 이제 그대 것이에요.
650	SAY.Flowchart.275.TheCollector-Crypt5	1b251d0f665f99e3	훌륭한 솜씨예요, 어둠의 왕.
651	SAY.Flowchart.276.TheCollector-Crypt5	a4860b276a009f0f	도감을 더 채운 뒤 돌아오세요. 더 많은 의뢰를 드리죠.
652	SAY.Flowchart.296.TheCollector-Crypt5	f7b41887e13aeea8	어둠의 왕, 나의 수집 도감을 완성하셨군요.
653	SAY.Flowchart.297.TheCollector-Crypt5	79232f97f2d4fdfc	수년간의 노력이 마침내 결실을 맺었어요...
654	SAY.Flowchart.298.TheKingOfDarkness-HR-Crypt5	efc5655fe46e2985	이런 대단한 업적을 이룬 장본인이니, 후한 보상을 받을 자격은 있다고 보는데...
655	SAY.Flowchart.299.TheCollector-Crypt5	b8c19fe36bf4d716	제 수집품에 기여했다는 개인적인 만족감보다 더 좋은 보상이 어디 있겠어요?
656	SAY.Flowchart.300.TheKingOfDarkness-HR-Crypt5	2989a7ba685f3d11	농담이지, 그렇지?
657	SAY.Flowchart.301.TheCollector-Crypt5	e3fabecdbb1effde	그럴 리가요, 어둠의 왕. 그대가 역사의 일부가 되도록 해 드렸잖아요...
658	SAY.Flowchart.302.TheCollector-Crypt5	04a1d754b45e05ad	이제 미래 세대가 나의 수집 도감을 누릴 수 있을 거예요.
659	SAY.Flowchart.303.TheCollector-Crypt5	f657593075088287	그게 그대에게 드리는 가장 값진 선물이에요.
660	SAY.Flowchart.304.TheKingOfDarkness-HR-Crypt5	26db6abf7f54db1c	이 미친 놈! 아이테르나를 끝에서 끝까지 헤집고 다녔는데 아무것도 못 받는다고?
661	SAY.Flowchart.305.TheCollector-Crypt5	6de3d8ce876681b9	진정하세요, 친구. 아직 그대가 모르는 사실이 하나 있거든요...
662	SAY.Flowchart.306.TheCollector-Crypt5	a78d41c47d9baff1	언젠가 그대가 다시 필멸자가 된다면, 반드시 도감에 넣어 드리지요.
663	SAY.Flowchart.308.TheKingOfDarkness-HR-Crypt5	842452789a3f3982	끝내주는군! 네 스티커 앨범에 들어가는 것보다 더 바라는 건 없다!
664	SAY.Flowchart.307.TheKingOfDarkness-HR-Crypt5	c22cf2ec79e8dced	난 이만 가겠다.
665	SAY.Flowchart.325.TheKingOfDarkness-HR-Crypt5	94e7a3fe0ab7b084	마음에 걸리는 게 하나 있군, 수집가...
666	SAY.Flowchart.326.TheKingOfDarkness-HR-Crypt5	24e3519d6ccf310e	처음 만났을 때, 내 저주보다도 오래된 표본들을 보관하고 있다고 했지...
667	SAY.Flowchart.327.TheKingOfDarkness-HR-Crypt5	2de93216fea8721f	그걸 어떻게 구했지?
668	SAY.Flowchart.328.TheCollector-Crypt5	f02d2f0df1243e88	아, 수많은 순환 동안 제 예술을 갈고닦아 왔죠...
669	SAY.Flowchart.329.TheCollector-Crypt5	c0d2394f2ffe147e	그대보다 먼저 이 작품에 협력한 이들이 아주 많아요.
670	SAY.Flowchart.331.TheKingOfDarkness-HR-Crypt5	7c8e87a45edca01c	순환이라고? 그렇게 오래 일했다는데도 꽤 젊어 보이는군...
671	SAY.Flowchart.330.TheKingOfDarkness-HR-Crypt5	d569e48df545218c	신의 눈에 들지 않고서야 그런 걸 얻을 방법은 많지 않지...
672	SAY.Flowchart.332.TheCollector-Crypt5	285aa18bad512c7a	사실은 말이죠, 어둠의 왕. 저는 창조 세계에 존재했던 모든 것을 보존하는 임무를 맡고 있어요.
673	SAY.Flowchart.333.TheCollector-Crypt5	52a3189d7ec2026d	미래에 어떤 재앙이 닥칠지는 아무도 모르잖아요...
674	SAY.Flowchart.334.TheCollector-Crypt5	0e01a1d34bc193d9	그런 일이 벌어지면, 제 수집품을 통해 모든 존재를 복원할 수 있을 테니까요.
675	SAY.Flowchart.335.TheKingOfDarkness-HR-Crypt5	472203476dca2085	하! 카오스가 재앙을 일으키는 모습은 상상해도, 해결하는 모습은 상상이 안 되는군...
676	SAY.Flowchart.336.TheCollector-Crypt5	d8d67504f3764ba2	카오스? 그대가 그렇게 순진하다니 놀랍네요...
677	SAY.Flowchart.337.TheCollector-Crypt5	6c8f0919714b68b5	시간이 촉박해요, 어둠의 왕.
678	SAY.Flowchart.338.TheCollector-Crypt5	a0cdac8b2041380b	이제 모든 존재, 말하자면 필멸하는 존재들의 표본을 손에 넣었으니...
679	SAY.Flowchart.339.TheCollector-Crypt5	04b5885c857de23f	불멸의 표본을 보존할 방법을 찾아야 해요.
680	SAY.Flowchart.340.TheCollector-Crypt5	667432b1a3237a3d	첫 번째 불멸 표본이 되는 영광은 그대가 누리게 될 거예요... 서둘러야겠네요.
681	SAY.Flowchart.341.TheKingOfDarkness-HR-Crypt5	bf3ea2d595245fdb	오, 수집가! 영광이다. 하지만 전시품이 되기 전에 다른 계획이 있다...
682	SAY.Flowchart.342.TheKingOfDarkness-HR-Crypt5	a986a60ef256a9c6	네 회피가 그리 교묘하진 않군... 다음에 이야기하지.
683	SAY.Flowchart.343.TheCollector-Crypt5	b6f028e75a2cfc04	안녕히 가세요, 어둠의 왕.
684	SAY.Flowchart.13.KingOfDarkness-OrbTempleDoor1	675e33ebc35d4081	드디어! 평범한 필멸자처럼 움직이는 데도 지쳤다.
685	SAY.Flowchart.14.KingOfDarkness-OrbTempleDoor1	4c899d3ed020b882	민첩성을 되찾았으니 더 빠르게 움직일 수 있겠군...
686	SAY.Flowchart.15.KingOfDarkness-OrbTempleDoor1	c60d3969878c5d7d	더 먼 거리까지 이동할 수 있고... 전투에서는 훨씬 치명적이겠지.
687	SAY.Flowchart.16.KingOfDarkness-OrbTempleDoor1	2e476a03b81087b2	{b}{color=#9523d8}또다시 올라야 하는군,{/color}{/b} 힘을 잃는 건 정말 싫단 말이지...
688	SAY.Flowchart.46.TheChronicler-Library	11a417ad4b5e30a1	수천 년째 손목이 아프지만, 글쓰기를 멈출 수가 없어... 난 내 일이 정말 좋아!
689	SAY.Flowchart.47.TheChronicler-Library	a63e3a584e5aded2	기록자라는 건 뜻밖의 선물도, 깜짝 파티도 평생 받을 수 없다는 뜻이야...
690	SAY.Flowchart.65.TheChronicler-Library	dd09d3a8d3103f0f	이 모든 순환 동안 제대로 된 생일을 보내 본 적이 없어.
691	SAY.Flowchart.48.TheChronicler-Library	20d23cf05dc14d4b	첫 순환이 시작됐을 때 고블린은 그저 아주 작은 파충류였다는 거 알아?
692	SAY.Flowchart.66.TheChronicler-Library	a825f15ee264c913	아, 진화라... 우리 창조주 카오스의 작품을 떠받치는 초석이지.
693	SAY.Flowchart.49.TheChronicler-Library	d46ff9a4d689edd4	두 두루루 두루루... 두루 두루 두루... 두 두루루 두루루... 두루 두루 두루 두루 두루... 두
694	SAY.Flowchart.51.TheKingOfDarkness-Library	7566be1be936c42c	뭘 흥얼거리는 거지?
695	SAY.Flowchart.52.TheChronicler-Library	9e6dc2bfb65e27c9	먼 행성에 사는 음악가가 방금 이 귀에 쏙 들어오는 노래를 작곡했어.
696	SAY.Flowchart.67.TheChronicler-Library	d878a12147d76aa8	전율이 일어, 머릿속에서 떠나질 않아...
697	SAY.Flowchart.56.TheChronicler-Library	0d432af97fddc2a1	고백하자면 빛의 여왕이 내가 제일 좋아하는 쪽이야...
698	SAY.Flowchart.68.TheChronicler-Library	d28f3584f2fd8d10	하하하... 농담이야, 여왕한테는 정반대로 말하지. 이렇게 해야 둘 다 의욕이 나거든... 효과 있어?
699	SAY.Flowchart.58.TheChronicler-Library	7fec5d6843a57516	다음에 보자, 어둠의 왕.
700	SAY.Flowchart.54.TheChronicler-Library	0d1b5cb4dcad87c5	"왕이 죽으면 새 왕이 선다"라는 말, 그걸 처음 어디서 들었더라...
701	SAY.Flowchart.69.TheChronicler-Library	9f29e4948d7cfaf8	카오스가 둘에게 영원히 싸우라는 벌을 내릴 때도 비슷한 말을 했는지 알아?
702	SAY.Flowchart.71.TheChronicler-Library	84298554b14af88d	카오스의 작품에는 수수께끼가 참 많아, 어둠의 왕... 시간의 구루들에 대해 들어 본 적 있어?
703	SAY.Flowchart.72.TheKingOfDarkness-Library	81e5ba40847e0326	아니, 하지만 곧 듣게 될 모양이군.
704	SAY.Flowchart.73.TheChronicler-Library	e676d7a341dc1fae	정말 운도 좋지! 나도 그들의 이야기를 처음으로 알아갈 수 있다면 뭐든 내놓을 텐데...
705	SAY.Flowchart.74.TheKingOfDarkness-Library	2b359f93b78e9d26	기록자, 나 바빠...
706	SAY.Flowchart.75.TheChronicler-Library	4156a0bcc8cc6a9b	그럼 가장 현명한 구루의 이야기를 들려줄게. 그는 시간 여행용 유물을 만들었지...
707	SAY.Flowchart.76.TheChronicler-Library	36b45822c42be87c	앞뒤로는 갈 수 있었지만, 옆으로는 못 갔어.
708	SAY.Flowchart.77.TheKingOfDarkness-Library	20988ac5d286ea47	시간 여행 기계라고?
709	SAY.Flowchart.78.TheKingOfDarkness-Library	6e7b40e454b3892d	몇 순환 전에 비슷한 걸 만든 미친 의사와 소년에 대해 말하지 않았어?
710	SAY.Flowchart.79.TheChronicler-Library	1c30af745bec0fda	그래, 하지만 이건 좀 달라. 그 구루는 수백 번 여행한 뒤 흔적도 없이 사라졌어.
711	SAY.Flowchart.80.TheChronicler-Library	5abfa2b2cbbee6f7	그에게 무슨 일이 있었는지 아는 자는 거의 없어... 기록자인 나조차도 말이야.
712	SAY.Flowchart.81.TheChronicler-Library	4b6f98ed0acf29fa	마지막 여행에서 일종의 시간의 연결점과 마주쳤어...
713	SAY.Flowchart.82.TheChronicler-Library	0252a35f0d9e44a6	모든 시간적 현실을 잇는 차원... 시간의 끝.
714	SAY.Flowchart.83.TheChronicler-Library	73671e3ce1edcb01	수 세기 뒤, 떠돌이 여행자 무리가 그 귀중한 장치를 찾아냈어.
715	SAY.Flowchart.84.TheChronicler-Library	41c2e1ee44778e7f	그런데 그들이 뭘 했는지 알아?
716	SAY.Flowchart.86.TheKingOfDarkness-Library	c98bac7881a33a0f	부품별로 상인에게 팔면 되지. 나라면 그러겠다.
717	SAY.Flowchart.85.TheChronicler-Library	84aa2be7ea485030	거의 맞았어! 거기에 날개를 달았지.
718	SAY.Flowchart.87.TheKingOfDarkness-Library	7d9fb9e30d26d6aa	그런 헛소리를 내가 믿을 거라고 생각해?
719	SAY.Flowchart.88.TheChronicler-Library	2f8fe42ec8bb929f	내 서재에 쌓인 19,011,993권을 걸고 맹세하지.
720	SAY.Flowchart.89.TheChronicler-Library	a9fd0457f3426ffc	게다가... 그 시간의 구루와 넌 생각보다 공통점이 많아...
721	SAY.Flowchart.90.TheChronicler-Library	cc116563f2660d7d	그도 카오스에게서 막대한 힘이 깃든 조각을 훔쳐 신탁에게 건넸어.
722	SAY.Flowchart.91.TheKingOfDarkness-Library	e8bea5f484a3d7cc	그자에게는 보관하겠다는 약속을 지켰길 바라야겠군...
723	SAY.Flowchart.92.TheChronicler-Library	af13ebe043e460de	그렇고말고! 그 조각을 알로 바꿔 시간 여행자에게 돌려줬어.
724	SAY.Flowchart.93.TheKingOfDarkness-Library	3323344e350dc40f	운 좋은 놈들도 있군.
725	SAY.Flowchart.95.TheChronicler-Library	b3cf70051e362837	어둠의 왕, 네 연애 이력을 좀 살펴봤는데...
726	SAY.Flowchart.96.TheChronicler-Library	5a84e9263958e851	넌 성격이 강하고 풍성한 금발을 지닌 숙녀들에게 끌리는 모양이야.
727	SAY.Flowchart.97.TheKingOfDarkness-Library	7e994f83ff11a054	불멸이긴 해도, 나도 인간이다.
728	SAY.Flowchart.98.TheChronicler-Library	59992f18fc2ccd76	네가 좋아하는 여성상에 꽤 들어맞는 유명한 현상금 사냥꾼이 하나 있어.
729	SAY.Flowchart.99.TheChronicler-Library	adee3dd1c8017089	행성을 누비며 해적 무리를 쫓아 우주를 여행하지.
730	SAY.Flowchart.100.TheKingOfDarkness-Library	c6a233f17a0ae55e	흥미롭군...
731	SAY.Flowchart.101.TheChronicler-Library	c821c54e971fe3fd	혹시라도 그 여자가 우리 천상의 차원에 착륙하면 알려 줄게.
732	SAY.Flowchart.103.TheChronicler-Library	e343db1e71bdc1c3	시간의 구루, 합성체들, 그리고 이제는 초록 눈에 잿빛 머리를 한 어린 아가씨까지...
733	SAY.Flowchart.104.TheKingOfDarkness-Library	f4ae325bcf1b5e02	무슨 일이 있었지?
734	SAY.Flowchart.105.TheChronicler-Library	e93392b00342701a	내가 처음 펜을 쥔 이래, 시간 여행을 할 수 있었던 이는 셀 수 없이 많아.
735	SAY.Flowchart.106.TheChronicler-Library	6ddd204591a9a8b4	나도 그럴 수 있다면 얼마나 좋을까...
736	SAY.Flowchart.107.TheKingOfDarkness-Library	03b32773ddc56c04	평생 거기 앉아 글이나 쓰는 것만으로도 충분히 바쁘잖아.
737	SAY.Flowchart.108.TheChronicler-Library	8092530b3a2f1859	시간 여행을 할 수 있다면, 일어난 일과 일어나고 있는 일뿐 아니라...
738	SAY.Flowchart.109.TheChronicler-Library	817a3d63cb711d1a	곧 일어날 일까지 기록할 수 있을 텐데...
739	SAY.Flowchart.110.TheChronicler-Library	e05542af482782dc	미리 해치울 수 있는 일이 얼마나 많을지 상상이 가?
740	SAY.Flowchart.111.TheKingOfDarkness-Library	fc8c3f7620a7072e	네가 늘어놓을 잔소리가 뻔하군.
741	SAY.Flowchart.113.TheChronicler-Library	e6167e73e55f04e5	뾰족한 투구가 유행하던 순환은 절대 잊지 못해...
742	SAY.Flowchart.114.TheKingOfDarkness-Library	98d8f75302eb8e22	여왕까지 그걸 썼지... 머리에 은색 원뿔을 쓰고 궁전에 나타났어.
743	SAY.Flowchart.115.TheKingOfDarkness-Library	5225527bd9741272	다른 데 집중할 수가 없어서 그녀에게 졌지.
744	SAY.Flowchart.116.TheChronicler-Library	e51399f639985cb7	게다가 역사상 가장 폭력적이고 불경했던 시기 중 하나와 겹쳤지...
745	SAY.Flowchart.117.TheKingOfDarkness-Library	13703bdc61b35fce	그 순환은 처음부터 끝까지 고행이었지.
746	SAY.Flowchart.119.TheChronicler-Library	047708eeb29ccf6c	창조된 모든 것 중 가장 높은 산을 보러 가고 싶어?
747	SAY.Flowchart.120.TheChronicler-Library	6de7cb765937a6d3	정상에 오른 이는 많지 않아...
748	SAY.Flowchart.121.TheKingOfDarkness-Library	69b925d96f76a3c0	마지막으로 그걸 해낸 건 꼬맹이였다는 건 알아...
749	SAY.Flowchart.122.TheKingOfDarkness-Library	7410175b97ae1b37	그 애가 해냈다면 보기보다 어렵진 않겠지.
750	SAY.Flowchart.123.TheChronicler-Library	4003a56eb9bf7931	그 산의 힘을 얕보지 마, 어둠의 왕.
751	SAY.Flowchart.124.TheChronicler-Library	0ad4e6009ae96c6b	그 산이 어려운 건 절벽이나 낙하 때문이 아니라, 저마다 마음속에 품은 것 때문이야...
752	SAY.Flowchart.126.TheChronicler-Library	85b7c253f040398b	하거나, 하지 않거나. 해 보는 건 없다.
753	SAY.Flowchart.127.TheKingOfDarkness-Library	1f0cf7eed7413d1e	뭐라고?
754	SAY.Flowchart.128.TheChronicler-Library	b1fe0bd570336e12	증오에 굴복하지 마... 그러면 어둠으로 이어져.
755	SAY.Flowchart.129.TheKingOfDarkness-Library	7e1c254d85e3064c	어둠? 마음에 드는 이름이군.
756	SAY.Flowchart.130.TheChronicler-Library	007f6765e59df2e3	난 모래가 싫어. 거칠고 성가시고, 어디든 들어와...
757	SAY.Flowchart.131.TheKingOfDarkness-Library	7d754ec089edb1d5	뭐라고?
758	SAY.Flowchart.132.TheChronicler-Library	0f6225b2d9d8357f	미안해, 어둠의 왕. 아주아주 오래전에 일어난 이야기를 떠올리고 있었어...
759	SAY.Flowchart.133.TheKingOfDarkness-Library	e260c9d0fc566ee2	기록자, 넌 변하지 마.
760	SAY.Flowchart.368.TheChronicler-Library	ebb9d50ab97102f6	어둠의 군주에 대해 들어 본 적 있어?
761	SAY.Flowchart.370.TheChronicler-Library	6935e717b8504002	그가 사랑하던 이에게 무슨 일이 있었는지 말이야?
762	SAY.Flowchart.369.TheChronicler-Library	ecbea5f887380792	복수심을 달래려고 왕국 하나를 쑥대밭으로 만든 이야기 말이야?
763	SAY.Flowchart.371.TheKingOfDarkness-Library	cdf4d61637583776	전혀 기억나지 않는데.
764	SAY.Flowchart.372.TheChronicler-Library	f30eb7fcbe32f9d6	그의 무용담은 수백 명의 모험가에게 영감을 줬고...
765	SAY.Flowchart.373.TheChronicler-Library	852ccfd97ace954f	그의 이야기는 오랫동안 수백 편의 작품이 쓰이는 바탕이 됐지.
766	SAY.Flowchart.374.TheChronicler-Library	6bcc7e4e103c108f	물론 너만큼 강하진 않아. 오해하진 마...
767	SAY.Flowchart.375.TheKingOfDarkness-Library	ae4fcc09a4da6cfc	물론이지! 어둠의 왕은 나 하나뿐이다, 기록자.
768	SAY.Flowchart.376.TheKingOfDarkness-Library	b1ba64736a33fca7	카오스의 계율에도 그렇게 쓰여 있고, 나도 그렇게 말한다.
769	SAY.Flowchart.377.TheChronicler-Library	69ba10cef53a3ea6	그럴 리가 있나! 그냥...
770	SAY.Flowchart.378.TheChronicler-Library	2794b1c1e648682d	네가 그 이야기를 좋아할 것 같았어. 게다가 너희 둘은 닮은 점도 꽤 많고.
771	SAY.Flowchart.379.TheChronicler-Library	df50aeb3c69b54a9	너희 둘은 음침하고 잔혹하고 두려운 존재인데다, 연애에서도 똑같은 길을 걸었잖아...
772	SAY.Flowchart.380.TheKingOfDarkness-Library	42d47ca89fb13c8e	그놈이야 그러고 싶었겠지...
773	SAY.Flowchart.382.TheChronicler-Library	89807ea0055721ec	코스모스는 적대적이고 무자비한 곳이야, 친구여.
774	SAY.Flowchart.383.TheChronicler-Library	b0d843491415d3e6	세상의 끝을 지나 별들까지 갈 거라면, 창조의 공허에 도사린 위험과 악마를 조심해.
775	SAY.Flowchart.384.TheKingOfDarkness-Library	33ee0cce1c770e2e	우주는 광활하다. 그렇게 운 나쁜 자는 없을 거다.
776	SAY.Flowchart.386.TheChronicler-Library	b0ef7d1f4fa07ee4	막 집어삼켜진 행성의 원주민들에게나 그렇게 말해 봐.
777	SAY.Flowchart.387.TheChronicler-Library	8a474399069d36df	우주 기생충 하나가 그들의 세계에 추락해 생명 에너지를 계속 빨아먹고 있었어.
778	SAY.Flowchart.388.TheChronicler-Library	0d928b6a50881d02	난 그걸 불운이라고 하지.
779	SAY.Flowchart.389.TheKingOfDarkness-Library	5bd8f81b57712df8	우리는 저 생물에게서 안전할까?
780	SAY.Flowchart.390.TheChronicler-Library	a4cc3bd7e09e9cef	황야와 충돌해 우리 에너지를 빨아들이기까지 2,500순환이나 걸릴 만큼 멀리 있어.
781	SAY.Flowchart.391.TheChronicler-Library	9815bc02b9419798	게다가 오는 길에 배를 채우려고 행성마다 들를 거라는 점은 계산에 넣지도 않은 거야.
782	SAY.Flowchart.392.TheChronicler-Library	57909a8baa6a3aca	우리도 안심해도 될 것 같아... 일단은.
783	SAY.Flowchart.394.TheChronicler-Library	3c6068aaa34d6b8d	빛의 여왕과 네가 우리 창조주의 훌륭한 일을 어지럽힌 유일한 존재인지 생각해 본 적 없어?
784	SAY.Flowchart.395.TheKingOfDarkness-Library	1e4afec1b8dff1eb	카오스의 분노를 등에 짊어진 다른 불쌍한 자들 이야기는 한 번도 하지 않았잖아.
785	SAY.Flowchart.396.TheChronicler-Library	8ebacb3e233bd131	그렇다고 지고신에게 벌받은 자가 아무도 없다는 뜻은 아니야...
786	SAY.Flowchart.397.TheChronicler-Library	8d6ee0e7d4e14dd4	오래전, 카오스는 행성 주민들을 말살하려고 강력한 타이탄 셋을 보내 행성의 파괴를 막았어...
787	SAY.Flowchart.398.TheKingOfDarkness-Library	237e355aa6108aa0	카오스는 언제나 가장 알맞은 해결책만 골라 쓰지...
788	SAY.Flowchart.399.TheKingOfDarkness-Library	f3e3ba9eeb51adff	전능자의 분노를 살 만큼 그 불쌍한 자들이 대체 무슨 짓을 했던 거지?
789	SAY.Flowchart.400.TheChronicler-Library	fe7c9486afbd9b1f	그들은 도시에 에너지를 공급하려고 자기 행성의 정수를 뽑아내고 있었어.
790	SAY.Flowchart.401.TheChronicler-Library	244680f858d84dfe	카오스는 자신의 창조물이 제 몸을 해치게 둘 수 없어서, 이를 막으려고 무기 세 개를 보냈지.
791	SAY.Flowchart.402.TheKingOfDarkness-Library	6bacc72cb96e0a2c	그런데도 우주 기생충이 행성을 집어삼키며 돌아다니는 건 내버려 두는군...
792	SAY.Flowchart.405.TheChronicler-Library	df4edc751431701a	맞아. 창조주가 그만하라고 할 때까지 계속될 거야.
793	SAY.Flowchart.403.TheChronicler-Library	74a782943b11ef4c	오랜 친구여, 창조에 깃든 모든 어둠의 힘을 지배하는 자로서...
794	SAY.Flowchart.406.TheChronicler-Library	4780413dcd6c9992	살아 있는 생물에게 흡혈귀화가 어떤 결과를 초래하는지야 잘 알고 있겠지.
795	SAY.Flowchart.407.TheKingOfDarkness-Library	d233ba121b6ff65e	네가 달리 생각한다면 불쾌하겠군.
796	SAY.Flowchart.408.TheKingOfDarkness-Library	1106aff0abd8c145	흡혈귀는 아주 좋아해. 스트리고이든 뱀파이어든 뭐라 부르든 상관없어...
797	SAY.Flowchart.409.TheChronicler-Library	71dc7adb6e154719	햇빛에 해를 입지 않게 만드는 이상한 돌연변이에 대해 들어 본 적 있어?
798	SAY.Flowchart.410.TheKingOfDarkness-Library	a9f054f701379d6b	농담이지?
799	SAY.Flowchart.411.TheChronicler-Library	dc50bb6ed2fe9a05	햇빛을 받으면 불타는 대신 피부에서 백열광이 뿜어져 나와...
800	SAY.Flowchart.412.TheChronicler-Library	c1f6d2ce9defaf5d	얼마 전에는 어린 아가씨들 한 세대가 이 새로운 낮의 흡혈귀 아종에 홀딱 빠졌어.
801	SAY.Flowchart.413.TheKingOfDarkness-Library	bd0d8d61502da00c	좋은 전략이군. 천상의 빛으로 유인한 뒤 송곳니를 박는 거지.
802	SAY.Flowchart.414.TheChronicler-Library	9795922c2661b489	아니... 정확히는 서로 사랑에 빠져 밤낮으로 행복하게 살아가지...
803	SAY.Flowchart.415.TheKingOfDarkness-Library	6726d729cd6fddef	이런, 실망인데.
804	SAY.Flowchart.417.TheChronicler-Library	958e447746dfe4bb	수백 개의 세계를 황폐하게 만드는 역병도 있어, 어둠의 왕.
805	SAY.Flowchart.418.TheChronicler-Library	c71d1a48f5b353d9	내 기록에 끝없는 식욕을 지닌 떼 앞에 은하 전체가 무너진 사례도 적어 뒀어.
806	SAY.Flowchart.419.TheKingOfDarkness-Library	947e7c5050b075bd	얼마 전 행성을 집어삼키는 우주 기생충 이야기를 했지... 뭐, 비슷한 거였어.
807	SAY.Flowchart.422.TheChronicler-Library	2c2d8e2aaef5c129	한 고대 종족은 자신들의 인구를 깎아 먹던 역병을 없애려고 극단적인 선택까지 했어.
808	SAY.Flowchart.420.TheChronicler-Library	cfbfa41b6888744e	그 별진딧물 따위는 광활한 우주를 채운 공포에 비하면 아무것도 아니야.
809	SAY.Flowchart.421.TheKingOfDarkness-Library	43f3665c045a6142	그들은 전능하고 자비로운 카오스에게 도움을 청하지 않았나?
810	SAY.Flowchart.423.TheChronicler-Library	65c3d6562a9e93c8	지고신은 그들의 기도를 외면했고...
811	SAY.Flowchart.424.TheChronicler-Library	fb5872902cf7db80	그 발달한 문명이 스스로 해결책을 찾는 것이 창조주의 뜻이었어...
812	SAY.Flowchart.425.TheChronicler-Library	2ba3c6e2cf5f4deb	그들은 대량살상무기를 만들었어... 역병을 막는 데 성공했지만, 대가는 너무 컸지.
813	SAY.Flowchart.426.TheKingOfDarkness-Library	590b799c698f57b3	영원한 불멸이라고?
814	SAY.Flowchart.427.TheChronicler-Library	6367584f5780b2a7	아니... 그들은 굶겨야만 멈출 줄 모르는 떼를 끝장낼 수 있다는 걸 깨달았어.
815	SAY.Flowchart.428.TheChronicler-Library	70d55ac727165cfa	그들은 자신들뿐 아니라 은하의 모든 생명까지 희생했고, 별들 사이에는 다시 평화가 찾아왔어.
816	SAY.Flowchart.439.TheKingOfDarkness-Library	e40e5c672d8b742c	기록자... 몇 순환 전에 털북숭이에 귀여운 생명체들이 나타났지...
817	SAY.Flowchart.440.TheKingOfDarkness-Library	5d2f6e4f5f661dba	이름이 뭐였는지 기억해?
818	SAY.Flowchart.441.TheChronicler-Library	c0bbd87827e1cd5d	돌과 기지로 하얀 갑옷을 입은 압제자들을 몰아낸, 눈이 툭 튀어나온 털북숭이들을 어찌 잊겠어!
819	SAY.Flowchart.442.TheKingOfDarkness-Library	78974ae152909a68	네가 헷갈리는 것 같은데...
820	SAY.Flowchart.443.TheKingOfDarkness-Library	aefcbf2b9b4ae174	창은 물론이고 기지도 쓰지 않았지.
821	SAY.Flowchart.444.TheKingOfDarkness-Library	4331de473169d4c5	귀가 길고 눈빛도 순했지. 누가 그들을...
822	SAY.Flowchart.445.TheChronicler-Library	5d3775dc0310ee6a	아! 이제 알겠다. 네가 말한 생물들은 내 기억이 맞다면 토끼라고 불러.
823	SAY.Flowchart.446.TheChronicler-Library	70c1800faf25fa55	네 말대로 작고, 귀가 크고, 털도 많았지... 정말 사랑스러웠어
824	SAY.Flowchart.447.TheKingOfDarkness-Library	6c7518bf07d7877b	토끼가 뭔지는 안다, 기록자. 나도 토끼 멸종에 한몫했지.
825	SAY.Flowchart.448.TheKingOfDarkness-Library	95168379889156d5	내가 말한 건 젖거나 밤에 먹이를 먹기 전까지는 사랑스러운 녀석들이야...
826	SAY.Flowchart.449.TheKingOfDarkness-Library	4d249d6e59d0ba9c	그러면 작은 악마로 변했지.
827	SAY.Flowchart.450.TheChronicler-Library	9f22155c67f32bb8	아, 물론이지! 기억나는데, 이름이 떠오르질 않아...
828	SAY.Flowchart.451.TheKingOfDarkness-Library	3520faa8ec8e284d	찾으면 알려 줘. 이름이 혀끝까지 나왔는데...
829	SAY.Flowchart.453.TheChronicler-Library	7718c860d565f7b9	어둠의 왕... 네가 창조된 모든 것 중 가장 강한 존재라고 할 수 있을까?
830	SAY.Flowchart.454.TheKingOfDarkness-Library	57eb946e0b1b4fd6	카오스 다음이고, 빛의 여왕과 공동 2위다.
831	SAY.Flowchart.455.TheKingOfDarkness-Library	d797c4ea6c7bda1b	그 둘을 빼면... 그렇다고 할 수 있겠지.
832	SAY.Flowchart.456.TheChronicler-Library	7d4cbf3572bdb99a	말하기 미안하지만, 한 명 더 있어, 오랜 친구.
833	SAY.Flowchart.457.TheChronicler-Library	c7497b6cb023949a	아주 먼 세계에, 비길 상대가 없는 힘을 지닌 전사가 한 명 있지.
834	SAY.Flowchart.458.TheKingOfDarkness-Library	a0dbcc0176a64cd6	그 삼손이라는 자 말인가? 두 순환 전에도 그자 얘기로 귀찮게 굴었잖아.
835	SAY.Flowchart.459.TheKingOfDarkness-Library	0ddeeb008ab294a9	머리카락을 잃고 힘까지 잃었지. 이보다 한심할 수 있나?
836	SAY.Flowchart.460.TheChronicler-Library	c85e9ab89f14e9f7	삼손도 아주 흥미로운 인물이지만, 그건 아니야.
837	SAY.Flowchart.461.TheChronicler-Library	446f469204676192	내가 말하는 이 영웅은, 그 역시 탈모를 앓고 있지만, 단 한 방에 상대를 쓰러뜨릴 수 있어.
838	SAY.Flowchart.462.TheKingOfDarkness-Library	7bac426c59c67afd	농담이지, 그런 일을 할 수 있는 자는 없어... 키가 얼마나 되지? 10,000피트?
839	SAY.Flowchart.463.TheChronicler-Library	aed98ed32e00632f	평범한 성인 정도 키에, 너보다 조금 작기까지 하지...
840	SAY.Flowchart.464.TheChronicler-Library	253073313fcbaa22	상대가 아무리 강해도, 언제나 단 한 방을 먹이고 승리해.
841	SAY.Flowchart.465.TheKingOfDarkness-Library	1fef813bf7ca0010	내가 그런 힘을 가졌다면...
842	SAY.Flowchart.466.TheChronicler-Library	1649b90290fef726	우울하다고?
843	SAY.Flowchart.467.TheKingOfDarkness-Library	f6ede45789206904	정확해... 어떤 도전도 마주하지 않고, 적을 그렇게 손쉽게 쓰러뜨린다고 상상해 봐...
844	SAY.Flowchart.468.TheKingOfDarkness-Library	3176e1ccc1e99015	그럼 서사에 설 자리가 없겠지... 싸우는 게 가치가 있기는 할까?
845	SAY.Flowchart.469.TheChronicler-Library	d46413bc9256e935	그 생각이 이 전사를 매 순간 괴롭히고 있지...
846	SAY.Flowchart.470.TheKingOfDarkness-Library	ff255fe81523e73e	약점이 있다는 사실에 이렇게 안도한 적은 없군.
847	SAY.Flowchart.472.TheChronicler-Library	27455fea9a329c53	빛과 어둠은 카오스가 창조한 세계마다 아주 다른 형태를 취해...
848	SAY.Flowchart.473.TheChronicler-Library	24f318386ba1bc20	사랑과 증오 같은 감정으로 상징되기도 하고, 밤과 낮의 모습으로 나타나기도 하지...
849	SAY.Flowchart.474.TheChronicler-Library	d5f70efb69111d1e	살아 있는 존재로 화하기도 하지.
850	SAY.Flowchart.475.TheKingOfDarkness-Library	4f33f95074e0b10a	하지만 인내는 형태가 하나뿐이지... 바로 내 형태다.
851	SAY.Flowchart.476.TheChronicler-Library	6819d198cbc0ab01	그 잎사귀는 빛의 힘으로 대지를 살찌워
852	SAY.Flowchart.477.TheKingOfDarkness-Library	ac3fe676c0a40ae7	그럼 어둠은 어쩌지?
853	SAY.Flowchart.478.TheChronicler-Library	1af0f1af5ce99307	그 세계에서 어둠은 여러 화신으로 나타날 수 있어...
854	SAY.Flowchart.479.TheChronicler-Library	a8f95fda42d059bb	새들이 그 힘을 담는 주된 그릇이지.
855	SAY.Flowchart.157.TheChronicler-Library	e94e20229ab21b40	잠깐 시간 있어, 오랜 친구?
856	SAY.Flowchart.158.TheChronicler-Library	79963666115c2fed	방금 내가 쓴 최고의 글 중 하나를 다시 훑어봤어... 이건 네 흥미를 끌 것 같아.
857	SAY.Flowchart.159.TheChronicler-Library	4d77e0d334f7685a	중요한 얘기가 있어, 군주. 네 여정에 큰 도움이 될 것 같아.
858	SAY.Flowchart.160.TheChronicler-Library	cbffb5ff2009a4f4	어둠의 왕, 내 신전을 떠나기 전에 내 말을 들어야 해.
859	SAY.Flowchart.161.TheChronicler-Library	213f8562877c5716	멈춰! 내가 엄선한 명언 하나도 듣지 않고 내 거처에 들어가게 해 줄 순 없어. 잘 들어, 친구여.
860	SAY.Flowchart.237.TheChronicler-Library	149d4dbfff38cf0e	어둠의 왕, 이번엔 황야에서 다시 태어났지.
861	SAY.Flowchart.246.TheChronicler-Library	76f577a6730cf4bf	뭐, 정확히는 다시 태어난 게 아니야. 말 그대로 거기로 떨어졌으니까...
862	SAY.Flowchart.247.TheChronicler-Library	a441076dd8ad1877	내가 묻고 싶은 건... 뭔가 이상한 점 못 느꼈어?
863	SAY.Flowchart.248.TheKingOfDarkness-Library	07d7cbc6ff623b6c	이렇게... 황량했던가.
864	SAY.Flowchart.249.TheKingOfDarkness-Library	61bfc3939d7afb65	황야치고도 지나치게 비어 있었지.
865	SAY.Flowchart.250.TheKingOfDarkness-Library	c5a9f49f58caf8bd	떠도는 영혼들과 역겨운 토착 동물뿐이었지.
866	SAY.Flowchart.251.TheChronicler-Library	09db193388e2c036	중앙 광장과 군주들의 여정을 기리는 기념비 주변에는 상인과 설교자들이 가득했어...
867	SAY.Flowchart.252.TheChronicler-Library	fa5ab5a9fe5a5568	빛과 어둠의 추종자들은 목청껏 언쟁을 벌였고...
868	SAY.Flowchart.253.TheChronicler-Library	2f07792cfdf7a9a3	마을에는 온갖 종족과 민족의 모험가들이 모여들곤 했지...
869	SAY.Flowchart.254.TheChronicler-Library	cdd8e016da326f3f	카오스가 그곳에 저주를 내리기 전까지는.
870	SAY.Flowchart.255.TheKingOfDarkness-Library	be39104cebc02bd7	뭐라고? 카오스가 저주를 내렸다고? 참 놀랍군.
871	SAY.Flowchart.256.TheChronicler-Library	e1a3312bdd382f7e	황야 지하에 어떤 악이 도사리고 있는지 알기만 한다면...
872	SAY.Flowchart.257.TheChronicler-Library	634a7382a6506f06	사실, 너도 대충 짐작은 하고 있을 것 같아.
873	SAY.Flowchart.258.TheChronicler-Library	7cdeea985af4e1c8	몇 페이지 전에도 너와 강력한 경쟁자에 대해 썼던 게 기억나...
874	SAY.Flowchart.259.TheKingOfDarkness-Library	408d696cf90c368e	설교는 됐어, 기록자. 그 자식은 이미 내가 처리했어.
875	SAY.Flowchart.238.TheChronicler-Library	9aab3ac879d1acc2	내가 가장 좋아하는 책 중 하나는 창조주 카오스가 너와 여왕의 영혼을 영원히 가둔 이야기를 다룬 책이야...
876	SAY.Flowchart.260.TheChronicler-Library	8f5d4af3a1ae34d8	그 과정을 묘사하며 펜을 움직이던 순간순간이 또렷이 기억나...
877	SAY.Flowchart.261.TheChronicler-Library	e937866b33bcd886	그 페이지들을 가끔 다시 훑어보게 돼. 네가 관심 있다면 여기 있어.
878	SAY.Flowchart.262.TheKingOfDarkness-Library	d1bd6b5aca8c282d	아니, 괜찮아. 나도 기억하고 있어. 고통은 참을 수 없었지.
879	SAY.Flowchart.263.TheChronicler-Library	7f778755f3e2928a	영혼을 추출하는 일은 아주 섬세한 과정이야.
880	SAY.Flowchart.264.TheChronicler-Library	deab708ce9ea7a99	순수한 정수가 그릇에서 분리되면, 생물이든 무생물이든 새 용기에 넣어야 해.
881	SAY.Flowchart.265.TheChronicler-Library	f914fd5bdee71a6b	지고신은 너희 영혼을 두 요람에 맡겼어. 하나는 빛의 탑에, 다른 하나는...
882	SAY.Flowchart.266.TheKingOfDarkness-Library	b15f504a8c77efcf	다른 하나는 심연에.
883	SAY.Flowchart.267.TheChronicler-Library	8bccb7af4f0c0b37	맞아... 그리고 그곳에 저주받고 사슬에 묶인 채 남아, 아이테르나에 균형이 이어지도록 하겠지...
884	SAY.Flowchart.269.TheChronicler-Library	3d7ae29b700fb108	그렇게 쓰여 있으니까.
885	SAY.Flowchart.268.TheKingOfDarkness-Library	4edcb4aa01af3697	네 일 참 좋아하는군.
886	SAY.Flowchart.239.TheChronicler-Library	2a1c93601f74ace4	어둠의 왕, 너와 할 얘기가 있어.
887	SAY.Flowchart.270.TheChronicler-Library	3c9164ff2040b34b	내 최근 저서 중 하나를 다시 훑어보고 있었어.
888	SAY.Flowchart.271.TheChronicler-Library	30aeb582b62ff07a	지난번 빛이 아이테르나를 다스렸을 때, 널 괴롭히던 질문을 안고 내 앞에 찾아왔지...
889	SAY.Flowchart.272.TheKingOfDarkness-Library	cf9d9afc606ee7e5	네가 시킨 대로 했어.
890	SAY.Flowchart.273.TheKingOfDarkness-Library	d5fd9205873957f4	신전까지 가서 시련을 통과하고 신탁과 알현했어.
891	SAY.Flowchart.274.TheChronicler-Library	997ac2cd4f7d5cf1	최근에 신탁과 대화한 이가 너뿐만은 아니라는 사실, 흥미로울지도 모르겠네...
892	SAY.Flowchart.275.TheChronicler-Library	eb2207ba5a659935	다른 누군가도 그곳에 있었어...
893	SAY.Flowchart.276.TheKingOfDarkness-Library	ea67cf1639c6d43c	보통은 네 입을 열게 만들 필요도 없잖아, 기록자.
894	SAY.Flowchart.277.TheKingOfDarkness-Library	d6003b0cdff916ea	왜 그렇게 입을 다물고 있지? 신탁의 신전을 방문한 자가 또 누군데?
895	SAY.Flowchart.278.TheChronicler-Library	46be84fb8a1332cc	이름을 말해 주고 싶지만, 나조차 모르는 언어를 쓰거든...
896	SAY.Flowchart.279.TheChronicler-Library	aacd5b60897f3001	이 차원에 속한 존재가 아니야. 아주 먼 곳에서 온 존재지...
897	SAY.Flowchart.280.TheChronicler-Library	9d7287f7a501cb54	그리고 네가 다녀간 뒤에 그곳에 왔지.
898	SAY.Flowchart.281.TheKingOfDarkness-Library	4eb4b4478fa4f222	상관없어. 신탁이 약속을 지켰기만을 바랄 뿐이야.
899	SAY.Flowchart.241.TheChronicler-Library	6ff5564278e4c22a	합성체들... 아주 오래전에 도착했지. 그들이 온 일을 기록한 페이지 하나하나가 기억나.
900	SAY.Flowchart.292.TheChronicler-Library	d5562255ab837740	이 기계 생명체들이 어디서 왔는지는 아무도 확실히 몰라
901	SAY.Flowchart.293.TheKingOfDarkness-Library	3c96dc1be0b1ff53	너도 모른다고, 기록자?
902	SAY.Flowchart.294.TheChronicler-Library	8372efbfe0f1099d	우리 차원에 어떻게 도착했는지는 알지만, 어디에서 왔는지는 몰라.
903	SAY.Flowchart.295.TheChronicler-Library	db2fe284f8c9643b	그들의 함선은 무한의 바다 깊은 곳에 착륙했어.
904	SAY.Flowchart.296.TheChronicler-Library	29ec1a7f6d741bb2	그들은 빛의 요람에서 뽑아낸 에너지로 중추를 가동하고 있어.
905	SAY.Flowchart.297.TheKingOfDarkness-Library	a3d5ce663564a115	바다 깊은 곳의 집까지 가면 그들을 끝장낼 수 있을까?
906	SAY.Flowchart.298.TheChronicler-Library	acacbbe716ab3087	나도 몰라, 어둠의 왕. 전례가 없거든.
907	SAY.Flowchart.299.TheChronicler-Library	0eddc105edf14872	지금까지 이렇게 멀리 온 기계 종족은 없었어.
908	SAY.Flowchart.300.TheChronicler-Library	de1dad714ad9f686	하지만 내 직감으로는 네 생각이 틀리지 않은 것 같아. 그들의 해저 요새에서 답을 찾을 수 있을 거야.
909	SAY.Flowchart.240.TheChronicler-Library	2e76458c5cd2947d	어둠의 왕, 창조에 대해 뭘 알고 있어?
910	SAY.Flowchart.282.TheKingOfDarkness-Library	ec80bdbe0c6ea21a	거의 전부지. 네 설교와 내 무한한 인내 덕분에...
911	SAY.Flowchart.283.TheChronicler-Library	c561500bd75d9f72	그건 너치고도 꽤 대담한 주장이야.
912	SAY.Flowchart.284.TheChronicler-Library	ed7a039f37f3e10e	나조차 그런 말은 감히 못 하겠어.
913	SAY.Flowchart.285.TheKingOfDarkness-Library	14fe4ea784d9be11	뭘 원하는 거지?
914	SAY.Flowchart.286.TheChronicler-Library	c258aa0bd0fa3040	내 가장 오래된 책 중 하나에서 세계 사이를 잇는 실에 대해 썼어...
915	SAY.Flowchart.287.TheChronicler-Library	06a8a71a6c0e74f8	우리 창조주 카오스가 만든 모든 현실을 연결하는 통로야.
916	SAY.Flowchart.288.TheChronicler-Library	e2a05ac9a0082a11	많은 모험가가 그곳에 닿으려 했지만, 돌아온 이는 지금껏 한 명도 없어.
917	SAY.Flowchart.289.TheKingOfDarkness-Library	4d1148cacaae2396	그렇게 오래 지나고 이제 와서 말하는 건가?
918	SAY.Flowchart.290.TheChronicler-Library	a31fda3bbbf77d98	네가 문으로 들어오는 걸 보고 그냥 생각났어, 그뿐이야.
919	SAY.Flowchart.291.TheChronicler-Library	ec163c24257209fd	카오스께 축복을...
920	SAY.Flowchart.243.TheChronicler-Library	9dec52a179ba2a9e	황야 깊은 곳에서 위험한 발굴 작업이 벌어지고 있다는 소문이 있어.
921	SAY.Flowchart.314.TheKingOfDarkness-Library	5af1402a7d57b174	이제 네가 그저 소문일 뿐이고 그런 건 존재하지 않는다고 말할 차례겠지.
922	SAY.Flowchart.315.TheChronicler-Library	3eb1498897f54ea0	소문과 뒷말은 보통 내 오락거리일 뿐이지만, 이번엔 달라...
923	SAY.Flowchart.316.TheChronicler-Library	2869b98a37005244	그 발굴 작업은 카오스의 계율만큼이나 확실해.
924	SAY.Flowchart.317.TheChronicler-Library	bbc11c7ea8a6b9b9	황야 아래에는 저주받은 자들의 구덩이가 있어...
925	SAY.Flowchart.318.TheChronicler-Library	d63c26e8b68268ba	우리 창조주가 자신의 모든 힘을 빼앗으려 한 자들을 가두려고 만든 감옥이지.
926	SAY.Flowchart.319.TheKingOfDarkness-Library	66f9c92bf1677d65	그렇다면 빛의 여왕과 나는 그곳에 갇혀 있어야겠지.
927	SAY.Flowchart.320.TheChronicler-Library	2385cb2711e3ae73	너희의 행동은 아이테르나의 균형을 거의 무너뜨릴 뻔했어...
928	SAY.Flowchart.321.TheChronicler-Library	3c610b3bb7ae61ec	하지만 그 구덩이에 사는 자들은 카오스 자신에 버금가는 힘을 지닌 존재들이야.
929	SAY.Flowchart.322.TheChronicler-Library	3278be4b1988b63b	여기 네가 그들 중 하나와 이미 만났다고 적혀 있네...
930	SAY.Flowchart.323.TheKingOfDarkness-Library	18d14ff5298ae29d	가리발디 말인가?
931	SAY.Flowchart.324.TheChronicler-Library	82abe35bfa55e296	바로 그 존재 말이야. 그 힘이 워낙 강해서 저주받은 자들의 구덩이에서 탈출했지...
932	SAY.Flowchart.325.TheChronicler-Library	02bbf1f1d2fe0ebb	하지만 네가 그 괴물을 쓰러뜨린 덕에, 놈은 다시 자기 감옥으로 돌아갔어.
933	SAY.Flowchart.326.TheChronicler-Library	6b9f7d8ca4322c52	그곳까지 내려갈 생각이라면 조심해. 그 감옥에 사는 생물들만큼 무서운 적은 지금껏 만나 본 적 없을 테니까.
934	SAY.Flowchart.242.TheChronicler-Library	f614de456bc5ee6c	어둠의 왕... 네 약점을 알고는 있어?
935	SAY.Flowchart.301.TheKingOfDarkness-Library	cd54dc6636f06196	나는 영원히 싸우도록 저주받은 불멸의 전사다.
936	SAY.Flowchart.302.TheKingOfDarkness-Library	ec9b7af83474ae88	내 유일한 약점은 아주 차가운 맥주지.
937	SAY.Flowchart.303.TheChronicler-Library	c336177da9f31590	그렇게... 시시한 걸 말한 건 아니야.
938	SAY.Flowchart.304.TheChronicler-Library	8b204e89c1be8dab	넌 이제 곧 문을 하나 넘게 되고, 그 너머에는 네 가장 두려운 적이 기다리고 있어.
939	SAY.Flowchart.305.TheChronicler-Library	666513c16e1c59ae	그자는 네가 뭘 할 수 있는지 누구보다 잘 알아... 할 수 없는 것도.
940	SAY.Flowchart.306.TheChronicler-Library	8cdbf0987c29c64d	그를 쓰러뜨리는 건 자제력과 명상의 문제야. 주먹이나 검은 필요 없어.
941	SAY.Flowchart.307.TheKingOfDarkness-Library	160191c9120d9d92	잔소리는 그만해, 기록자. 누구 얘기를 하는 거지?
942	SAY.Flowchart.308.TheChronicler-Library	48b77ea10bfe441a	너 자신이지.
943	SAY.Flowchart.309.TheKingOfDarkness-Library	3b122a7d6d30786b	뭐라고!?
944	SAY.Flowchart.310.TheChronicler-Library	c6bacb7aed22868c	저주받은 왕의 힘을 지킬 사람은 너밖에 없어.
945	SAY.Flowchart.311.TheKingOfDarkness-Library	981ac544418dab5f	수천 순환이 지났는데, 이런 일은 처음이군...
946	SAY.Flowchart.312.TheChronicler-Library	2c6a0540ec4181a7	너에겐 처음이지만, 여왕도 몇 순환 전에 자기 자신과 맞서야 했어...
947	SAY.Flowchart.313.TheChronicler-Library	f9cf54ea02c6af85	해내, 어둠의 왕. 최악의 적과 맞서 빼앗긴 힘을 되찾아.
948	SAY.Flowchart.244.TheChronicler-Library	c7c8d787aea78434	신탁과 나눈 네 대화를 옮겨 적었어, 어둠의 왕.
949	SAY.Flowchart.327.TheChronicler-Library	679cded4ce4577db	이제 세상의 끝을 지나 창조의 근원 그 자체에 닿게 될 거야... 코스모스.
950	SAY.Flowchart.328.TheKingOfDarkness-Library	123f4e40a9b76cdb	네 눈을 피할 수가 없군, 기록자.
951	SAY.Flowchart.329.TheChronicler-Library	f1658478eecc9d63	광활한 공허를 가로지른 네 여정을 기록하고 싶어 죽겠어.
952	SAY.Flowchart.330.TheChronicler-Library	bfa30c04a7fda529	저편의 문을 여는 열쇠 하나가 세상의 끝에서 널 기다리고 있어. 꼭 챙겨 와. 행운을 빌게.
953	SAY.Flowchart.331.TheKingOfDarkness-Library	e987445184ce849a	명심하지.
954	SAY.Flowchart.591.TheChronicler-Library	82794283f17c3c7e	어둠의 왕, 네가 정말 부러워.
955	SAY.Flowchart.592.TheChronicler-Library	8f1be116b5d83929	창조된 모든 것을 담은 그릇, 코스모스 그 자체를 다녀왔구나.
956	SAY.Flowchart.593.TheChronicler-Library	0ea936537be9fdcd	내가 쓴 글에 묘사한 만큼 아름다워?
957	SAY.Flowchart.594.TheKingOfDarkness-Library	756ba7eb5d16177a	숨이 차는 데다 우리 창조주 카오스가 뒤를 바짝 쫓아와서, 자세히 살필 시간도 없었어.
958	SAY.Flowchart.595.TheChronicler-Library	0d94738a029878ca	지고신이 장래가 촉망되던 세계 몇 곳을 쓸어버렸어.
959	SAY.Flowchart.596.TheChronicler-Library	6716c2671d3119b3	곤충형 종족의 행성이 안타까워. 우리와 아주 비슷한 문명이었는데.
960	SAY.Flowchart.597.TheKingOfDarkness-Library	016a58277efdd844	기록자, 불멸이라 해도 시간은 여전히 소중해.
961	SAY.Flowchart.598.TheChronicler-Library	b7c365307e968616	어서 가, 친구여. 코스모스에서 찾은 열쇠를 써서 문 너머에서 기다리는 것을 되찾아.
962	SAY.Flowchart.245.TheChronicler-Library	4aa08ffd971fe09a	내가 써 내려간 어두운 장들 가운데, 다시 읽을 때마다 몸서리치게 되는 장이 하나 있어.
963	SAY.Flowchart.344.TheKingOfDarkness-Library	71760fde3dafff22	카오스가 나와 여왕에게 저주를 내렸을 때 얘기인가?
964	SAY.Flowchart.345.TheChronicler-Library	842b77920ffc3e7e	그 순간은 몹시 끔찍하지만, 동시에 무척 흥미롭기도 해.
965	SAY.Flowchart.346.TheChronicler-Library	14ecb4d20293ebbd	아니, 황제가 득세하던 시절 아이테르나의 근간이 어떻게 흔들렸는지를 말하는 거야...
966	SAY.Flowchart.347.TheKingOfDarkness-Library	a31ff7636e42d337	그렇게 강력했다면서...
967	SAY.Flowchart.348.TheKingOfDarkness-Library	e0704831d78affb9	그렇게 강력했다면 카오스는 왜 그자에게도 저주를 내리지 않았지? 왜 저주받은 자들의 구덩이에 가두지 않았지?
968	SAY.Flowchart.349.TheChronicler-Library	b8254b36971e527d	지고신보다 먼저 움직인 하위 신들이 폭군을 끌어내렸어.
969	SAY.Flowchart.350.TheChronicler-Library	13cb0ece75b358ca	그를 가두고, 그의 힘을 석주에 격리한 뒤 그 석주를 파괴했어...
970	SAY.Flowchart.351.TheChronicler-Library	2e9df886530067e3	카오스가 자신의 창조물을 이토록 자랑스러워한 적은 없었어.
971	SAY.Flowchart.352.TheKingOfDarkness-Library	5a8edffbb6b483e4	그 황제란 자, 운도 좋군.
972	SAY.Flowchart.357.TheChronicler-Library	f8c7c58584385268	어둠의 왕, 다른 차원에서 우리 차원으로 건너온 존재가 기계만은 아니야.
973	SAY.Flowchart.358.TheKingOfDarkness-Library	97069e1db48832d9	또 전처럼 내가 들어오는 걸 보고서야 기억난 건가?
974	SAY.Flowchart.359.TheChronicler-Library	357a9177af074fc8	이번 순환에 네가 그 석주를 재건할 줄은 꿈에도 몰랐어...
975	SAY.Flowchart.360.TheChronicler-Library	f2f4ff21843161f0	그래서 난 그가 어디서 왔는지 굳이 깊이 파고들 필요는 없다고 생각했어...
976	SAY.Flowchart.361.TheChronicler-Library	96f0725586ccff37	신들이 그를 그곳에 가둔 데는 다 이유가 있어.
977	SAY.Flowchart.362.TheKingOfDarkness-Library	401d0e7a715851ff	그 자식은 날 속였지만, 대가는 톡톡히 치르게 했지.
978	SAY.Flowchart.363.TheKingOfDarkness-Library	59dfc6b383b1c86b	황제는 다시 쓰러졌고, 다시는 통치하지 못할 거다.
979	SAY.Flowchart.565.TheChronicler-Library	703011c4be28db82	나 같으면 그렇게 확신하진 않겠어...
980	SAY.Flowchart.365.TheChronicler-Library	11ebdcf78eaecec0	이 일을 하며 배운 게 있다면, 패배가 끝은 아니라는 거야.
981	SAY.Flowchart.366.TheKingOfDarkness-Library	924cfb18c8fc3c8b	그건 내가 누구보다 잘 알지.
982	SAY.Flowchart.25.TheChronicler-Library	421657c77c1b33a9	마침 수문장과의 작별 장면에 마침표를 찍은 참이야.
983	SAY.Flowchart.59.TheChronicler-Library	5d0e6f9fc17bc830	네가 저 문으로 들어가는 문단을 마저 끝내게 해 줘...
984	SAY.Flowchart.26.TheKingOfDarkness-Library	f91853b21b56b55e	기록자... 다시 보니 언제나 반갑군.
985	SAY.Flowchart.27.TheChronicler-Library	58af4afffbf89bc4	안녕, 오랜 친구. 네 그... 톡 쏘는 성격이 슬슬 그리워지던 참이야.
986	SAY.Flowchart.28.TheKingOfDarkness-Library	f25ffb7838c4fa71	어둠의 왕이라 불리는 데는 다 이유가 있다.
987	SAY.Flowchart.29.TheChronicler-Library	079942d73a09b57f	아, 그래, 불멸자로서의 네 이름.
988	SAY.Flowchart.60.TheChronicler-Library	cef9c2bd17071755	그 이름을 처음 썼을 때가 아주 또렷이 기억나. 아마 몇 권이었더라...
989	SAY.Flowchart.30.TheKingOfDarkness-Library	ed6cc947ee4a4f92	방금 바닥에 처박혀서 힘을 전부 되찾아야 한다. 그렇게 빨리 망쳐 놓진 마...
990	SAY.Flowchart.31.TheChronicler-Library	258d07f5d7f30c77	오! 내가 또 딴소리를 하고 있네... 미안해.
991	SAY.Flowchart.61.TheChronicler-Library	43ffe92534a95a85	넌 날 잘 알잖아, 어쩔 수가 없네... 난 내 일이 정말 좋아!
992	SAY.Flowchart.32.TheChronicler-Library	9949379b6b2533ca	왕들의 신전 입구는 좀 더 앞에 있어.
993	SAY.Flowchart.62.TheChronicler-Library	e5f8802b91d6e733	거기에는 네가 지난번에 열었던 {b}{color=#9523d8}열 개의 문{/color}{/b}이 있어.
994	SAY.Flowchart.63.TheChronicler-Library	d7247492a752ba83	지금은 봉인되어 있어. 새로운 순환이 시작될 때마다 늘 그렇듯이...
995	SAY.Flowchart.33.TheChronicler-Library	e7b12d2328dbd3fa	열쇠 중 첫 번째를 가져가... 나머지 아홉 개는 아이테르나 곳곳에 흩어져 있어.
996	SAY.Flowchart.64.TheChronicler-Library	efbb17cec7a17a9a	그중 하나를 찾을 때마다 돌아와서 새로운 시련에 맞서. 행운을 빌게, 친구여.
997	SAY.Flowchart.34.TheKingOfDarkness-Library	feac96507285b95d	곧 다시 들르지.
998	ZONEMAP.Templo de los Reyes.Librería.-414230	60b625da2731508a	왕들의 신전#도서관
999	SAY.Flowchart.480.TheChronicler-Library	4a27a5b0f0337063	빛을 품은 나무가 정령들을 통해 그 빛을 퍼뜨리는 세계가 있어...
1000	TMPRO.TMPro.1800282	6f867a1bb2f7404b	전투에서 스러진 자들의 혼백이 이 저주받은 땅에 머문다. 그들의 떠도는 영혼은 이 평원을 떠돌며, 전장에서 자신의 솜씨가 부족했음을 영원히 한탄한다.
1001	TMPRO.TMPro.3896070	09ec435314bfb854	황야는 끝이 아니다. 자격을 증명하는 자는 두 번째 기회를 얻지만, 이 성벽 너머의 공포를 이겨 내고 되살아난 자는 드물다.
1002	TMPRO.TMPro.6290570	9b8e51fac54f1018	포식자는 자신의 탑에서 용감한 영혼들이 오기를 끈기 있게 기다린다. 그들을 먹어 치워 영원한 공포의 세계로 몰아넣기 위해서다. 실패는 선택지가 아니다.
1003	TMPRO.TMPro.-340726	0f413aea8097bebe	창조주는 무한한 지혜로 왕들의 제단을 창조했다. 스러진 군주가 하늘로 올라 아이테르나의 옥좌를 되찾는 데 필요한 힘의 조각을 안치할 신성한 장소다. 영원히.
1004	TMPRO.TMPro.-178652	14ca5a8495c38a70	저주받은 왕의 죽음은 포식자를 훨씬 더 강력한 존재로 만든다. 새로운 순환이 거듭될 때마다 불멸의 영혼을 삼키고자 하는 갈망이 식욕을 키운다. 그 짐승은 패배한 왕이 자신을 찾아오리라는 것을 안다.
1005	TMPRO.TMPro.-189154	348e248d7917d6df	카오스가 창조한 포식자는 전투에서 패한 자들의 영혼이 되살아나지 못하도록 스러진 자들의 황야를 봉인해야 한다. 그 존재만으로도 전능자의 창조물 안의 균형을 위협하기 때문이다.
1006	TMPRO.TMPro.-194322	13484c8d5a2274ea	지고신은 그 짐승에게 채워지지 않는 굶주림을 축복으로 내렸다. 그 식욕이 어찌나 큰지, 카오스는 새로운 순환이 시작될 때마다 왕들의 제단 조각 하나로 그것을 먹인다. 이 선물은 포식자의 힘을 저주받은 왕과 맞먹을 정도로 끌어올린다.
1007	TMPRO.TMPro.-212962	bc6c79f96a6e6270	하늘로 향하는 길은 이 성벽을 지키는 짐승을 쓰러뜨리는 데 있다. 스러진 군주는 자신의 힘을 증명하기 위해 포식자를 처치하고, 제단을 이루는 일곱 봉인 중 하나를 그 내장에서 뜯어내야 한다.
1008	TMPRO.TMPro.-244644	4a2c01ef63b21180	그녀를 끝장낼 수 있었지만 그러지 않았다... 증오에 휩쓸렸어야 했는데, 오히려... 이게 뭐지? 이런 기분은 그 일이 있기 전부터 느껴 본 적 없는데... 그럴 리 없다... 어둠의 왕은 사랑할 수 없다...
1009	TMPRO.TMPro.-353172	98b55e74a2a203cb	마지막 일격을 가할 수 있었는데... 그러지 않았다... 그의 눈빛이 달라졌다. 그 눈에 서린 것은 더 이상 증오가 아니라, 더 따뜻한 무언가였다... 시간이 너무 흘렀다. 이제는 옥좌를 되찾으러 돌아왔어야 한다...
1010	TMPRO.TMPro.-415918	d35a93326b58cdd5	빛이 어둠을 이기고 있다... 점점 약해지는 게 느껴진다... 내 힘이 매 순간 사라진다... 더는 버틸 수 없다... 무언가 하지 않으면... 나는 소멸하고 말 것이다.
1011	TMPRO.TMPro.-447876	4245fcba0cf09677	카오스의 저주 이전부터 이렇게 행복했던 적은 없었다... 우리 사랑의 결실은 빛과 어둠에 감싸여 태어날 것이다... 그토록 많은 증오와 싸움의 순환을 지나... 상상도 못 했지만, 사실이다... 우리 사랑은 진짜다...
1012	TMPRO.TMPro.-452132	d4f0b2148e189b4d	왜 다시 카오스에게 굴복해야 하는가? 내 힘을 원한다... 더 많은 힘을... 순환의 시대는 끝날 것이다...
1013	TMPRO.TMPro.-1550228	63871d4f8ca8a540	침대는 비어 있었고, 궁전에는 그의 흔적이 없다... 그가 어디로 갔든 무사하리라 믿는다. 언젠가는 돌아올 것이다...
1014	TMPRO.TMPro.-819122	1a8398558deb0c81	창조주는 모든 일을 단단히 매듭지었다... 언제나 한발 앞서 있다... 무모한 짓은 할 수 없다... 내 존재가 위험에 처했다... 행동해야 한다... 지금...
1015	TMPRO.TMPro.-851076	6ea985fa9c396631	내 장군들이 이미 경고했다... 어둠의 왕은 사랑할 수 없으며, 증오만 품을 뿐이다... 그들은 그가 결국 본능에 굴복하리라고 말했다... 그가 돌아오면, 내가 기억하는 그와는 다른 모습일까 두렵다...
1016	TMPRO.TMPro.-851746	271d3eb40340099d	시간은 내 편이 아니다... 선택지가 줄어든다... 신탁을 전적으로 믿지는 않지만, 다른 방법이 없다...
1017	TMPRO.TMPro.-918464	6a3dd3616fde2308	탐험가들이 그를 발견했다... 그는 아이테르나의 이 영역을 모두 지나 궁전에 다가오고 있다...
1018	TMPRO.TMPro.-918960	b9e2c883944ec6db	계획은 실행에 들어갔다. 돌아갈 길은 없다... 시작한 일을 끝내겠다.
1019	TMPRO.TMPro.-949544	57e0f0f0f7e3bcfd	배신당했다... 이용당했다... 무슨 일이 일어났는지 이해할 수 없다... 우리가 함께 행복하지 않았던가? 우리 사랑의 결실은 그의 아버지에게 먹혀 버렸다... 내가 어떻게 그렇게 순진할 수 있었을까? 대가를 치르게 하겠다... 빛이 다시 군림할 것이다... 오랫동안.
1020	SAY.Flowchart.13.TheGuardian-WOTFTown	334d393c7b56d797	아무래도 제 눈이 잘못 본 건 아니었나 봅니다. 정말로 하늘에서 군주가 떨어지셨군요...
1021	SAY.Flowchart.27.TheGuardian-WOTFTown	3985b7d43003f46c	이미 온몸으로 느껴집니다. 새로운 순환이 시작되었습니다.
1022	SAY.Flowchart.14.TheGuardian-WOTFTown	7fb9ec2d582c629a	그녀가 마지막으로 이곳을 지나갔을 때, 눈빛에 깃든 결의를 볼 수 있었습니다. 분노도 있었지요. 예상했던 것보다 훨씬 더...
1023	SAY.Flowchart.15.TheGuardian-WOTFTown	5dde746cc1cd0a76	그녀가 각하보다 먼저 하셨고, 각하께서 다시 그녀보다 먼저 하셨듯이...
1024	SAY.Flowchart.28.TheGuardian-WOTFTown	06ac450b2ca41f4a	그리하여 첫 순환부터 지금까지, 폐하께서는 전투에서 잃은 힘을 되찾고 아이테르나의 옥좌를 되찾으셔야 합니다.
1025	SAY.Flowchart.16.TheGuardian-WOTFTown	402bbf99c49951c4	그것이 카오스의 뜻입니다. 하나가 다른 하나를 대신하고, 빛이 어둠을 대신하는 것...
1026	SAY.Flowchart.17.TheKingOfDarknessWOTFTown	26cbeb0c13111378	설교는 됐다, 수문장. 이건 평생 해 온 일이다.
1027	SAY.Flowchart.18.TheGuardian-WOTFTown	73c1bb740f871b30	그리고 폐하께서는 평생 그렇게 하시게 될 겁니다. 그녀와 마찬가지로요... 우주의 균형은 그렇게 유지됩니다.
1028	SAY.Flowchart.19.TheKingOfDarknessWOTFTown	18d79f04e5c5da2a	순환마다 똑같은 설교라니...
1029	SAY.Flowchart.20.TheGuardian-WOTFTown	e944d8c089febfce	방금 필멸자의 차원으로 내려오셨습니다...
1030	SAY.Flowchart.30.TheGuardian-WOTFTown	ab4a294ac74a6477	한동안 어지럽고 혼란스러우실 수도 있습니다.
1031	SAY.Flowchart.29.TheGuardian-WOTFTown	65649a88ca28b143	기본 동작을 다시 알려드릴까요, 어둠의 왕이시여?
1032	MENU.Flowchart.21	739215889580345e	예
1033	MENU.Flowchart.23	1ea442a134b2a184	아니오
1034	SAY.Flowchart.37.TheGuardian-WOTFTown	c51639c1c95ed453	그럼 그렇게 하시지요, 폐하. 여정에 행운이 함께하기를 바랍니다.
1035	SAY.Flowchart.38.TheGuardian-WOTFTown	4e3f89d08669c75f	어둠이 다시 아이테르나를 다스리기를.
1036	SAY.Flowchart.25.TheGuardian-WOTFTown	f5b10ab04961508a	현명한 결정이십니다, 폐하. 저를 따라오시지요.
1037	SAY.Flowchart.23.TheKingOfDarknessWOTFTown	8da2c2c8f326e341	다시 한번, 수천 번 되풀이된 이야기...
1038	SAY.Flowchart.35.TheKingOfDarknessWOTFTown	282880cd16ba3ea1	{b}{color=#9523d8}왕들의 제단 조각 일곱 개...{/color}{/b} 그것들을 찾아 다시 기둥에 끼워 넣어야 한다.
1039	SAY.Flowchart.37.TheKingOfDarknessWOTFTown	aa656d357abf4c2c	그래야만 내 힘을 되찾고 다시 하늘로 올라갈 수 있다.
1040	SAY.Flowchart.95.TheKingOfDarkness-Forge-3	a52b6cfb71a5466f	드디어 찾았군. 아직 제정신이냐?
1041	SAY.Flowchart.96.Blacksmith-Forge-3	3ee61d2be80d0d62	머릿속에서 그 목소리가 이따금 다시 들리지만, 아직 제 의지대로 행동할 수 있어요.
1042	SAY.Flowchart.97.TheKingOfDarkness-Forge-3	229b7a5934075461	약속은 지켰다. 이제 네 딸은 안전할 거다.
1043	SAY.Flowchart.98.Blacksmith-Forge-3	ff618d304653afa6	고마워요, 낯선 분.
1044	SAY.Flowchart.241.TheKingOfDarkness-Forge-3	bf7d0e02529ee3bd	감사는 나중에 해라...
1045	SAY.Flowchart.100.TheKingOfDarkness-Forge-3	961966e1328a8086	어둠의 재료는 내게 있고, 그걸 빚어낼 힘은 네게 있다.
1046	SAY.Flowchart.101.TheKingOfDarkness-Forge-3	25d5cd22745905a9	이제 내 무기를 만들어라.
1047	SAY.Flowchart.XXX.Blacksmith-Forge-3	8e4922bccce727a4	불사조의 힘으로 어둠의 재료를 빚을 수 있습니다
1048	SAY.Flowchart.109.Blacksmith-Forge-3	d7c3fcb599a714d8	원하시는 무기는 무엇이든 벼려 드릴 수 있습니다. 같은 무기의 부품 하나도 필요합니다.
1049	SAY.Flowchart.138.Blacksmith-Forge-3	1a9d6ca2ad6ce5ac	날이나 손잡이의 일부면 됩니다... 제가 본보기로 삼을 만한 것이면 됩니다.
1050	SAY.Flowchart.145.Blacksmith-Forge-3	869f4a27705b948c	무언가 벼려 드릴까요, 폐하?
1051	SAY.Flowchart.127.Blacksmith-Forge-3	6056cf80b0eae591	여기 폐하의 무기가 있습니다.
1052	SAY.Flowchart.128.TheKingOfDarkness-Forge-3	6fb50011e400775c	훌륭한 솜씨군... 명장에게 걸맞은 작품이다.
1053	SAY.Flowchart.132.Blacksmith-Forge-3	c3d30c582a9a2d29	이제 폐하의 검은 더욱 치명적입니다.
1054	SAY.Flowchart.133.Blacksmith-Forge-3	6fb50011e400775c	훌륭한 솜씨입니다... 명장에게 걸맞은 작품입니다.
1055	SAY.Flowchart.149.CursedBlacksmith	ccc5014e5ab8114e	어둠의 왕! 네가 마지막으로 여기 들른 뒤로 꽤 오래됐군.
1056	SAY.Flowchart.132.TheKingOfDarkness-Forge-Quest	449b391239d53f5e	여기저기 돌아다니며 우주의 균형을 유지하느라 바빴다...
1057	SAY.Flowchart.133.TheKingOfDarkness-Forge-Quest	275f893177cc2626	불멸자라면 다 겪는 일이지, 뭐.
1058	SAY.Flowchart.135.CursedBlacksmith	e7ab6ee45c5b7675	언제나처럼 말재주가 좋군...
1059	SAY.Flowchart.22.CursedBlacksmith	fa89f4a35381611d	날 그만 귀찮게 하고, 내 대장간을 떠나 네가 온 길로 돌아가는 게 어떠냐?
1060	SAY.Flowchart.150.TheKingOfDarkness-Forge-Quest	7947cfb69687d95b	안 돼. 어린 아가씨와 이야기했는데, 그 애는 내가 아버지를 구하러 가는 줄 안다. 실망시킬 수는 없지.
1061	SAY.Flowchart.45.CursedBlacksmith	7484f3ed7d77d87b	배려는 고맙지만, 내게 선택권을 남기지 않는군.
1062	SAY.Flowchart.96.CursedBlacksmith	62bca4ec9e29e968	역시 기대를 저버리지 않는군, 어둠의 왕.
1063	SAY.Flowchart.118.CursedBlacksmith	2eab723a7bfc5225	지난번 네가 내 영역에 들어왔을 때처럼 여전히 건재하군.
1064	SAY.Flowchart.97.TheKingOfDarkness-Forge-Quest	df8b72dab1abf205	이 얼간이들을 내게 보내 스스로 망신을 사는군.
1065	SAY.Flowchart.119.TheKingOfDarkness-Forge-Quest	f838a52e306ed020	이것보다 나은 걸 내놓을 수는 없나?
1066	SAY.Flowchart.98.CursedBlacksmith	053209cfc8cd092c	아직 {b}{color=#9523d8}용광로 두 기{/color}{/b}가 버티고 있다… 지금 떠나지 않으면 내 진짜 힘을 보게 될 거다.
1067	SAY.Flowchart.25.CursedBlacksmith	d0b965ee3d831726	좋게 말할 때 물러나라, 어둠의 왕.
1068	SAY.Flowchart.120.CursedBlacksmith	90174b9022712400	네가 마지막으로 대장간에 왔을 때보다 내 힘은 몇 배나 늘었다.
1069	SAY.Flowchart.124.CursedBlacksmith	7733fc2ba3c1b625	꺼져라. 아니면 내 광신도로 만들어 주지.
1070	SAY.Flowchart.26.TheKingOfDarkness-Forge-Quest	be1ca6f251c8704a	이 모든 순환 동안... 이게 네 최고의 농담이군.
1071	SAY.Flowchart.125.TheKingOfDarkness-Forge-Quest	c874e42db8f60210	그래도 넌 겁쟁이일 뿐이다.
1072	SAY.Flowchart.103.TheKingOfDarkness-Forge-Quest	26081ea47cd0b1c6	계속 우스운 꼴을 보이는 것도 지겹지 않나?
1073	SAY.Flowchart.126.CursedBlacksmith	1d9d162d67d24c5a	네가 없는 동안 내가 얼마나 큰 힘을 쌓았는지 짐작도 못 하겠지.
1074	SAY.Flowchart.128.CursedBlacksmith	574fdc15d834c45e	아직 {b}{color=#9523d8}마지막 용광로{/color}{/b}만은 멀쩡히 남겨 둘 수 있다...
1075	SAY.Flowchart.104.TheKingOfDarkness-Forge-Quest	6a252ac6b1a8c80e	다른 방법을 제안하지...
1076	SAY.Flowchart.127.TheKingOfDarkness-Forge-Quest	654369f6d67fa0c3	내 앞에 무릎 꿇으면 네 용광로는 내버려 두겠다.
1077	SAY.Flowchart.147.CursedBlacksmith	56a46509a1e06716	건방진 놈... 이 대가를 치르게 하겠다...
1078	SAY.Flowchart.136.CursedBlacksmith	c8ffc2fdd0c4763f	이게 네 마지막 기회다.
1079	SAY.Flowchart.65.TheKingOfDarkness-Forge-Quest	a660f3ad07058a1d	네게도 마지막 기회다. 내 제안은 생각해 봤나?
1080	SAY.Flowchart.64.CursedBlacksmith	f4bc3368d14dafc8	그들에게 말해 봐라!
1081	SAY.Flowchart.175.CursedBlacksmith	2b68abe00150dded	돌아오지 말았어야 했다, 어둠의 왕!
1082	SAY.Flowchart.106.CursedBlacksmith	851716a77abfa782	이제 그만이다!
1083	SAY.Flowchart.123.CursedBlacksmith	9c3d77824b49513e	더는 네 태도를 용납하지 않겠다. 마지막 기회를 날렸으니, 그 대가를 치러라.
1084	SAY.Flowchart.122.CursedBlacksmith	f6cee93ab56f5f27	네가 {b}{color=#9523d8}내 방{/color}{/b}이 어디 있는지 알고 있겠지. 충분한 용기가 있다면 와라... 이번에는 네놈이 받아 마땅한 대가를 치르게 해 주겠다.
1085	SAY.Flowchart.107.TheKingOfDarkness-Forge-Quest	4780b2f1f6ed0004	그렇게 많은 순환 동안 하지 않았잖나. 이제 와서 할 생각인가?
1086	SAY.Flowchart.23.CursedBlacksmith	6a602c2ddf19a73c	어서 와라... 문을 지나 나와 정면으로 맞서라.
1087	SAY.Flowchart.13.TheKingOfDarkness-MainForge	832919896ba956e1	이 문은 대장간을 지탱하는 {b}{color=#9523d8}세 개의 용광로를 꺼야{/color}{/b} 열리겠군.
1088	SAY.Flowchart.17.TheKingOfDarkness-WOTF-West-6	f93c653e53930061	이 문을 여는 열쇠를 가진 것 같군...
1089	SAY.Flowchart.13.TheKingOfDarkness-WOTF-West-6	ff8f1dabff15e758	이 제단의 조각은 어둠의 재료로 보호되고 있군...
1090	SAY.Flowchart.14.TheKingOfDarkness-WOTF-West-6	87c2d5396dcd0070	손쉽게 꺼낼 수 있겠군.
1091	SAY.Flowchart.18.TheKingOfDarkness-WOTF-West-6	ec5aa08ecfdd037a	문이 또 있군. 열려면 열쇠가 필요하다...
1092	SAY.Flowchart.19.TheKingOfDarkness-WOTF-West-6	950e8dd23eee45fb	내 앞을 가로막는 자물쇠는 없지...
1093	SAY.Flowchart.20.TheKingOfDarkness-WOTF-West-6	60223aee4e4701b0	문이 더 있군... 열쇠 없이는 열 수 없겠다.
1094	SAY.Flowchart.21.TheKingOfDarkness-WOTF-West-6	0fe4e61a385d38a6	이런 일로 시간을 낭비해야 하다니...
1095	SAY.Flowchart.22.TheKingOfDarkness-WOTF-West-6	1ca6ea84a66d25c0	모든 순환에 걸고! 아직도 문이 더 있다고?
1096	SAY.Flowchart.27.TheKingOfDarkness-WOTF-West-6	791accc20fe285d6	지난번에 이곳을 지날 때는 이렇게 문이 많지 않았는데...
1097	SAY.Flowchart.23.TheKingOfDarkness-WOTF-West-6	f2223aaa925fdbd3	문이 또 하나 있군...
1098	SAY.Flowchart.24.TheKingOfDarkness-WOTF-West-6	2ca9f1dbd771b64c	같은 곳을 맴도는 기분이군...
1099	SAY.Flowchart.25.TheKingOfDarkness-WOTF-West-6	8464b9c782c33c1b	이게 마지막 문이어야 할 텐데... 그러길 바라지.
1100	SAY.Flowchart.26.TheKingOfDarkness-WOTF-West-6	ec0f03e90429d6c7	드디어! 문을 여섯 개나 설치하자고 한 놈의 엉덩이를 걷어차 주겠다.
1101	SAY.Flowchart.33.TheKingOfDarkness-WOTF-West-1	666a8c967993c038	스러진 자들의 황야 서쪽 탑... {b}{color=#9523d8}그 방에서 제단의 조각을 하나 더 찾겠군.{/color}{/b}
1102	SAY.Flowchart.34.TheKingOfDarkness-WOTF-West-1	78cf31adb5a4ba96	하지만 먼저 들어갈 방법부터 알아내야겠다.
1103	SAY.Flowchart.13.TheKingOfDarkness-WOTF-Key-X	77b5b46e55343c5e	음... 이 열쇠로 그 방의 문들을 열 수 있겠군.
1104	SAY.Flowchart.14.TheGuardian-Library	0e38393b9e91d6ad	어둠의 왕이시여, 왕좌에는 마지막 역할이 하나 더 있습니다.
1105	SAY.Flowchart.13.TheGuardian-Library	d59795e7cf874bf5	왕좌를 통해 이미 방문한 다른 왕좌로 빠르게 이동하실 수 있습니다.
1106	SAY.Flowchart.19.TheGuardian-Library	ec53c2a377f828c4	<sprite name="sit"> 눌러 앉으신 뒤, <sprite name="select"> 눌러 지도 메뉴를 여십시오. <sprite name="specialmenu"> 누르면 이용 가능한 위치를 확인하실 수 있습니다.
1107	SAY.Flowchart.20.TheGuardian-Library	1c8de639f95d17bb	<sprite name="UIThrone"> 눌러 이동할 왕좌를 선택하실 수 있습니다.
1108	SAY.Flowchart.15.TheGuardian-Library	21f41b3c5aed7b31	이것을 사용해 {b}{color=#9523d8}스러진 자들의 황야{/color}{/b}로 돌아가 여정을 계속하십시오.
1109	SAY.Flowchart.16.TheKingOfDarkness-Library-2	16fb5769bb6b8b1d	늘 그렇듯 아주 협조적이군, 수문장.
1110	SAY.Flowchart.17.TheGuardian-Library	f67772c243f15510	저는 이만 작별을 고하겠습니다, 폐하.
1111	SAY.Flowchart.18.TheGuardian-Library	a1ee8ffb4f11150e	행운을 빕니다. 어둠이 다시 아이테르나를 다스리기를.
1112	SAY.Flowchart.18.TheKingOfDarkness-WOTF-TowerEast6	26ed81578a83c3e8	내 피의 보석이군... 목이 말라 하는군. 적들이 흘린 피가 이 보석을 채우겠지.
1113	SAY.Flowchart.19.TheKingOfDarkness-WOTF-TowerEast6	287f0c0bde83f910	가득 차면 <sprite name="heal"> 길게 눌러 보석을 소모하고 체력을 회복할 수 있겠군. 여기서 나가기 전에 치유해야겠다.
1114	SAY.Flowchart.18.TheGuardian-OrbTempleDoor1	e93bc2880bb6783c	축하드립니다. 관문 하나를 돌파하실 때마다 더욱 강해지실 것입니다.
1115	SAY.Flowchart.19.TheGuardian-OrbTempleDoor1	458f6ee0b7c43036	여정을 계속하시려면, 도서관에서 한 가지 더 말씀드릴 것이 있습니다.
1116	SAY.Flowchart.20.TheGuardian-OrbTempleDoor1	1302207313a8e355	그곳으로 순간이동시켜 드리겠습니다.
1117	SAY.Flowchart.15.TheKingOfDarkness-WOTF-TowerEast6	053e5db7a8e8b497	이 문은 {b}{color=#9523d8}열쇠{/color}{/b}를 찾기 전에는 열 수 없겠군...
1118	SAY.Flowchart.16.TheKingOfDarkness-WOTF-TowerEast6	48ae537c7779ecf2	어디에 있는 거지?
1119	SAY.Flowchart.14.TheKingOfDarkness-WOTF-TowerEast6	f7cbc3a33347f029	이게 문을 여는 열쇠가 틀림없군...
1120	SAY.Flowchart.17.TheKingOfDarkness-WOTF-TowerEast6	a8276e9c14fa5d6a	확인할 방법은 하나뿐이다.
1121	SAY.Flowchart.15.TheKingOfDarkness-MAU-Doors	d9d88af1e5302586	간단한 열쇠로 열릴 문은 아닌 것 같군.
1122	SAY.Flowchart.18.TheKingOfDarkness-MAU-Doors	b6b07511cba7aa4f	어떤 신성한 마법으로 닫힌 것 같군...
1123	SAY.Flowchart.19.TheKingOfDarkness-MAU-Doors	4abf70852279fb67	이 잠금장치라... 이런 건 처음 보는군...
1124	SAY.Flowchart.20.TheKingOfDarkness-MAU-Doors	1f97aa7241aac201	이 문은 무언가에 봉인되어 있군... 뭐라고 설명해야 할지 모르겠군...
1125	SAY.Flowchart.23.TheKingOfDarkness-TempleEntrance	7b44ab9a12d77eac	영혼의 거울... 텅 빈 채로 발견할 때마다 마음이 무겁군.
1126	SAY.Flowchart.24.TheGuardian-TempleEntrance	da864a9116ef5e6d	순환이 끝에 다다를수록 차츰 완성해 나가실 겁니다...
1127	SAY.Flowchart.25.TheGuardian-TempleEntrance	3b1f06d955118162	완성된 뒤, 그 거울에 무엇이 비치길 바라십니까?
1128	SAY.Flowchart.26.TheKingOfDarkness-TempleEntrance	67574523651667d3	그토록 공들여 세운 계획이... 마침내 이루어졌군.
1129	SAY.Flowchart.27.TheGuardian-TempleEntrance	2a6e68039be09e5d	그게 폐하께서 가장 바라시는 것이라면, 영혼의 거울은 그것을 보여드릴 겁니다...
1130	SAY.Flowchart.28.TheGuardian-TempleEntrance	f97bafcec7ea2027	하지만 먼저 복원해야 합니다.
1131	SAY.Flowchart.45.TheGuardian-TempleEntrance	ea04b97bf932b02e	영혼의 거울 조각은 아이테르나 전역에 {b}{color=#9523d8}흩어져 있습니다.{/color}{/b}
1132	SAY.Flowchart.30.TheKingOfDarkness-TempleEntrance	a8863fb4bd8940c1	언제나 그렇듯이...
1133	SAY.Flowchart.262.TheGuardian-TempleEntrance	da510d7aa8e18269	영혼의 거울을 복원하십시오, 어둠의 왕이시여.
1134	SAY.Flowchart.46.TheGuardian-TempleEntrance	8426f0e7e739efa3	영혼의 거울이 다시 완성되었습니다...
1135	SAY.Flowchart.47.TheGuardian-TempleEntrance	2f45c94b5bc794b0	그리고 거울에는 스러진 군주가 가장 갈망하는 것이 비칩니다.
1136	SAY.Flowchart.58.TheGuardian-TempleEntrance	d84061e169d5daa3	영혼의 거울 조각 X개를 되찾으셨습니다... 계속 그렇게 하십시오, 어둠의 왕이시여.
1137	SAY.Flowchart.13.TheGuardian-TempleEntrance	c0295dac1cb8926e	전하, 왕들의 신전에 오신 것을 환영합니다.
1138	SAY.Flowchart.16.TheGuardian-TempleEntrance	968549a593d5bd05	저주받은 왕이 쓰러지면, 그 힘의 일부가 이 문들 뒤에 봉인됩니다...
1139	SAY.Flowchart.18.TheGuardian-TempleEntrance	ad4535426f9b202c	그리고 그 힘은 다시 되찾으실 때까지 이 문들이 지키게 됩니다.
1140	SAY.Flowchart.19.TheKingOfDarkness-TempleEntrance	d356f256ec7fd845	이런 일은 독학으로 통달했다, 수문장. 나를 혼자 내버려 둬라.
1141	SAY.Flowchart.21.TheGuardian-TempleEntrance	30001c614ac6c089	그럼 가시지요. 기록자에게 받으신 열쇠를 사용해 {b}{color=#9523d8}첫 번째 문을 여십시오.{/color}{/b}
1142	SAY.Flowchart.22.TheGuardian-TempleEntrance	1b6709befe94b3e3	안에는 폐하의 힘의 일부가 있습니다.
1143	SAY.Flowchart.14.TheGuardian-WOTF-East1B	bc0954509534d191	이 왕좌는 여정 중에 발견하게 될 수많은 왕좌 중 하나입니다.
1144	SAY.Flowchart.13.TheGuardian-WOTF-East1B	d3b200f58af1bd27	왕좌에서는 체력을 회복하실 수 있으며, 아이테르나의 여러 영토를 잇는 거점으로도 이용하실 수 있습니다.
1145	SAY.Flowchart.15.TheGuardian-WOTF-East1B	4b1550b16f57071b	마지막으로, <sprite name="sit"> 눌러 왕좌에 앉은 뒤 <sprite name="select"> 눌러 경험치 메뉴를 여십시오
1146	SAY.Flowchart.16.TheGuardian-WOTF-East1B	37fd524c4dd9b828	여기서 필요한 경우 능력을 강화하거나 초기화할 수 있습니다.
1147	SAY.Flowchart.17.TheGuardian-WOTF-East1B	d5f250fabc87fc42	이제 적을 처치해 얻은 스킬 포인트를 사용해 보십시오.
1148	SAY.Flowchart.43.TheGuardian-WOTF-East1B	bc0954509534d191	이 왕좌는 여정 중에 발견하게 될 수많은 왕좌 중 하나입니다.
1149	SAY.Flowchart.44.TheGuardian-WOTF-East1B	d3b200f58af1bd27	왕좌에서는 체력을 회복하실 수 있으며, 아이테르나의 여러 영토를 잇는 거점으로도 이용하실 수 있습니다.
1150	SAY.Flowchart.45.TheGuardian-WOTF-East1B	4b1550b16f57071b	마지막으로, <sprite name="sit"> 눌러 왕좌에 앉은 뒤 <sprite name="select"> 눌러 경험치 메뉴를 여십시오
1151	SAY.Flowchart.46.TheGuardian-WOTF-East1B	37fd524c4dd9b828	여기서 필요한 경우 능력을 강화하거나 초기화할 수 있습니다.
1152	SAY.Flowchart.47.TheGuardian-WOTF-East1B	d5f250fabc87fc42	이제 적을 처치해 얻은 스킬 포인트를 사용해 보십시오.
1153	SAY.Flowchart.18.TheGuardian-WOTF-East1B	82e8e5c4fa6265b2	계속하기 전에 왕들의 신전에서 오랜 지인을 만나셔야 합니다.
1154	SAY.Flowchart.19.TheKingOfDarkness-WOTF-East1B	fe1d2b0e168ef3bc	더 바랄 것도 없군... 하지만 설마 내가 거기까지 걸어가길 바라는 건 아니겠지?
1155	SAY.Flowchart.20.TheGuardian-WOTF-East1B	eff3379555cfc8ab	물론 아닙니다, 전하. 제가 직접 그곳으로 모셔다 드리겠습니다.
1156	SAY.Flowchart.31.TheGuardian-AeternaTutorial	1faeb47f4400b0ae	여전히 건재하시군요, 폐하.
1157	SAY.Flowchart.32.KingOfDarkness-AeternaTutorial	b3cc902aae666c34	당연하지...
1158	SAY.Flowchart.33.TheGuardian-AeternaTutorial	8ae953473ad3ee5f	문을 통과하십시오. 나중에 다시 뵙겠습니다.
1159	SAY.Flowchart.29.TheGuardian-AeternaTutorial	27c82258e144555d	그 검은 카오스의 분노가 폐하의 어깨를 짓누르기 전부터 전장에서 함께해 왔습니다...
1160	SAY.Flowchart.30.TheGuardian-AeternaTutorial	4c09f496bbf1816e	이를 이용하면 적이나 나중에 나올 구체 같은 일부 표면에서 튕겨 오를 수 있습니다.
1161	SAY.Flowchart.20.TheGuardian-AeternaTutorial	cd26089ad384e99e	<sprite name="jump"> + <sprite name="movedown"> 눌러 다른 플랫폼에서는 곧바로 내려가실 수 있습니다.
1162	SAY.Flowchart.19.TheGuardian-AeternaTutorial	c5ee218de05446cf	<sprite name="jump"> 눌러 일부 플랫폼을 아래에서 위로 통과하실 수 있습니다.
1163	SAY.Flowchart.14.TheGuardian-AeternaTutorial	cb9520d6996f23cf	폐하의 검은 침착함과 치명력의 상징 그 자체입니다.
1164	SAY.Flowchart.15.KingOfDarkness-AeternaTutorial	a5ec84df24e2337b	이미 알고 있다.
1165	SAY.Flowchart.16.TheGuardian-AeternaTutorial	59d99f41d2bfb466	저 슬라임을 처치하십시오. <sprite name="basicattack"> 눌러 공격하고, <sprite name="move"> 사용해 검을 어느 방향으로든 향하십시오.
1166	SAY.Flowchart.25.TheGuardian-AeternaTutorial	ff3a80e3d81f058d	아이테르나는 장애물과 함정, 필멸자가 넘을 수 없는 험준한 절벽으로 가득하지만, 폐하께는 그렇지 않습니다...
1167	SAY.Flowchart.27.TheGuardian-AeternaTutorial	8e2da39f12cad6d3	<sprite name="jump"> 눌러 점프하고, <sprite name="move"> 사용해 점프 방향을 조절하십시오.
1168	SAY.Flowchart.34.TheGuardian-AeternaTutorial	dae31a90fb4868ee	<sprite name="jump"> 눌러 점프한 뒤, 공중에서 <sprite name="basicattack"> + <sprite name="movedown"> 누르면 아래쪽으로 공격하실 수 있습니다.
1169	SAY.Flowchart.35.TheGuardian-AeternaTutorial	a46e42342fff4c4a	<sprite name="jump"> 오래 누를수록 더 높이 점프하실 수 있습니다.
1170	SAY.Flowchart.38.TheGuardian-AeternaTutorial	c2dabc99f4502ece	<sprite name="look"> 사용해 어느 방향으로든 카메라를 움직이십시오. 여정에 큰 도움이 될 것입니다.
1171	SAY.Flowchart.40.TheGuardian-AeternaTutorial	8e2da39f12cad6d3	<sprite name="jump"> 눌러 점프하고, <sprite name="move"> 사용해 점프 방향을 조절하십시오.
1172	SAY.Flowchart.39.TheGuardian-AeternaTutorial	a46e42342fff4c4a	<sprite name="jump"> 오래 누를수록 더 높이 점프하실 수 있습니다.
1173	SAY.Flowchart.41.TheGuardian-AeternaTutorial	59d99f41d2bfb466	저 슬라임을 처치하십시오. <sprite name="basicattack"> 눌러 공격하고, <sprite name="move"> 사용해 검을 어느 방향으로든 향하십시오.
1174	SAY.Flowchart.42.TheGuardian-AeternaTutorial	dae31a90fb4868ee	<sprite name="jump"> 눌러 점프한 뒤, 공중에서 <sprite name="basicattack"> + <sprite name="movedown"> 누르면 아래쪽으로 공격하실 수 있습니다.
1175	SAY.Flowchart.43.TheGuardian-AeternaTutorial	4c09f496bbf1816e	이를 이용하면 적이나 나중에 나올 구체 같은 일부 표면에서 튕겨 오를 수 있습니다.
1176	SAY.Flowchart.44.TheGuardian-AeternaTutorial	c5ee218de05446cf	<sprite name="jump"> 눌러 일부 플랫폼을 아래에서 위로 통과하실 수 있습니다.
1177	SAY.Flowchart.45.TheGuardian-AeternaTutorial	cd26089ad384e99e	<sprite name="jump"> + <sprite name="movedown"> 눌러 다른 플랫폼에서는 곧바로 내려가실 수 있습니다.
1178	SAY.Flowchart.46.TheGuardian-AeternaTutorial	c2dabc99f4502ece	<sprite name="look"> 사용해 어느 방향으로든 카메라를 움직이십시오. 여정에 큰 도움이 될 것입니다.
1179	ZONEMAP.Aeterna.Tutorial.-675298	4b583333136e8845	아이테르나#훈련실
1180	SAY.Flowchart.35.TheGuardian-WOTFTown	884e8988b3a81ff6	정말 제 도움이 필요 없으십니까?
1181	MENU.Flowchart.34	4b0ebbe5a9f21a52	도움은 필요 없다
1182	MENU.Flowchart.41	a04a11af65fe43de	도움이 필요하다
1183	TMPRO.Title.1236768	f4cac39fa7ffc91b	스러진 자들의 황야
1184	TMPRO.Title.1710382	a24398cb265da1f1	왕들의 신전
1185	TMPRO.Title.-287702	9e479e91bb7e5538	동쪽 성벽
1186	TMPRO.Title.-1108302	0024c392c98fd6a8	서쪽 성벽
1187	TMPRO.Title.1944806	10a40956bf731066	대장간
1188	TMPRO.Title.164630	d52ac68615afe3c3	영웅의 안식처
1189	TMPRO.Title.222648	56beee3716cdff09	승천의 동굴
1190	TMPRO.Title.589294	56beee3716cdff09	승천의 동굴
1191	TMPRO.Title.744228	56beee3716cdff09	승천의 동굴
1192	TMPRO.Title.883486	9279405b7ad3e84e	빛의 탑
1193	TMPRO.Title.942480	7bc511da4df0aa45	영묘
1194	TMPRO.Title.1061574	fcd951898a76c78b	빛의 요람
1195	SAY.Flowchart.17.KingOfDarkness-OrbTempleDoor1	0fbcec5da693c5ec	<sprite name="dash"> 누르면 방금 되찾은 능력을 쓸 수 있겠군.
1196	SAY.Flowchart.20.KingOfDarkness-OrbTempleDoor1	7cd453a2be0e77b7	게다가 적에게 맞는 순간 점프하거나 대시하면 경직되지 않고 자유롭게 움직일 수 있겠군.
1197	SAY.Flowchart.21.KingOfDarkness-OrbTempleDoor1	0fd10e55191292af	이 능력이 발동 중일 때는 추진 방향과 반대로 <sprite name="move"> 입력하면 멈출 수 있겠군.
1198	SAY.Flowchart.35.KingOfDarkness-OrbTempleDoor1	0fbcec5da693c5ec	<sprite name="dash"> 누르면 방금 되찾은 능력을 쓸 수 있겠군.
1199	SAY.Flowchart.36.KingOfDarkness-OrbTempleDoor1	7cd453a2be0e77b7	게다가 적에게 맞는 순간 점프하거나 대시하면 경직되지 않고 자유롭게 움직일 수 있겠군.
1200	SAY.Flowchart.37.KingOfDarkness-OrbTempleDoor1	0fd10e55191292af	이 능력이 발동 중일 때는 추진 방향과 반대로 <sprite name="move"> 입력하면 멈출 수 있겠군.
1201	TMPRO.Text (TMP).2838956	739215889580345e	예
1202	TMPRO.Text (TMP).1077826	739215889580345e	예
1203	TMPRO.Text (TMP).1083060	1ea442a134b2a184	아니오
1204	TMPRO.Text (TMP).575412	621bf1a598952741	저장 파일 삭제
1205	TMPRO.Text (TMP).2840204	1ea442a134b2a184	아니오
1206	TMPRO.Text (TMP).2840230	3f79bb7b435b0532	e
1207	TMPRO.Text (TMP).2840440	bd62e781ec4eafb8	뒤로
1208	TMPRO.BackProgress.-1051676	bd62e781ec4eafb8	뒤로
1209	TMPRO.BackGems.1268122	bd62e781ec4eafb8	뒤로
1210	TMPRO.Text (TMP).761048	2ba96e2d168b1ff9	게임 시작
1211	TMPRO.TextTitleStart.16240458	838e53f534a2bc54	게임을 계속할까요?
1213	TMPRO.TextTitleDelete.16243782	d3e0ddf256c6abd8	저장 데이터를 삭제할까요?
1215	TMPRO.Text (TMP).2846178	93fffbf7ce799f33	종료
1217	TMPRO.Text (TMP).-3285414	2c07979045a89780	범례
1218	SAY.The King.1.TheKingOfDarkness-WOTF-East1B	2fb8b7c81cf653e8	정말 싫군... 내가 죽은 곳에 영혼의 조각 하나를 잃었다. 누적 경험치를 되찾고 계속 더 쌓으려면 그걸 회수해야 한다.
1219	TMPRO.Zone Text.167856	d22e8689353545d8	비어 있음
1220	TMPRO.Zone Text.167252	d22e8689353545d8	비어 있음
1221	TMPRO.Zone Text.167280	d22e8689353545d8	비어 있음
1222	TMPRO.Zone Text.162252	d22e8689353545d8	비어 있음
1223	TMPRO.Zone Text.170716	d22e8689353545d8	비어 있음
1224	TMPRO.ToolTipTeleport.3515286	3b79a875684a026f	순간이동할까요?
1225	TMPRO.NewText.-1096944	90e5124c5bb07eb4	새 임무
1226	TMPRO.Text.2133696	4a6eb87ad3edb58a	업데이트됨
1227	TMPRO.QuestComplete Text.-1798510	46a87733934f6116	임무 완료!
1228	Perks.Description	ee00b96fff266fe2	설명
1229	Perks.Cost	c940e0fbc42fc346	비용
1230	TMPRO.TXTCost.-1357290	c940e0fbc42fc346	비용
1231	Perks.Availability	b75da2cdde2fe3a4	사용 가능 여부
1232	Perks.Available	f4e4f699637be88f	사용 가능
1233	TMPRO.TXTAvailable.-1357266	f4e4f699637be88f	사용 가능
1234	Perks.Unavailable	b781f6bd9b98e43d	사용 불가
1235	Quest.New	90e5124c5bb07eb4	새 임무
1236	Quest.Updated	b696a083ab5eec18	임무 갱신
1237	Quest.Done	46a87733934f6116	임무 완료!
1238	Quest.Quest2.title	a26a3e3cb30ddca8	저주받은 지하묘
1239	Quest.Quest2.stage_1.description	eedbdb397d7c2a6c	쪽지 하나를 찾았다. 누군가 영웅의 안식처를 탐험하고 있는 모양이다.
1240	Quest.Quest2.stage_2.description	cc30d3cdbfc71bb2	쪽지를 또 찾았다. 점점 흥미로워지는군.
1241	Quest.Quest2.stage_3.description	2b54970da5f3fbff	쪽지 뒷면에 무언가 그려져 있다. 나머지도 찾아야 한다. \\n쪽지: 3/9
1242	Quest.Quest2.stage_4.description	f2cdf34f0d7afc46	나머지 쪽지를 찾아야 한다. \\n쪽지: 4/9
1243	Quest.Quest2.stage_5.description	3ca31d02ac012335	나머지 쪽지를 찾아야 한다. \\n쪽지: 5/9
1244	Quest.Quest2.stage_6.description	e57867925395c4ca	나머지 쪽지를 찾아야 한다. \\n쪽지: 6/9
1245	Quest.Quest2.stage_7.description	0970f712a2fe25d9	나머지 쪽지를 찾아야 한다. \\n쪽지: 7/9
1246	Quest.Quest2.stage_8.description	733140fcd00c9592	나머지 쪽지를 찾아야 한다. \\n쪽지: 8/9
1247	Quest.Quest2.stage_9.description	fdf1e1d6825d5d0b	쪽지들이 오선보를 이루고 있다. 아름다운 멜로디인 모양이다... \\n쪽지: 9/9
1248	Quest.Quest2.stage_10.description	66bca77865e9578c	지하묘 열쇠를 손에 넣었다. 중요한 장소의 열쇠인 모양이다.
1249	Quest.Quest2.stage_11.description	5c8b3ec554157045	임무를 완료했다.
1250	Quest.Quest1.title	6d01691c3dee9db8	묘지의 주인
1251	Quest.Quest1.stage_1.description	9774c63638c907e7	묘지의 주인을 알현하려면 이름부터 알아내야 한다.
1252	Quest.Quest1.stage_2.description	d64b56c828972990	가리발디와 이야기해야 한다.
1253	Quest.Quest1.stage_3.description	8cfaefb7ba01b8db	가리발디, 널 끝장내겠다.
1254	Quest.Quest1.stage_4.description	b27c49b263723320	가리발디와 마지막으로 대화해야 한다.
1255	Quest.Quest1.stage_5.description	5c8b3ec554157045	임무를 완료했다.
1256	Quest.Quest3.title	f7e1e9e9ba08b02d	수집가의 예술
1257	Quest.Quest3.stage_1.description	f16f355f17e6ed8d	동굴 벌레의 번데기를 찾아야 한다.
1258	Quest.Quest3.stage_2.description	1f1746b763ae6432	번데기를 찾았다. 수집가에게 가져가야 한다.
1259	Quest.Quest3.stage_3.description	4b5b70a5b024585a	수집 도감을 30% 이상 완성하면 수집가를 찾아가야 한다.
1260	Quest.Quest3.stage_4.description	d84cbdf5e859c719	수집 도감이 30% 찼다. 수집가에게 돌아가야 한다.
1261	Quest.Quest3.stage_5.description	efd8481e3c49f382	램프 속 생물을 풀어 주고 쓰러뜨려야 한다.
1262	Quest.Quest3.stage_6.description	040899e5ffd59050	생물을 쓰러뜨렸다. 수집가에게 알려야 한다.
1263	Quest.Quest3.stage_7.description	482f45b469994b17	수집 도감을 45% 완성해야 한다.
1264	Quest.Quest3.stage_8.description	70cd9a239b43cd38	수집 도감이 45% 찼다. 수집가에게 돌아가야 한다.
1265	Quest.Quest3.stage_9.description	82f175f065453a17	끈적한 괴물을 찾아 죽이겠다.
1266	Quest.Quest3.stage_10.description	84b183aa45e164fd	하수도의 괴물이 쓰러졌다. 수집가에게 알려야 한다.
1267	Quest.Quest3.stage_11.description	a46f3eaa81d39538	수집 도감을 60% 완성해야 한다.
1268	Quest.Quest3.stage_12.description	5a9ae94e118bcaca	수집 도감이 60% 찼다. 수집가에게 돌아가야 한다.
1269	Quest.Quest3.stage_13.description	9ce3e2ad38b86383	천상룡을 사냥하는 건 흔한 일이 아니다.
1270	Quest.Quest3.stage_14.description	6f7fb2d710468a03	천상룡이 도망쳤다. 찾아내야 한다.
1271	Quest.QuestX.stage_XXX.description	b3c16571434ef4cf	천상룡과 결투를 벌여 죽이겠다.
1272	Quest.Quest3.stage_15.description	ca9dab0ba19dd4f7	천상룡의 눈을 손에 넣었다. 수집가에게 알려야 한다.
1273	Quest.Quest3.stage_16.description	c538e9972504d7ad	수집 도감을 100% 완성해야 한다.
1274	Quest.Quest3.stage_17.description	77dbdd51e90592e0	수집 도감을 100% 완성했다. 수집가에게 돌아가야 한다.
1275	Quest.Quest3.stage_18.description	5c8b3ec554157045	임무를 완료했다.
1276	Quest.Quest4.title	9e5ab301ab25d886	일곱 조각
1277	Quest.Quest4.stage_1.description	675e81c1531bc4df	일곱 조각을 찾아 왕들의 제단에 다시 끼워 넣어야 한다. 지도에 첫 번째 조각의 위치가 표시되어 있다.
1278	Quest.Quest4.stage_2.description	0db41643bd576c74	빛의 탑 꼭대기에 조각 하나가 있다.
1279	Quest.Quest4.stage_3.description	c2bfb7ff7e7d7729	조각 하나를 손에 넣었다. 제단에 가져가면 나머지 조각의 위치를 알 수 있지만, 직접 찾아도 된다. 조각: 1/7
1280	Quest.Quest4.stage_4.description	2d1651f67cf0c336	힘의 조각을 찾아 왕들의 제단에 다시 끼워 넣어야 한다. 조각: 2/7
1281	Quest.Quest4.stage_5.description	11538da22a135bc3	힘의 조각을 찾아 왕들의 제단에 다시 끼워 넣어야 한다. 조각: 3/7
1282	Quest.Quest4.stage_6.description	4db31cfd5effa6ba	조각을 하나 더 손에 넣었다. 제단에 가져가면 나머지 조각의 위치를 알 수 있지만, 직접 찾아도 된다. 조각: 4/7
1283	Quest.Quest4.stage_7.description	7e8b367509dd5073	힘의 조각을 찾아 왕들의 제단에 다시 끼워 넣어야 한다. 조각: 5/7
1284	Quest.Quest4.stage_8.description	be6fdb849f544c62	힘의 조각을 찾아 왕들의 제단에 다시 끼워 넣어야 한다. 조각: 6/7
1285	Quest.Quest4.stage_9.description	ec82cb99d3713927	조각을 모두 모았다: 7/7. 이제 왕들의 제단을 활성화할 수 있다.
1286	Quest.Quest4.stage_10.description	5c8b3ec554157045	임무를 완료했다.
1287	Quest.Quest5.title	73445d36f95cdcbd	새로운 순환
1288	Quest.Quest5.stage_1.description	f4db49b717390753	기초 훈련을 완료하겠다.
1289	Quest.Quest5.stage_2.description	e9b0b5d5ee39dd32	나중에 수문장을 만나야 한다.
1290	Quest.Quest5.stage_3.description	d56537b950cb2290	수문장이 내 능력을 강화하는 방법을 상기시켜 줬다... 분명 더 알려 줄 게 있을 거다.
1291	Quest.Quest5.stage_4.description	e8234a89719a3864	오랜 지인을 만나야 한다.
1292	Quest.Quest5.stage_5.description	2e43096f2a34c908	첫 번째 문을 통과하겠다.
1293	Quest.Quest5.stage_6.description	c8093680ffd6e844	수문장이 도서관의 왕좌 곁에서 나를 기다린다.
1294	Quest.Quest5.stage_7.description	48431a085d7c5a68	왕좌를 이용해 스러진 자들의 황야로 돌아가겠다.
1295	Quest.Quest5.stage_8.description	5c8b3ec554157045	임무를 완료했다.
1296	Quest.Quest6.title	eb92dfb5d93dd684	신전의 시련
1297	Quest.Quest6.stage_1.description	ee2c6161977975a4	통과해야 할 시련은 10개다.
1298	Quest.Quest6.stage_2.description	87d3123223509b64	시련 1/10을 완료했다.
1299	Quest.Quest6.stage_3.description	8612b5507345ca15	시련 2/10을 완료했다.
1300	Quest.Quest6.stage_4.description	4587705290525084	시련 3/10을 완료했다.
1301	Quest.Quest6.stage_5.description	29687239e5c766dc	시련 4/10을 완료했다.
1302	Quest.Quest6.stage_6.description	a29d42dc183bf17d	시련 5/10을 완료했다.
1303	Quest.Quest6.stage_7.description	a9eef3f99b70caef	시련 6/10을 완료했다.
1304	Quest.Quest6.stage_8.description	eae752ed7d87890f	시련 7/10을 완료했다.
1305	Quest.Quest6.stage_9.description	b639ed70dffa568f	시련 8/10을 완료했다.
1306	Quest.Quest6.stage_10.description	44aed9b2c07793a8	시련 9/10을 완료했다.
1307	Quest.Quest6.stage_11.description	78ed336baef7b35e	시련 10/10을 모두 완료했다. 기록자에게 알려야 한다.
1308	Quest.Quest6.stage_12.description	5c8b3ec554157045	임무를 완료했다.
1309	Quest.Quest7.title	a7a5b1e07bf53bae	황야 탈출
1310	Quest.Quest7.stage_1.description	333741144ce48213	동쪽으로 나아가는 것이 이 뼈의 사막에서 탈출할 유일한 기회다.
1311	Quest.Quest7.stage_2.description	feb12d366d797752	이 성벽이 황야를 빠져나갈 마지막 장애물이다.
1312	Quest.Quest7.stage_3.description	4e71bf7092f17b70	중요해 보이는 열쇠를 찾았다.
1313	Quest.Quest7.stage_4.description	80056f56e76a4782	길이 뚫렸다. 출구가 점점 가까워지고 있다.
1314	Quest.Quest7.stage_5.description	3d3db61a6a198b4f	계속 나아가려면 피의 보석을 사용해 치유해야 한다.
1315	Quest.Quest7.stage_6.description	5c8b3ec554157045	임무를 완료했다.
1316	Quest.Quest8.title	008df8baceb0ae5d	묘지를 가로질러
1317	Quest.Quest8.stage_1.description	fed2f54b86176745	첫 번째 조각으로 가려면 이 묘지 반대편으로 건너가야 한다.
1318	Quest.Quest8.stage_2.description	2ae8ada1bdfba1a1	지하묘 열쇠를 찾았다.
1319	Quest.Quest8.stage_3.description	3d0fc8ae467e15b6	출구에 점점 가까워지고 있다.
1320	Quest.Quest8.stage_4.description	aa3f3f1143f29c23	드디어 묘지 반대편에 도착했다... 조각은 동쪽에 있다.
1321	Quest.Quest8.stage_5.description	5c8b3ec554157045	임무를 완료했다.
1322	Quest.Quest9.title	1db8d3783d0e4ef7	피의 무기
1323	Quest.Quest9.stage_1.description	c2cab601d4e72403	묘지 가장 깊은 곳에 믿을 수 없는 힘을 지닌 무기가 숨겨져 있다.
1324	Quest.Quest9.stage_2.description	5c8b3ec554157045	임무를 완료했다.
1325	Quest.Quest10.title	28847f16f4b7d924	녹아내린 모루 교단
1326	Quest.Quest10.stage_1.description	b8ac959dc5fa8be7	곤경에 빠진 아가씨가 대장간 입구에서 나를 기다린다.
1327	Quest.Quest10.stage_2.description	388f1e27c11eabac	대장간을 지탱하는 용광로 3개를 꺼야 한다. \\n용광로: 0/3
1328	Quest.Quest10.stage_3.description	0a7d66ebaf060b0d	대장간을 지탱하는 용광로 3개를 꺼야 한다. \\n용광로: 1/3
1329	Quest.Quest10.stage_4.description	02bf94db4aeed529	대장간을 지탱하는 용광로 3개를 꺼야 한다. \\n용광로: 2/3
1330	Quest.Quest10.stage_5.description	a10ac9a925fe6f7b	용광로를 모두 껐다 (3/3). 이제 대장간 주인의 방으로 가야 한다.
1331	Quest.Quest10.stage_6.description	c3c78c2519dd703e	대장간의 주인을 쓰러뜨리고 그가 지닌 힘을 손에 넣겠다.
1332	Quest.Quest10.stage_7.description	df350a3618d65023	교단의 수장이 죽었다고 곤경에 빠진 아가씨에게 알려야 한다.
1333	Quest.Quest10.stage_8.description	865a8fe2a213df00	신비한 재료를 손에 넣었다. 대장장이가 이걸로 뭔가 만들 수 있을 거다.
1334	Quest.QuestXX.stage_X.description	430d587b389f6078	임무를 완료했다. 대장장이가 새 무기들을 만들어 주기로 했다.
1335	Quest.Quest11.title	9a62af488dd1d9ee	고블린의 금
1336	Quest.Quest11.stage_1.description	98797c9e4b4c91ee	고블린의 옛 마을로 가는 길을 열어야 한다.
1337	Quest.Quest11.stage_2.description	7ec9d377715b7e78	길이 뚫렸다는 증거를 손에 넣었다. 고블린 왕이 보상을 약속했다.
1338	Quest.Quest11.stage_3.description	454da0373648f417	고블린 전하가 수집가의 물약을 원한다.
1339	Quest.Quest11.stage_4.description	39ecfed155d01b49	물약을 손에 넣었다. 고블린 왕에게 돌아가 내 보상을 받아야 한다.
1340	Quest.Quest11.stage_5.description	ba4bbbe991817144	이 얼치기 군주가 고블린 왕홀을 원한다.
1341	Quest.Quest11.stage_6.description	f21ecb9c20a62562	마지막 의뢰를 끝냈다. 고블린 왕에게 돌아가 내 보상을 받아야 한다.
1342	Quest.Quest11.stage_7.description	6c1fb2515ef7ab7c	내 보상이 기다리고 있다.
1343	Quest.Quest11.stage_8.description	8d63060e182d0e61	고블린 왕의 무리를 쓰러뜨리겠다.
1344	Quest.Quest11.stage_9.description	5c8b3ec554157045	임무를 완료했다.
1345	Quest.Quest12.title	36e5fd4bc1c598fd	황제의 영광을 위하여
1346	Quest.Quest12.stage_1.description	ead244d061c9861c	황제의 석주 네 조각을 맞추기 위한 봉인을 모아야 한다. \\n조각: 0/4
1347	Quest.Quest12.stage_2.description	e0e8a3bf18f6512d	황제의 석주 네 조각을 맞추기 위한 봉인을 모아야 한다. \\n조각: 1/4
1348	Quest.Quest12.stage_3.description	0db68e8efcc025dd	황제의 석주 네 조각을 맞추기 위한 봉인을 모아야 한다. \\n조각: 2/4
1349	Quest.Quest12.stage_4.description	474693739f1df48d	황제의 석주 네 조각을 맞추기 위한 봉인을 모아야 한다. \\n조각: 3/4
1350	Quest.Quest12.stage_5.description	70ac85f193d61ec0	조각 4개를 모두 손에 넣었다. 이제 황제를 해방할 수 있다.
1351	Quest.Quest12.stage_6.description	1582fe86baf3e3a5	신탁의 말이 맞았다. 황제에게 속았다. 그를 끝장내겠다.
1352	Quest.Quest12.stage_7.description	5c8b3ec554157045	임무를 완료했다.
1353	Quest.Quest13.title	bcf5648fcf692230	시작한 일을 끝내라
1354	Quest.Quest13.stage_1.description	5ce9f9453e2f3ca6	이제 돌아갈 수 없다.
1355	Quest.Quest13.stage_2.description	bce077491c8c7319	기계들이 카오스의 결정을 훔쳐 갔다. 되찾아야 한다.
1356	Quest.Quest13.stage_3.description	6b78d0db48fb3efc	카오스의 결정을 손에 넣었다. 신탁에게 돌아가겠다.
1357	Quest.Quest13.stage_4.description	45220f53d4759506	결정에 에너지가 없다. 충전할 원천은 코스모스에 있다.
1358	Quest.Quest13.stage_5.description	6c7c49b7caa2861a	결정을 충전했다. 신탁에게 돌려주겠다... 또.
1359	Quest.Quest13.stage_6.description	2b10f2744d1282fb	미래가 다시 쓰였다. 하늘로 올라가야 한다.
1360	Quest.Quest13.stage_9.description	73552e7328e08790	주사위는 던져졌다.
1361	Quest.Quest13.stage_10.description	5c8b3ec554157045	임무를 완료했다.
1362	Quest.Quest14.title	1a4f1f18c4e69b35	수정 엘리베이터
1363	Quest.Quest14.stage_1.description	5b395ef55d268132	중추에 도달하려면 톱니바퀴를 모두 찾아야 한다.
1364	Quest.Quest14.stage_2.description	15092fd84157ee2c	중추에 도달하려면 톱니바퀴를 모두 찾아야 한다. \\n톱니바퀴: 1/3
1365	Quest.Quest14.stage_3.description	03952038cc336914	중추에 도달하려면 톱니바퀴를 모두 찾아야 한다. \\n톱니바퀴: 2/3
1366	Quest.Quest14.stage_4.description	5840ca85bce1142d	톱니바퀴를 모두 손에 넣었다: 3/3. 이제 중추에 도달할 수 있다.
1367	Quest.Quest14.stage_5.description	5c8b3ec554157045	임무를 완료했다.
1368	Quest.Quest15.title	fbcb1c5f0436f706	나는 기계다
1369	Quest.Quest15.stage_1.description	bf0e0c5727a1d659	주모자가 열쇠 같은 것을 떨어뜨렸지만, 어디에 쓰는지는 모르겠다.
1370	Quest.Quest15.stage_2.description	4e2d7dcb592ff69b	카드를 충전했지만, 접근 코드가 오래된 것 같다.
1371	Quest.Quest15.stage_3.description	07671c704a85b1a5	카드에 에너지와 새로운 접근 코드가 있다... 아마도.
1372	Quest.Quest15.stage_4.description	18a2ac21c017839f	카드를 수리했다. 이제 완벽하게 작동할 것이다.
1373	Quest.QuestXX.stage_X.description	0fd2c483d648cead	벙커 문이 열렸다. 안에 숨겨진 것은 내 것이 될 거다.
1374	Quest.Quest15.stage_5.description	5c8b3ec554157045	임무를 완료했다.
1375	Quest.Quest16.title	8a3ebd72b187a622	서쪽 탑의 방
1376	Quest.Quest16.stage_1.description	d641986e71d54bb0	탑의 방에 들어가야 한다.
1377	Quest.Quest16.stage_2.description	395b9bcde2eef233	열쇠 하나를 찾았다.
1378	Quest.Quest16.stage_3.description	9960e1e2343252db	열쇠 하나를 더 찾았다. \\n열쇠: 2/6
1379	Quest.Quest16.stage_4.description	77b870971b910d04	열쇠 하나를 더 찾았다. \\n열쇠: 3/6
1380	Quest.Quest16.stage_5.description	801e4fe82a2e3df0	열쇠 하나를 더 찾았다. \\n열쇠: 4/6
1381	Quest.Quest16.stage_6.description	14dd0faca239f91c	열쇠 하나를 더 찾았다. \\n열쇠: 5/6
1382	Quest.Quest16.stage_7.description	48cfa720ef6951b7	열쇠 6/6개를 모았다. 이제 방에 들어갈 수 있다.
1383	Quest.Quest16.stage_8.description	5c8b3ec554157045	임무를 완료했다.
1384	Quest.Quest17.title	99857387419291f7	영혼의 거울
1385	Quest.Quest18.title	373b22d1526b59b4	밤의 협주곡
1386	Quest.XXQuest18.stage_1.description	4c51e3712a9c61b2	오래된 악보를 모두 되찾고 싶다.
1387	Quest.QuestXX.title	0d5b8c28f0bae9c8	어설픈 상인
1388	Quest.QuestXX.stage_1.description	8aad506cb91006b8	한 상인이 가게 열쇠를 잃어버렸다. 찾아야 한다.
1389	Quest.QuestXX.stage_2.description	4db5e805a004eaf5	열쇠를 찾았다. 상인에게 돌아가야 한다.
1390	Quest.QuestXX.stage_3.description	5c8b3ec554157045	임무를 완료했다.
1391	Quest.Quest20.title	2f0f4afa04c4e112	저주받은 땅
1392	Quest.Quest20.stage_1.description	19ac6b8e8d75b427	황야의 모든 석주를 찾아야 한다. \\n석주: 1/8
1393	Quest.Quest20.stage_2.description	c5900551b0c54b08	황야의 모든 석주를 찾아야 한다. \\n석주: 2/8
1394	Quest.Quest20.stage_3.description	61e944e4b3bef1e4	황야의 모든 석주를 찾아야 한다. \\n석주: 3/8
1395	Quest.Quest20.stage_4.description	e2c53cf6f3d7bda4	황야의 모든 석주를 찾아야 한다. \\n석주: 4/8
1396	Quest.Quest20.stage_5.description	7e5722f634e550aa	황야의 모든 석주를 찾아야 한다. \\n석주: 5/8
1397	Quest.Quest20.stage_6.description	deeac49eb76304a4	황야의 모든 석주를 찾아야 한다. \\n석주: 6/8
1398	Quest.Quest20.stage_7.description	339dfafec1be8082	황야의 모든 석주를 찾아야 한다. \\n석주: 7/8
1399	Quest.Quest20.stage_8.description	5c8b3ec554157045	임무를 완료했다.
1400	Quest.Quest21.title	c8a62a4d6b9ca877	왕들의 고통
1401	Quest.Quest21.stage_1.description	76bb5c42362d6923	심연의 모든 석주를 찾아야 한다. \\n석주: 1/12
1402	Quest.Quest21.stage_2.description	c9e902aca3e6771e	심연의 모든 석주를 찾아야 한다. \\n석주: 2/12
1403	Quest.Quest21.stage_3.description	03483138baa45857	심연의 모든 석주를 찾아야 한다. \\n석주: 3/12
1404	Quest.Quest21.stage_4.description	c20882497328e856	심연의 모든 석주를 찾아야 한다. \\n석주: 4/12
1405	Quest.Quest21.stage_5.description	a3d298fc99db1885	심연의 모든 석주를 찾아야 한다. \\n석주: 5/12
1406	Quest.Quest21.stage_6.description	80878538a668de9a	심연의 모든 석주를 찾아야 한다. \\n석주: 6/12
1407	Quest.Quest21.stage_7.description	249db3f68895ce5f	심연의 모든 석주를 찾아야 한다. \\n석주: 7/12
1408	Quest.Quest21.stage_8.description	958960ae58644974	심연의 모든 석주를 찾아야 한다. \\n석주: 8/12
1409	Quest.Quest21.stage_9.description	dffe9a59e47dc879	심연의 모든 석주를 찾아야 한다. \\n석주: 9/12
1410	Quest.Quest21.stage_10.description	b9e489206787f6bb	심연의 모든 석주를 찾아야 한다. \\n석주: 10/12
1411	Quest.Quest21.stage_11.description	a0932e2a4ce08320	심연의 모든 석주를 찾아야 한다. \\n석주: 11/12
1412	Quest.Quest21.stage_12.description	5c8b3ec554157045	임무를 완료했다.
1413	Quest.Quest22.title	d3b5b77c0c3ca618	기계의 기원
1414	Quest.Quest22.stage_1.description	efb6e04a146074f6	기계의 터미널을 모두 찾아야 한다. \\n터미널: 1/18
1415	Quest.Quest22.stage_2.description	dc940db05da96afe	기계의 터미널을 모두 찾아야 한다. \\n터미널: 2/18
1416	Quest.Quest22.stage_3.description	b49fa527e1d67853	기계의 터미널을 모두 찾아야 한다. \\n터미널: 3/18
1417	Quest.Quest22.stage_4.description	c57ab830ddf7e390	기계의 터미널을 모두 찾아야 한다. \\n터미널: 4/18
1418	Quest.Quest22.stage_5.description	b6518fe9b2c76ff7	기계의 터미널을 모두 찾아야 한다. \\n터미널: 5/18
1419	Quest.Quest22.stage_6.description	ad88aafd9c60e1e9	기계의 터미널을 모두 찾아야 한다. \\n터미널: 6/18
1420	Quest.Quest22.stage_7.description	c0dd22e65e5dd027	기계의 터미널을 모두 찾아야 한다. \\n터미널: 7/18
1421	Quest.Quest22.stage_8.description	e7413499f8c464e1	기계의 터미널을 모두 찾아야 한다. \\n터미널: 8/18
1422	Quest.Quest22.stage_9.description	fd3b3e6754570f6f	기계의 터미널을 모두 찾아야 한다. \\n터미널: 9/18
1423	Quest.Quest22.stage_10.description	35d6335f75a6dcb9	기계의 터미널을 모두 찾아야 한다. \\n터미널: 10/18
1424	Quest.Quest22.stage_11.description	6ec6fb484a011196	기계의 터미널을 모두 찾아야 한다. \\n터미널: 11/18
1425	Quest.Quest22.stage_12.description	a8752b153ddb8a3d	기계의 터미널을 모두 찾아야 한다. \\n터미널: 12/18
1426	Quest.Quest22.stage_13.description	3db2be62ea4be49a	기계의 터미널을 모두 찾아야 한다. \\n터미널: 13/18
1427	Quest.Quest22.stage_14.description	543cbf73602f9566	기계의 터미널을 모두 찾아야 한다. \\n터미널: 14/18
1428	Quest.Quest22.stage_15.description	201023efeb809a32	기계의 터미널을 모두 찾아야 한다. \\n터미널: 15/18
1429	Quest.Quest22.stage_16.description	a91f20f919d8f669	기계의 터미널을 모두 찾아야 한다. \\n터미널: 16/18
1430	Quest.Quest22.stage_17.description	3af738444813b0c2	기계의 터미널을 모두 찾아야 한다. \\n터미널: 17/18
1431	Quest.Quest22.stage_18.description	5c8b3ec554157045	임무를 완료했다.
1432	Quest.Quest23.title	80c22c1f310f6956	중추 습격
1433	Quest.Quest23.stage_1.description	3195f1f3a3dcf629	함선의 중추에 도달해야 한다. C 갑판 출입 카드를 손에 넣었다.
1434	Quest.Quest23.stage_2.description	75482217ce76fd25	B 갑판 출입 카드를 손에 넣었다.
1435	Quest.Quest23.stage_3.description	ff1d48cda23c6a88	A 갑판 출입 카드를 손에 넣었다.
1436	Quest.Quest23.stage_4.description	35e8cd78cc060198	중추 출입 카드를 손에 넣었다.
1437	Quest.Quest23.stage_5.description	5c8b3ec554157045	임무를 완료했다.
1438	Quest.Quest24.title	3bf069c9d79d7906	진실의 신전
1439	Quest.Quest24.stage_1.description	5a466e4846500ebe	진실의 화살을 사용해 신탁에게 가야 한다.
1440	Quest.Quest24.stage_2.description	6683711da2e2e019	봉인 하나를 찾았다. \\n눈: 1/3
1441	Quest.Quest24.stage_3.description	60cb3448c774ed5a	봉인 하나를 찾았다. \\n눈: 2/3
1442	Quest.Quest24.stage_4.description	6f3043ad8def90e4	눈 3/3개를 찾았다. 신탁이 근처에 있을 거다.
1443	Quest.Quest24.stage_5.description	5c8b3ec554157045	임무를 완료했다.
1444	Quest.Quest25.title	f0abb1a519000b30	카오스의 힘
1445	Quest.Quest25.stage_1.description	680e2424a6c0f100	코스모스가 카오스의 힘을 간직하고 있다. 깨어나게 할 방법을 찾아야 한다.
1446	Quest.Quest25.stage_2.description	c33e89608b17f892	만유 원소 하나를 깨웠다. \\n원소: 1/4
1447	Quest.Quest25.stage_3.description	eb8cf8e2ef204a01	만유 원소 하나를 깨웠다. \\n원소: 2/4
1448	Quest.Quest25.stage_4.description	4b6673185a5fcaea	만유 원소 하나를 깨웠다. \\n원소: 3/4
1449	Quest.Quest25.stage_5.description	a6ab7561e9bdcc7a	창조의 모든 원소가 깨어났고, 이제 곧 카오스의 힘도 깨어날 거다.
1450	Quest.Quest25.stage_6.description	5c8b3ec554157045	임무를 완료했다.
1451	Quest.Quest26.title	3d1be42b12a95b98	신탁의 수수께끼
1452	Quest.Quest26.stage_1.description	b4aa8ec6e33a8efa	신탁의 신전에 숨겨진 수수께끼를 풀어야 한다.
1453	Quest.Quest26.stage_2.description	267cf0d915a39fc8	단서 하나를 찾았다. 글자인 모양이다... \\n단서: 1/6
1454	Quest.Quest26.stage_3.description	c372d130397fc6b2	단서 하나를 찾았다. 글자인 모양이다... \\n단서: 2/6
1455	Quest.Quest26.stage_4.description	7aa674e595ffd967	단서 하나를 찾았다. 글자인 모양이다... \\n단서: 3/6
1456	Quest.Quest26.stage_5.description	e9cee424d0fff829	단서 하나를 찾았다. 글자인 모양이다... \\n단서: 4/6
1457	Quest.Quest26.stage_6.description	403007cbdab98c51	단서 하나를 찾았다. 글자인 모양이다... \\n단서: 5/6
1458	Quest.Quest26.stage_7.description	13600cd7b93b4c0e	여섯 글자가 이루는 단어를 알아내야 한다... 이 방들 중 하나에 있을지도 모른다.
1459	Quest.Quest26.stage_8.description	5c8b3ec554157045	임무를 완료했다.
1460	Quest.Quest27.title	98b9d95e14d70a59	스러진 신에게 바치는 공물
1461	Quest.Quest27.stage_1.description	41b8b720941a6f4e	무덤의 마력을 유지하는 신성한 창을 모두 찾아야 한다.
1462	Quest.Quest27.stage_2.description	6daf19da6d85d500	아코리아스의 창 하나를 찾았다. \\n창: 1/5
1463	Quest.Quest27.stage_3.description	3e3e8e9e74612dda	창 하나를 더 찾았다. \\n창: 2/5
1464	Quest.Quest27.stage_4.description	6230352203b6472f	창 하나를 더 찾았다. \\n창: 3/5
1465	Quest.Quest27.stage_5.description	62652a58b6d9b213	창 하나를 더 찾았다. \\n창: 4/5
1466	Quest.Quest27.stage_6.description	5a7995ed18b4bbab	아코리아스의 창을 모두 찾았다. 이제 부적을 사용할 수 있을 거다.
1467	Quest.Quest27.stage_7.description	5c8b3ec554157045	임무를 완료했다.
1468	Quest.Quest28.title	a360ce3d58483be2	빛의 몰락
1469	Quest.Quest28.stage_1.description	a9e708871088d809	궁전이 빛으로 가득하다. 어둠의 정수로 타락시켜야 한다. 탑부터 시작하겠다.
1470	Quest.Quest28.stage_2.description	3c7ad8759b229cff	탑 하나를 타락시켰다. 다른 탑도 똑같이 해야 한다.
1471	Quest.Quest28.stage_3.description	5c8b3ec554157045	임무를 완료했다.
1472	SAY.Flowchart.62.DiaryNote-HR-Main1-B	9c396d57658bf406	드디어. 슬슬 걱정되던 참이었다. 물통도 절반밖에 안 남았는데...
1473	SAY.Flowchart.63.DiaryNote-HR-Main1-B	61dbeabd1220ef7f	찾아냈다. 전설적인 영웅의 안식처다.
1474	SAY.Flowchart.64.DiaryNote-HR-Main1-B	4167f2e46b670a9f	그 상인은 이 묘역에 빛과 어둠의 쓰러진 전사들이 잠들어 있다고 했다.
1475	SAY.Flowchart.65.DiaryNote-HR-Main1-B	fd742f8df57da0ab	내가 찾는 지하묘가 이곳 어딘가에 숨겨져 있을 것이다.
1476	SAY.Flowchart.66.DiaryNote-HR-Main1-B	5275716df899b9b8	말이 된다. 그렇게 강한 힘을 지닌 전사라면 이 묘지에 묻혀 있어야 한다.
1477	SAY.Flowchart.62.DiaryNote-HR-Crypt2-01	4753237584047b4d	이곳은 버려졌다고 했는데, 사방에 언데드가 있다.
1478	SAY.Flowchart.63.DiaryNote-HR-Crypt2-01	07676bcaf191554c	게다가 종탑의 종은 매시간 울린다.
1479	SAY.Flowchart.64.DiaryNote-HR-Crypt2-01	6297025696531762	분명 나 혼자가 아니다. 서둘러야 한다. 지하묘를 찾아내야 한다.
1480	SAY.Flowchart.65.DiaryNote-HR-Crypt2-01	0068fbac65f15e14	종탑이 있다면 당연히 교회도 있을 것이다.
1481	SAY.Flowchart.63.DiaryNote-HR-Crypt1-04	7f5ae854231518b1	교회에 가 봤다. 아버지는 늘 X 표시가 위치를 알려 준다고 했는데...
1482	SAY.Flowchart.64.DiaryNote-HR-Crypt1-04	a4e054844b7476db	왜 카타콤에는 언제나 쥐와 타르가 있는 걸까?
1483	SAY.Flowchart.65.DiaryNote-HR-Crypt1-04	088737d40267a872	수고한 보람이 있었다. 열쇠와 훼손된 비문을 발견했다. 아직 무언가 적혀 있었다...
1484	SAY.Flowchart.66.DiaryNote-HR-Crypt1-04	179c78e5dffb4135	"오만"이라고 쓰여 있다. 나머지는 알아볼 수 없다.
1485	SAY.Flowchart.67.DiaryNote-HR-Crypt1-04	6103f5d7d042b29f	아무튼 일기에 그대로 베껴 두고, 열쇠는 챙겼다. 나중에 유용할지도 모른다.
1486	SAY.Flowchart.66.DiaryNote-HR-Underground-01	b1dab40d21e2ce6e	죽은 지 얼마 안 된 시신과 방금 마주쳤다.
1487	SAY.Flowchart.67.DiaryNote-HR-Underground-01	bd97b40873b2936f	손에는 구겨진 두루마리가 들려 있었다.
1488	SAY.Flowchart.68.DiaryNote-HR-Underground-01	8b47ffcfab7c2c15	이 벽 안에 산다는 {b}{color=#9523d8}묘지의 주인{/color}{/b}에 대해 경고하는 편지다.
1489	SAY.Flowchart.69.DiaryNote-HR-Underground-01	5b10769f9d7d7b87	진짜 이름을 아는 자만 상대한다고 쓰여 있다...
1490	SAY.Flowchart.70.DiaryNote-HR-Underground-01	079e295d023129c0	뭔가 더 적혀 있지만 지워져 있어 해독할 수 없다... 도서관일까?
1491	SAY.Flowchart.71.DiaryNote-HR-Underground-01	2924b9f1870cc0a5	그 이름을 알아내면 그 빌어먹을 지하묘가 어디 있는지, 아니면 내가 찾은 열쇠가 무엇을 여는지 알려 줄지도 모른다.
1492	SAY.Flowchart.62.DiaryNote-HR-Main3-B	ca69919ec4620bff	교회의 부조에는 수 세기 전에 봉인된 무시무시한 힘이 묘사되어 있다...
1493	SAY.Flowchart.63.DiaryNote-HR-Main3-B	d501973cb490bf61	하지만 지하묘나 묘지의 주인에 대해서는 아무것도 말하지 않는다.
1494	SAY.Flowchart.64.DiaryNote-HR-Main3-B	0ade9acee390d24d	정말 이 근처에 도서관이 있는 걸까?
1495	SAY.Flowchart.65.DiaryNote-HR-Main3-B	d9436e3de0b1454a	찾아보겠다. 시도해 본다고 손해 볼 건 없으니...
1496	SAY.Flowchart.62.DiaryNote-HR-Crypt7-01	a2da2edafc90f32e	어쩌면 도서관은 여기 있을지도 모른다.
1497	SAY.Flowchart.63.DiaryNote-HR-Crypt7-01	a5ca3ebc09f7fcfa	입구를 찾으려면 구석구석 조사해야 한다.
1498	SAY.Flowchart.64.DiaryNote-HR-Crypt7-01	e077f77409fc37c7	분명 그곳의 책에는 이곳에 묻힌 영웅들의 업적이 적혀 있을 것이다.
1499	SAY.Flowchart.65.DiaryNote-HR-Crypt7-01	d77a3b3d0a5bb8a4	그중 하나에서 지하묘의 위치나 묘지의 주인에 관한 정보를 찾을 수 있을지도 모른다.
1500	SAY.Flowchart.74.DiaryNote-HR-Cryp7-03	2e0fbda8ba624993	찾았다! 묘지의 주인의 이름이다. 하지만 뭔가 앞뒤가 맞지 않는다...
1501	SAY.Flowchart.75.DiaryNote-HR-Cryp7-03	f6476466c9a55fd0	책에 따르면 그는 위대한 전쟁 영웅이었지만, 수백 년 전의 인물이다...
1502	SAY.Flowchart.76.DiaryNote-HR-Cryp7-03	3afa986f88e635a3	어떻게 아직 살아 있는 거지, {b}{color=#9523d8}가리발디{/color}{/b}?
1503	SAY.Flowchart.77.DiaryNote-HR-Cryp7-03	799742273af1bff1	문제에 휘말리고 싶은 건 아니지만...
1504	SAY.Flowchart.78.DiaryNote-HR-Cryp7-03	82381741bf42d1a6	더 많은 정보를 얻으려면 알아내야 한다.
1505	SAY.Flowchart.62.DiaryNote-HR-Crypt4-04	3e083b6dc5ba6433	교회를 나온 뒤로 누군가 나를 미행하고 있다.
1506	SAY.Flowchart.63.DiaryNote-HR-Crypt4-04	b823dac98858dd4c	어쩌면 그곳에서 발견한 건 내가 생각한 것보다 더 중요한 것일지도 모른다.
1507	SAY.Flowchart.64.DiaryNote-HR-Crypt4-04	dac6b62048dc6daf	위험에 처한 것 같다. 다행히 잘 숨겨 두었으니, 그걸 지닌 채로 들키지는 않을 것이다.
1508	SAY.Flowchart.65.DiaryNote-HR-Crypt4-04	7caeab90b2bdb36d	제때 물러나는 것도 승리다... 다른 때에 다시 오겠다.
1509	SAY.Flowchart.62.TheKingOfDarkness-HR-Crypt4-03	dfec388d1ac629ae	음... 이 해골은 다른 해골들과 다르군.
1510	SAY.Flowchart.63.TheKingOfDarkness-HR-Crypt4-03	d9f576656748261e	모자를 쓰고, ... 채찍으로 몸을 지키고 있었나?
1511	SAY.Flowchart.64.TheKingOfDarkness-HR-Crypt4-03	5b5f09ea41d8c8c1	일기도 있군...
1512	SAY.Flowchart.65.TheKingOfDarkness-HR-Crypt4-03	a65ebb7833046e15	마지막 몇 페이지만 남았고, 나머지는 뜯겨 나간 것 같군.
1513	SAY.Flowchart.66.DiaryNote-HR-Crypt4-03	df7bfa58018802a3	함정이었다! 그 방은 언데드로 가득했고, 나는 다쳤다. 상처가 심각한 것 같다...
1514	SAY.Flowchart.68.DiaryNote-HR-Crypt4-03	bf0d9fcbd99692eb	가리발디도, 그 빌어먹을 지하묘도, 열쇠도 다 집어치워라. 난 여기서 나간다.
1515	SAY.Flowchart.67.TheKingOfDarkness-HR-Crypt4-03	bec20ab9aaf4dfed	그럼 나머지 기록도 네가 쓴 거였군...
1516	SAY.Flowchart.69.TheKingOfDarkness-HR-Crypt4-03	5fc03701b9e46bb0	호기심이 고블린을 죽인다는 말은 몰랐나?
1517	SAY.Flowchart.70.TheKingOfDarkness-HR-Crypt4-03	228505db15be4185	편히 쉬어라... 적어도 모자는 남겼군.
1518	SAY.Flowchart.7.TheKingOfDarkness-HR-Main1-B	a47d78480632dbd8	이 필멸자들... 언제나 우리를 이상화하지.
1519	SAY.Flowchart.8.TheKingOfDarkness-HR-Main1-B	86302343560e9817	하지만 그녀를 정말 훌륭하게 그려 냈다는 건 인정해야겠군.
1520	SAY.Flowchart.9.TheKingOfDarkness-HR-Main1-B	d2c616e6f8e1d597	이목구비와 머리카락이... 바로 앞에 있는 것 같군.
1521	SAY.Flowchart.23.TheKingOfDarkness-HR-Main3-B	3fe49c62b219edee	그런데 이건 뭐지? 수염을 안 기른 지 몇 순환이나 됐는데...
1522	SAY.Flowchart.22.TheKingOfDarkness-HR-Main3-B	11b4bae2cb5587bb	내 머리가 이렇게 길어진 건 언제부터지?
1523	SAY.Flowchart.21.TheKingOfDarkness-HR-Main3-B	76bc821d0172eee4	무능한 놈들 같으니... 여왕에게 쏟은 정성을 나한테도 좀 쏟을 것이지.
1524	SAY.Flowchart.35.TheKingOfDarkness-HR-Main3-B	692c996426e533aa	누가 이제야 나타났나 했더니...
1525	SAY.Flowchart.7.Wiseman-HR-Main3-B	80179d181e22761d	그 선율... 어디서 배우셨습니까?
1526	SAY.Flowchart.37.Wiseman-HR-Main3-B	4d5c973ba2f9eb93	우리 종족이 고향으로 돌아갔을 때 많은 것을 남겨 두었습니다...
1527	SAY.Flowchart.38.Wiseman-HR-Main3-B	e127ba6152ffa011	그중에는 이 악보도 있었습니다...
1528	SAY.Flowchart.39.Wiseman-HR-Main3-B	7d605f6320cb881e	그걸 연주해 주셔서 제 일을 대신해 주셨군요... 제게 주시지요.
1529	SAY.Flowchart.40.TheKingOfDarkness-HR-Main3-B	3f8bb1325d3d857c	그래, 하지만 순순히 해 주진 않겠다. 싸우자.
1530	SAY.Flowchart.41.Wiseman-HR-Main3-B	e4036aa4789f5319	여기서는 안 됩니다. 세상의 끝으로 돌아가십시오. 우리가 처음 만났던 섬으로...
1531	SAY.Flowchart.42.Wiseman-HR-Main3-B	6948b4a0a7a5900b	기다리고 있겠습니다.
1532	SAY.Flowchart.81.TheKingOfDarkness-HR-Main1-B	48b8ffc814a81a72	흥미롭군... 탐험가의 기록이 {b}{color=#9523d8}악보를 이루고 있어...{/color}{/b}
1533	SAY.Flowchart.80.TheKingOfDarkness-HR-Crypt2-1	48b8ffc814a81a72	흥미롭군... 탐험가의 기록이 {b}{color=#9523d8}악보를 이루고 있어...{/color}{/b}
1534	SAY.Flowchart.84.TheKingOfDarkness-HR-Crypt1-04	48b8ffc814a81a72	흥미롭군... 탐험가의 기록이 {b}{color=#9523d8}악보를 이루고 있어...{/color}{/b}
1535	SAY.Flowchart.98.TheKingOfDarkness-HR-Underground-01	48b8ffc814a81a72	흥미롭군... 탐험가의 기록이 {b}{color=#9523d8}악보를 이루고 있어...{/color}{/b}
1536	SAY.Flowchart.75.TheKingOfDarkness-HR-Main3-B	48b8ffc814a81a72	흥미롭군... 탐험가의 기록이 {b}{color=#9523d8}악보를 이루고 있어...{/color}{/b}
1537	SAY.Flowchart.77.TheKingOfDarkness-HR-Crypt7-01	48b8ffc814a81a72	흥미롭군... 탐험가의 기록이 {b}{color=#9523d8}악보를 이루고 있어...{/color}{/b}
1538	SAY.Flowchart.96.TheKingOfDarkness-HR-Cryp7-03	48b8ffc814a81a72	흥미롭군... 탐험가의 기록이 {b}{color=#9523d8}악보를 이루고 있어...{/color}{/b}
1539	SAY.Flowchart.76.TheKingOfDarkness-HR-Crypt4-04	48b8ffc814a81a72	흥미롭군... 탐험가의 기록이 {b}{color=#9523d8}악보를 이루고 있어...{/color}{/b}
1540	SAY.Flowchart.81.TheKingOfDarkness-HR-Crypt4-03	48b8ffc814a81a72	흥미롭군... 탐험가의 기록이 {b}{color=#9523d8}악보를 이루고 있어...{/color}{/b}
1541	Item.Obtained	bef24115044ec129	사용 가능
1542	Item.NuevaUbicacion	a0a19e79754c52bc	다음 조각들의 위치
1543	Item.GotEastWallBossKey	14fb0a25befaf566	성벽의 열쇠
1544	Item.LlaveCriptaFalsoCaballero	7b280cacce459376	복수자들의 지하묘 열쇠
1545	Item.ChurchKey	02d6ead99423f7cd	교회의 열쇠
1546	Item.WOTFWestTowerKeyOne	e613933e9a73cab8	첫 번째 봉인의 열쇠
1547	Item.WOTFWestTowerKeyTwo	09650df2d2e9a4a3	두 번째 봉인의 열쇠
1548	Item.WOTFWestTowerKeyThree	a158d97cd051b267	세 번째 봉인의 열쇠
1549	Item.WOTFWestTowerKeyFour	86701fa099253cdc	네 번째 봉인의 열쇠
1550	Item.WOTFWestTowerKeyFive	59cc3ab97f5191ec	다섯 번째 봉인의 열쇠
1551	Item.WOTFWestTowerKeySix	059c8d8c2187e4fa	여섯 번째 봉인의 열쇠
1552	Item.GotScythe	75e39b0fab17f6fb	피의 낫
1553	Item.GotWallJump	fdab6270fa426792	어둠의 발톱
1554	Item.GearTaken	9b2be3efcfe1eb74	톱니바퀴
1555	Item.LenguaGusano	bbd25f3cd6288f56	워모록의 혀
1556	Item.Skillpoint	2e46a752b8eba63b	스킬 포인트
1557	Item.HeartPortion	7987ff76fda38524	심장 조각
1558	Item.DragonEye	6ca2190d9f9b321c	천상룡의 눈
1559	Item.TKKey	e6038fcb21070bd7	왕들의 신전 열쇠
1560	Item.GotDash	3b53c77a8c93bf7b	대시
1561	Item.GotCarcaj	bc438ef7de21694f	천상의 사격
1562	Item.GotPowerFragment	a4d3fd1ddddca892	제단의 조각
1563	Item.EmperorSymbol1	094b04c5d72d89d0	황제의 봉인
1564	Item.MaterialCompleted	fd8cb3501bca1876	대장장이의 메달
1565	Item.BloodGem	bb5441d2bd26562e	피의 보석
1566	Item.BloodVessel	df5beea1db66cecc	피의 그릇
1567	Item.TicketTaken	2fb0610569daf9c3	TAL 레일 시스템 승차권
1568	Item.DarkOre	7b2a8109a6187e4b	어둠의 재료
1569	Item.MonolithFragment	d609173ecd860c5b	석주 조각
1570	Item.IndexColection	b324c9375d058f15	수집 도감
1571	Item.MerchantKeyTaken	ace28f70f3a18017	상인의 열쇠
1572	Item.USFCardLevel1	ebb7fe94363991a0	C 갑판 출입 카드
1573	Item.USFCardLevel2	edcfd2d4cc17224f	B 갑판 출입 카드
1574	Item.USFCardLevel3	287efafdce09dfab	A 갑판 출입 카드
1575	Item.USFCardLevel4Half	b8b937882da82a9c	출입 카드 반쪽
1576	Item.OracleKey	d221178187f96501	신탁의 눈
1577	Item.GotLetra	cbcc4fd98194782f	수수께끼의 단서
1578	Item.MagicLamp	0a4822d05464ffdd	마법 램프
1579	Item.LureSlime	255d7be56fc5b143	사냥 미끼
1580	Item.USFCardLevelBoss	59211e6fcee318b0	중앙 메모리 카드
1581	Item.StainedGlassFragment	d13397273da6a9cd	영혼의 거울 조각
1582	Item.CelestialCompanion	3627ce02df928601	천상의 동반자
1583	SAY.Flowchart.7.Garibaldi-HR-BossCrypt	10321c96111f8627	하하하... 어둠의 왕이시여, 이 순간을 오래도록 기다려 왔습니다.
1584	SAY.Flowchart.35.TheKingOfDarkness-HR-BossCrypt	1855682dd622b368	우리 서로 아는 사이인가?
1585	SAY.Flowchart.36.Garibaldi-HR-BossCrypt	19eea4b090ca98fe	저를 기억하지 못하십니까? 세 순환 전, 아이테르나 궁전 전투 말입니다.
1586	SAY.Flowchart.37.TheKingOfDarkness-HR-BossCrypt	6ce35a5b41bc5223	미안하지만, 네가 기억나지 않는다. 내 지휘관 중 하나였나?
1587	SAY.Flowchart.76.Garibaldi-HR-BossCrypt	50c10d7463acb0fa	아닙니다! 그대의 앞잡이가 되느니 차라리 죽겠습니다.
1588	SAY.Flowchart.39.Garibaldi-HR-BossCrypt	3886f92858255339	정당한 군주이신 빛의 여왕의 명을 받들어 명예롭게 싸웠습니다...
1589	SAY.Flowchart.40.Garibaldi-HR-BossCrypt	289ebf24716e4e1a	그러다 비겁하게도 그대가 제 등을 찔러 죽이셨지요.
1590	SAY.Flowchart.41.TheKingOfDarkness-HR-BossCrypt	ace1727989afe64d	너 같은 놈을 수도 없이 처리했지. 이름도, 얼굴도 기억하지 못한 채로.
1591	SAY.Flowchart.42.TheKingOfDarkness-HR-BossCrypt	6201845354d01b47	개인적으로 받아들이진 마라.
1592	SAY.Flowchart.43.Garibaldi-HR-BossCrypt	81a345da9b99fccb	하하하... 오만하시기는 여전하군요...
1593	SAY.Flowchart.44.Garibaldi-HR-BossCrypt	e09b9fc0ce4ba540	전장에서 스러진 빛의 종복들이 잠든 땅을 밟을 자격이 그대에게는 없습니다.
1594	SAY.Flowchart.46.TheKingOfDarkness-HR-BossCrypt	c33f1cfa6f70400a	내가 밟고 싶은 곳은 어디든 밟는다. 게다가 이곳에는 내 신하들도 묻혀 있지.
1595	SAY.Flowchart.45.Garibaldi-HR-BossCrypt	3d0354e2e55322af	잘못된 군주를 섬기던 명예로운 전사들입니다.
1596	SAY.Flowchart.47.TheKingOfDarkness-HR-BossCrypt	4947b5ad9b622e5d	네 말이 그렇다면 그렇겠지. 하지만 이제 궁금해지는군... 넌 누구지?
1597	SAY.Flowchart.48.Garibaldi-HR-BossCrypt	cfb9bf4200348230	하하하... 헛소리는 그만하시지요...
1598	SAY.Flowchart.49.Garibaldi-HR-BossCrypt	5187959ce4f941db	그대가 {b}{color=#9523d8}제 이름{/color}{/b}을 기억하지 못하신다면, 저를 알현할 자격도 없으십니다.
1599	SAY.Flowchart.50.TheKingOfDarkness-HR-BossCrypt	2bc393199cf35ce4	네 원한은 증오로 이어졌고, 그 증오는 널 절망으로 끌고 가겠지...
1600	SAY.Flowchart.51.TheKingOfDarkness-HR-BossCrypt	3b15d7aac81cb5cc	그리고 절망은... 널 내 편으로 끌어들이지.
1601	SAY.Flowchart.52.TheKingOfDarkness-HR-BossCrypt	65e5461e0f5e3b9d	결국 넌 나를 섬기게 될 거다. 난 여전히 네 이름도 모르겠지.
1602	SAY.Flowchart.53.Garibaldi-HR-BossCrypt	5efc21bf683513d8	제 처소에서 나가십시오!
1603	SAY.Flowchart.360.Garibaldi-HR-BossCrypt	c887517d1d55fcc9	제 이름을 기억하실 때까지는 그대와 이야기하지 않겠습니다!
1604	SAY.Flowchart.363.TheKingOfDarkness-HR-BossCrypt	f0eca39c5ef9d848	그렇게 서두를 것 없다... 사실 네 이름을 알고 있지... 가리발디.
1605	SAY.Flowchart.364.TheKingOfDarkness-HR-BossCrypt	2d50b563adb572b5	이렇게 즐거운 대화를 나누고 있었는데... 네 이름을 완전히 잊고 있었군.
1606	SAY.Flowchart.420.TheKingOfDarkness-HR-BossCrypt	091e06478bc5f167	조금 더 이야기할 자격은 얻었다고 생각하나?
1607	SAY.Flowchart.421.Garibaldi-HR-BossCrypt	44f9a25e9c2065a7	하하하... 그 이상이다... 나와 결투할 영광을 얻었다.
1608	SAY.Flowchart.377.TheKingOfDarkness-HR-BossCrypt	8a1dcca0d9162758	이제 네 이름을 알아냈다, 가리발디.
1609	SAY.Flowchart.422.Garibaldi-HR-BossCrypt	328fc19f2e8a12df	여기서, 지금이다. 네 검과 내 검을 맞댄다.
1610	SAY.Flowchart.418.TheKingOfDarkness-HR-BossCrypt	9665f7f0f06c2615	확실한가? 또 널 두 동강 내고 싶지는 않군...
1611	SAY.Flowchart.419.Garibaldi-HR-BossCrypt	31d9c937208e158f	하하하.... 끝까지 건방지군. 네놈을 짓밟아 주마, 비겁한 쥐새끼!
1612	SAY.Flowchart.205.TheKingOfDarkness-HR-BossCrypt	924710a4c7ac7d08	이제 충분히 당했나?
1613	SAY.Flowchart.206.Garibaldi-HR-BossCrypt	207b17d479a92c54	하하하... 훈련치고는 나쁘지 않았군!
1614	SAY.Flowchart.207.Garibaldi-HR-BossCrypt	e22e85954939c75d	네놈은 이해조차 못 할 힘을 내가 얻었다는 걸 알아 둬라...
1615	SAY.Flowchart.208.TheKingOfDarkness-HR-BossCrypt	d4ad996741ef97a1	네 무덤으로 돌아가 쓰러진 동료들과 함께 쉬어라.
1616	SAY.Flowchart.209.Garibaldi-HR-BossCrypt	76032bccefa9c8a1	이걸로 끝이 아니다, 어둠의 왕. 반드시 복수하겠다. 의심하지 마라.
1617	SAY.Flowchart.210.Garibaldi-HR-BossCrypt	e04ce92950d11c06	하지만 지금은 공평하지 않다... 아직 넌 내 상대가 아니다.
1618	SAY.Flowchart.211.Garibaldi-HR-BossCrypt	d8a113906bc25329	힘을 되찾아라, 저주받은 군주. 저주받은 자들이 사는 곳에서 나와 맞붙어라.
1619	SAY.Flowchart.220.Garibaldi-HR-BossCrypt	aada054cd4cc0709	아직 충분한 힘을 갖추지 못하셨습니다, 어둠의 왕... 정말 다시 저와 겨루시겠습니까?
1620	MENU.Flowchart.221	2f3e8dcc24649850	물론이지
1621	MENU.Flowchart.224	66c0da233c8821e1	나중에
1622	SAY.Flowchart.223.Garibaldi-HR-BossCrypt	0e7a27c6fb657f74	오만하신 데다 고집까지 세시군요... 좋습니다, 싸우시지요.
1623	SAY.Flowchart.226.Garibaldi-HR-BossCrypt	b14b4e0df143ec41	그렇습니다. 저와 싸울 만한 상대가 되거든 돌아오십시오.
1624	SAY.Flowchart.228.Garibaldi-HR-BossCrypt	ca259d730c66b0cd	이제는 제법 상대할 만하시군요. 실력을 시험해 보시지요.
1625	SAY.Flowchart.33.TheKingOfDarkness-HR-Main1-B	2fca0d46554e34e0	영웅의 안식처... 내 지휘관 중 하나가 되살아난 걸 보는 건 언제나 기분 좋은 일이군.
1626	SAY.Flowchart.34.TheKingOfDarkness-HR-Main1-B	e41a97a9b815bd12	내 힘의 조각은 아직 이 묘지에서 멀리 있다... {b}{color=#9523d8}계속 나아가려면 이곳을 가로질러야 한다.{/color}{/b}
1627	SAY.Flowchart.33.TheKingOfDarkness-HR-Crypt5	bfe85f6e8b2c58a0	음... 이 필사본은 꽤 흥미롭군...
1628	SAY.Flowchart.34.TheKingOfDarkness-HR-Crypt5	b4794ad64910d0ba	영웅의 안식처 깊은 곳에 강력한 {b}{color=#9523d8}피의 무기{/color}{/b}가 숨겨져 있다고 하는군...
1629	SAY.Flowchart.35.TheKingOfDarkness-HR-Crypt5	67fc3d4e6373da6c	도움이 되겠군.
1630	SAY.Flowchart.XXX.TheKingOfDarkness-HR-Main3-B	ae798a6d9b100544	묘지 반대편 끝까지 왔군... 출구가 가까울 거다.
1631	SAY.Flowchart.33.TheKingOfDarkness-HR-Sewer02	dfa4ce34668c9909	피의 무기... 우아하면서도 치명적이군.
1632	SAY.Flowchart.34.TheKingOfDarkness-HR-Sewer02	d5239cd3d6cf7de5	이걸로 내 적들이 죽기 전에 피를 더 많이 흘리게 할 수 있겠군.
1633	SAY.Flowchart.35.TheKingOfDarkness-HR-Sewer02	ee3bd3d279663f8c	두 번째 공격(<sprite name="secondattack">)을 사용하면 이 무기를 휘둘러 보석에 저장할 피를 더 얻을 수 있다.
1634	SAY.Flowchart.33.TheKingOfDarkness-LT1-CenterA	7029641952f4df75	여왕의 영혼에 힘을 공급하는 번개로군... 카오스가 이렇게 강력한 에너지 흐름의 힘을 제한한 건 잘한 일이다.
1635	SAY.Flowchart.34.TheKingOfDarkness-LT1-CenterA	efa884650f424164	그렇지 않았다면 새로 방전될 때마다 빛의 탑이 산산이 부서졌겠지.
1636	SAY.Flowchart.37.TheKingOfDarkness-LT1-CenterA	4f590ee3371f3e41	{b}{color=#9523d8}정상에는 내 힘의 조각 하나가...{/color}{/b} 이제 되찾을 때가 됐군.
1637	SAY.Flowchart.21.TheKingOfDarkness-LT3-CenterA	36b89a008ca93990	빛의 결정... 요람의 에너지를 흡수해 탑에 공급하는군.
1638	SAY.Flowchart.22.TheKingOfDarkness-LT3-CenterA	a6027e198ad9b798	그리고 역시 검이 영원한 주인의 영혼을 지키고 있군...
1639	SAY.Flowchart.23.TheKingOfDarkness-LT3-CenterA	308a0be5702649d3	이번에는 운이 좋아서 이게 여기 없을 줄 알았는데.
1640	SAY.Flowchart.24.TheKingOfDarkness-LT3-CenterA	492901b62aef6ed5	이게 쉽다고 한 사람은 없었지...
1641	SAY.Flowchart.33.BlacksmithDaughter-Stage0-Forge	2dbbe800c494e021	저기요! 아니... 고블린은 아니죠?
1642	SAY.Flowchart.34.TheKingOfDarkness-Stage0-Forge	7d22eececd6b02c2	고블린에게 이렇게 남부러운 광대뼈가 있을 것 같나?
1643	SAY.Flowchart.35.BlacksmithDaughter-Stage0-Forge	ed48ff6a603494fa	무례를 용서해 주세요. 정말 절박해서 그래요.
1644	SAY.Flowchart.36.BlacksmithDaughter-Stage0-Forge	b4e8e30c866dd3fa	여기엔 더러운 고블린들뿐이고, 제가 하는 말도 알아듣지 못해요. 도움이 필요해요.
1645	SAY.Flowchart.37.TheKingOfDarkness-Stage0-Forge	a2cbc71d474da96a	낯선 자와는 절대 이야기하지 말라고 배우지 않았나?
1646	SAY.Flowchart.38.BlacksmithDaughter-Stage0-Forge	6307d1b5e638e68a	제 말 좀 들어 주세요. 아버지가 사라지셨어요...
1647	SAY.Flowchart.39.BlacksmithDaughter-Stage0-Forge	c6bd7aaf4c347310	아버지는 마을의 명장이에요. 납치범들의 흔적을 따라왔는데, {b}{color=#9523d8}바로 대장간{/color}{/b}으로 이어지는 것 같아요.
1648	SAY.Flowchart.40.TheKingOfDarkness-Stage0-Forge	a5109a73d2c2bfa2	말하기 미안하지만, 네 아버지는 불에 미친 자들에게 끌려갔다...
1649	SAY.Flowchart.41.TheKingOfDarkness-Stage0-Forge	07b4465faf4c6e0d	지금은 녹아내린 모루 교단이라고 자칭하더군.
1650	SAY.Flowchart.42.BlacksmithDaughter-Stage0-Forge	5c69045233be0643	저 혼자서는 그곳에 들어가 아버지를 구해 올 수 없어요. 도와주세요.
1651	SAY.Flowchart.43.TheKingOfDarkness-Stage0-Forge	b65c60e9b1e2113e	네 아버지는 세뇌당했다.
1652	SAY.Flowchart.44.TheKingOfDarkness-Stage0-Forge	6f6d367dd96c801d	너까지 포섭되기 전에 집으로 돌아가는 게 좋겠다.
1653	SAY.Flowchart.45.BlacksmithDaughter-Stage0-Forge	1f9f12ae41210364	잠깐만요! 가지 마세요, 제발요. 보상해 드릴게요.
1654	SAY.Flowchart.46.TheKingOfDarkness-Stage0-Forge	e512c50332cca698	잘 가라.
1655	SAY.Flowchart.7.GoblingKing-AC-Cave-9	ed6d845a3c4885d1	오! 이게 뭐지? 창백한 피부, 짧은 코, 가느다란 귀...
1656	SAY.Flowchart.33.GoblingKing-AC-Cave-9	b410cf0f2e996872	지상에서 온 방문객이군! 넌 누구냐, 허약한 인간?
1657	SAY.Flowchart.32.TheKingOfDarkness-AC-Cave-9	ab5df625bc76dbd4	...
1658	SAY.Flowchart.34.GoblingKing-AC-Cave-9	63c00d038cc41d98	이봐! 내가 말하고 있는데 귀먹었냐, 창백한 낯짝?
1659	SAY.Flowchart.35.TheKingOfDarkness-AC-Cave-9	ab5df625bc76dbd4	...
1660	SAY.Flowchart.36.GoblingKing-AC-Cave-9	4d895e17d06bf952	하하하... 지금껏 감히 내게 도전한 자는 아무도 없었다...
1661	SAY.Flowchart.37.GoblingKing-AC-Cave-9	7085ad54bdb0249a	네 태도가 마음에 드는군! 당분간은 네 머리를 어깨 위에 붙여 두지.
1662	SAY.Flowchart.38.TheKingOfDarkness-AC-Cave-9	a7ef78b1398c8370	좋아, 네게도 똑같이 해 주지. 일단은...
1663	SAY.Flowchart.39.GoblingKing-AC-Cave-9	abc8419e74e63c5a	운을 시험하지 마라, 인간! 네 앞에 있는 건 고블린의 왕이다.
1664	SAY.Flowchart.40.GoblingKing-AC-Cave-9	c3f8e7d58d15dde1	손가락만 튕겨도 널 창에 꿰라고 명령할 수 있다.
1665	SAY.Flowchart.41.TheKingOfDarkness-AC-Cave-9	3857d60beae6879d	나를 창에 꿰기엔 고블린 수가 부족하다.
1666	SAY.Flowchart.42.GoblingKing-AC-Cave-9	b68d3a27c3f82d3b	넌 오만하면서도 죽음의 위협에 떨지 않는군...
1667	SAY.Flowchart.43.GoblingKing-AC-Cave-9	d8c0e366ac30d7a2	음... 내게 쓸모가 있을지도 모르겠군.
1668	SAY.Flowchart.44.GoblingKing-AC-Cave-9	98d151ee12ae94b2	나를 위해 자그마한 일 하나 해 볼 생각은 없냐? 해내면 네가 부리고 싶은 무례는 뭐든 눈감아 주지.
1669	SAY.Flowchart.45.TheKingOfDarkness-AC-Cave-9	380c04b38d57d127	음... 공평한 거래 같군.
1670	SAY.Flowchart.46.GoblingKing-AC-Cave-9	1e7ace3268deecfc	좀 더 가면 우리 종족의 옛 땅으로 가는 길이 있다.
1671	SAY.Flowchart.47.GoblingKing-AC-Cave-9	ee9dd8d95eccea47	승천의 동굴 가장 깊은 곳에 있고, 수백 년 전에 버려졌지...
1672	SAY.Flowchart.48.GoblingKing-AC-Cave-9	a01910dcf20e30c4	지금은 길이 무언가에 막혀서... 뭐, 지나갈 수 없다고 해 두지.
1673	SAY.Flowchart.49.GoblingKing-AC-Cave-9	0b4867c77e234a55	{b}{color=#9523d8}길이 뚫렸다는 증거를{/color}{/b} 가져와라. 그러면 보상하겠다.
1674	SAY.Flowchart.50.TheKingOfDarkness-AC-Cave-9	35461f08aef5510b	네게 내 흥미를 끌 만한 게 있을 것 같진 않군. 길을 치우는 건 내가 지나가야 해서일 뿐이다.
1675	SAY.Flowchart.51.GoblingKing-AC-Cave-9	ea41335208971000	하하하... 두고 보자고...
1676	SAY.Flowchart.25.GoblingKing-AC-Cave-9	94d51a2035e76dce	내 탐험가들이 우리 옛 땅으로 가는 길이 뚫렸다고 하더군...
1677	SAY.Flowchart.52.GoblingKing-AC-Cave-9	5d2e4e4df92d81b2	네가 해낼 줄 알았다. 인간이란 탐욕스러운 법이지.
1678	SAY.Flowchart.53.TheKingOfDarkness-AC-Cave-9	468950f0bddab615	가는 길이었지... 받아라. 길을 막던 그 더러운 것의 혀를 가져왔다.
1679	SAY.Flowchart.54.TheKingOfDarkness-AC-Cave-9	4714166ba334a2e8	그걸 애완동물로 키우지 않았다니 놀랍군... 내 보상은 어떻게 됐지? 몹시 기다려지는군.
1680	SAY.Flowchart.55.GoblingKing-AC-Cave-9	957f99cc89a93bf6	조급해하지 마라, 창백한 낯짝. 아직 네 일은 끝나지 않았다...
1681	SAY.Flowchart.56.TheKingOfDarkness-AC-Cave-9	d5731a2fd73af8cf	역시 그럴 줄 알았지... 원하는 게 뭐지?
1682	SAY.Flowchart.57.GoblingKing-AC-Cave-9	4755f816e49f1b14	지상에 사는 자가 내가 필요한 물건을 가지고 있다.
1683	SAY.Flowchart.58.GoblingKing-AC-Cave-9	8df2013ba8d3a4b6	그자는 자신을 "수집가"라 부르며 온갖 물건을 모으고 있다. 그중에는 내가 필요한 {b}{color=#9523d8}물약{/color}{/b}도 있지.
1684	SAY.Flowchart.59.GoblingKing-AC-Cave-9	7d136c6e97fc53c5	그 병을 가져와라. 그러면 보상에 한 걸음 더 가까워질 거다. 고블린의 약속이다.
1685	SAY.Flowchart.31.TheKingOfDarkness-AC-Cave-9	a7433e542a877204	자, 네 물약이다, 고블린 왕.
1686	SAY.Flowchart.60.GoblingKing-AC-Cave-9	b10169fc718e3039	훌륭하다, 인간. 네 보상에 한층 가까워졌군.
1687	SAY.Flowchart.61.TheKingOfDarkness-AC-Cave-9	c27c8cf72d9901fc	아직도 네 보상을 받을 자격이 없나?
1688	SAY.Flowchart.62.TheKingOfDarkness-AC-Cave-9	c0d85031b71847b1	길을 막던 짐승을 죽였다... 그리고 수집가에게서 물약을 훔쳤지. 그런데 제법 흥미로운 자더군...
1689	SAY.Flowchart.63.TheKingOfDarkness-AC-Cave-9	aabe8c1767a60014	이걸로도 부족하다면, 힘으로 빼앗아야겠군...
1690	SAY.Flowchart.64.GoblingKing-AC-Cave-9	c0b813f4f1583859	멈춰라! 흥분할 것 없다. 마지막 부탁 하나만 들어주면 보상은 네 것이다, 인간. 약속하지...
1691	SAY.Flowchart.65.TheKingOfDarkness-AC-Cave-9	7961a4c7880f0605	말해라.
1692	SAY.Flowchart.66.GoblingKing-AC-Cave-9	6826c7e87617cdad	다시 깊은 곳으로 가라...
1693	SAY.Flowchart.67.GoblingKing-AC-Cave-9	b592976301341201	우리 옛 마을의 폐허로 들어가 {b}{color=#9523d8}고블린 왕홀{/color}{/b}을 찾아라.
1694	SAY.Flowchart.68.TheKingOfDarkness-AC-Cave-9	3eaa64b94addd143	그건 건초더미에서 바늘을 찾는 것과 같겠군.
1695	SAY.Flowchart.69.GoblingKing-AC-Cave-9	500acea7e74ca1fc	걱정 마라. 보물실에서 찾게 될 테니.
1696	SAY.Flowchart.70.TheKingOfDarkness-AC-Cave-9	30dd20eea8da9c92	이제야 말이 통하는군.
1697	SAY.Flowchart.71.GoblingKing-AC-Cave-9	4fd2f7adf5b7b1f3	우리 종족의 보물 옆에 보관되어 있다. 그래서 길을 뚫으라고 한 거다.
1698	SAY.Flowchart.72.TheKingOfDarkness-AC-Cave-9	d06531930e11a35a	그럼 이 쓸모없는 놈들 중 하나를 보내서 찾아오게 하지 그래?
1699	SAY.Flowchart.73.GoblingKing-AC-Cave-9	f5ca7c5ac5a94be4	그 돌대가리들은 거기까지 가기도 전에 죽을 거다.
1700	SAY.Flowchart.74.GoblingKing-AC-Cave-9	979cdf90d4ceebec	잘돼 봐야 금만 챙겨 갈 거다. 아니... 네가 가라.
1701	SAY.Flowchart.76.GoblingKing-AC-Cave-9	6364a29a7fcad83c	고블린 왕홀을 찾아서 가져와라. 나머지 보물을 옮길 시간은 충분히 있으니...
1702	SAY.Flowchart.75.TheKingOfDarkness-AC-Cave-9	d06ca436478ca8e7	그래, 네 말대로 하지. 하지만 이 일엔 큰 대가를 치르게 될 거다...
1703	SAY.Flowchart.77.GoblingKing-AC-Cave-9	fe5d4e814caa9c76	날 믿어라. 부탁하는 건 이번이 마지막이다.
1704	SAY.Flowchart.120.GoblingKing-AC-Cave-9	679aed73307313e5	하하하... 드디어 내 손에 들어왔군... 왕관과 왕홀이 없는 왕이 무슨 왕이냐?
1705	SAY.Flowchart.123.TheKingOfDarkness-AC-Cave-9	af957e629719f1e8	그건 내가 잘 알지.
1706	SAY.Flowchart.124.GoblingKing-AC-Cave-9	76e928e5d0e1e7d2	잘했다, 인간. 고블린은 약속을 지킨다.
1707	SAY.Flowchart.125.GoblingKing-AC-Cave-9	99c78e4a6d730cf3	가서 네 보상을 받아라. {b}{color=#9523d8}저 방에서 기다리고 있다...{/color}{/b}
1708	SAY.Flowchart.126.TheKingOfDarkness-AC-Cave-9	80a942e17a1cbe64	또 네 수작은 아니길 바라지...
1709	SAY.Flowchart.230.TheKingOfDarkness-AC-Cave-9	c098703c6fc781d4	자, 네 고블린 왕홀이다, 고블린 왕.
1710	SAY.Flowchart.150.TheKingOfDarkness-AC-Arena	7c42999387e5e52c	내 몫을 내놔라. 더는 내 시간을 낭비하게 하지 마라.
1711	SAY.Flowchart.151.GoblingKing-AC-Arena	59e78c699c302f9d	넌 너무 많은 걸 알아 버렸다, 인간. 살려 둘 수는 없지.
1712	SAY.Flowchart.152.GoblingKing-AC-Arena	8826ae4d11475c8a	내 보물이 있는 곳을 아는데, 내가 널 보내 줄 것 같으냐?
1713	SAY.Flowchart.153.TheKingOfDarkness-AC-Arena	137737fca773c7a2	네 보물이라고? 웃기는군... 나라면 네 머리나 더 걱정하겠다.
1714	SAY.Flowchart.154.GoblingKing-AC-Arena	978b3eeb14dc135d	오만한 인간... 여기서 살아서 나갈 수는 없다!
1715	SAY.Flowchart.155.TheKingOfDarkness-AC-Arena	96cf405da405a52a	그걸 막으려고 뭘 할 셈이지?
1716	SAY.Flowchart.156.GoblingKing-AC-Arena	ac4d09ee83329f0a	내 군단이 널 처리할 거다... 죽여라! 하지만 갑옷은 찌그러뜨리지 마라. 마음에 드니까!
1717	SAY.Flowchart.177.TheKingOfDarkness-AC-Arena	b366a3a4db919d99	말했잖나. 나를 창에 꿰기엔 고블린이 부족하다고...
1718	SAY.Flowchart.179.GoblingKing-AC-Arena	e76c25d9148e6473	하하하... 진정해라, 인간... 농담이었을 뿐이다.
1719	SAY.Flowchart.180.GoblingKing-AC-Arena	5802fd6c5e9f76aa	게다가 설마 왕을 시해하진 않겠지?
1720	SAY.Flowchart.181.TheKingOfDarkness-AC-Arena	daadf8a847a4ebd4	사실, 이건 평생 해 온 일이다...
1721	SAY.Flowchart.182.GoblingKing-AC-Arena	89fd3b8734c33d26	여기 네 보상이다. 부하들이 그러는데, 외부에서는 아주 귀한 열쇠라더군. 챙겨서 꺼져라!
1722	SAY.Flowchart.214.GoblingKing-AC-Arena	bd6b7cab4473e9ec	널 해칠 생각은 없었다... 이제 가도 된다!
1723	SAY.Flowchart.215.TheKingOfDarkness-AC-Arena	eb28bc9165e2ef1f	음... 군주가 내 앞에서 애원하는 모습을 보는 건 오랜만이군.
1724	SAY.Flowchart.216.TheKingOfDarkness-AC-Arena	8cd913c1cc8b8993	언젠가 다시 해 봐도 좋겠군.
1725	SAY.Flowchart.217.GoblingKing-AC-Arena	9ff1e658de856542	절대 안 된다! 이제 서로 볼 만큼 봤다.
1726	SAY.Flowchart.128.GoblingKing-AC-Cave-9	03a0c11aa51ca2f8	콜로세움에서 최근 치른 경기들이 끝난 뒤, 새로운 챔피언을 찾아 나서기로 했다...
1727	SAY.Flowchart.129.GoblingKing-AC-Cave-9	d76e2df428688ad4	우리의 가장 큰 적, "창백한 인간"을 쓰러뜨릴 수 있는 자들이다!
1728	SAY.Flowchart.130.GoblingKing-AC-Cave-9	4aa47600f5593761	나를 방해하면 참수형이다.
1729	SAY.Flowchart.131.GoblingKing-AC-Cave-9	0ed6697c723db495	너희가 사랑하는 지도자, 고블린의 왕 조보 3세.
1730	TMPRO.Text.2133696	4a6eb87ad3edb58a	업데이트됨
1731	SAY.Flowchart.188.GoblingKing-AC-Cave-9	30959a2a31541b19	우리 옛 왕국으로 가는 길을 뚫어라, 외지인.
1732	SAY.Flowchart.189.GoblingKing-AC-Cave-9	ea9f194aef8278d6	그 증거를 가져올 때까지는 더는 너와 말하지 않겠다.
1733	SAY.Flowchart.193.GoblingKing-AC-Cave-9	a2d9d6cec993258b	물약을 가져와라! 그 물약을 원한다, 외지인.
1734	SAY.Flowchart.199.GoblingKing-AC-Cave-9	9695e087215a9f33	이번이 정말 마지막 부탁이다! 고블린 왕홀을 찾아와라. 그러면 제대로 보상하겠다...
1735	SAY.Flowchart.32.TheKingOfDarkness-AC-Cave17	6fea9c8c99ae5198	그러면서 인간이 탐욕스럽다더군...
1736	SAY.Flowchart.33.TheKingOfDarkness-AC-Cave17	ebd16a8c6dfa0c84	여기 있는 금이면 기록자의 서재를 가득 채우고도 남겠군.
1737	MENU.Flowchart.234	cdc4490ec526e9cf	금을 훔치지 않는다
1738	MENU.Flowchart.235	afd28e25a65ed57e	금을 훔친다
1739	SAY.Flowchart.26.TheKingOfDarkness-AC-Cave17	189f554183dcc4e1	고블린 왕홀이 여기 있군... 고블린 왕가의 문장이 새겨져 있다.
1740	SAY.Flowchart.35.TheKingOfDarkness-AC-Cave17	2d91995b6ad326e7	그 괴물은 나를 이리저리 끌고 다니면서도 아직 대가로 뭘 줄지 말하지 않았군...
1741	SAY.Flowchart.36.TheKingOfDarkness-AC-Cave17	bcb507f770c08c98	내 몫이니, 내가 원하는 건 직접 챙기겠다.
1742	SAY.Flowchart.25.TheKingOfDarkness-AC-Cave17	189f554183dcc4e1	고블린 왕홀이 여기 있군... 고블린 왕가의 문장이 새겨져 있다.
1743	SAY.Flowchart.34.TheKingOfDarkness-AC-Cave17	9aad311299a7ffb8	뭔가 더 챙기고 싶어지는군... 하지만 이 잡동사니 사이엔 가치 있는 게 없으니, 서둘러 돌아가는 게 낫겠다.
1744	SAY.Flowchart.13.Tomb-HR-Catacombs	dcf8e447b1d62402	여기 야르다코스 잠들다. 폭군 황제를 막기 위해 목숨을 바친 자.
1745	SAY.Flowchart.14.Tomb-HR-Catacombs	ea744bc1ea66ed0f	천 번의 순환이 흘러도 이 위대한 업적은 빛나리라.
1746	SAY.Flowchart.15.Tomb-HR-Catacombs	de7bf9e84072c024	그 희생 덕분에 세상은 더 나은 곳이 되었다.
1747	SAY.Flowchart.16.Tomb-HR-Catacombs	d4f93db151b57ab7	전능한 카오스가 그 신성한 영혼을 인도하기를.
1748	SAY.Flowchart.16.TheKingOfDarkness-HR-Catacombs	4c96078abb1fea6d	이 봉인이 황제의 힘을 풀어 주겠지... 그자의 시종이 말한 대로다.
1749	SAY.Flowchart.7.Servant-MAU-Main	c0885aa746b22c5a	안녕하십니까, 여행자여. 이곳을 지나는 이가 오래도록 없었습니다.
1750	SAY.Flowchart.35.Servant-MAU-Main	c51963b191534b57	아직도 제 주군께 공물을 바치는 분들이 있다니 기쁘기 그지없습니다.
1751	SAY.Flowchart.36.TheKingOfDarkness-MAU-Main	b48a1969406789bc	네 주인이라고? 내가 여기에 묻혀 있었던 기억은 없군.
1752	SAY.Flowchart.38.Servant-MAU-Main	37573d695af737bb	무례를 용서하십시오만, 무슨 말씀인지 모르겠습니다.
1753	SAY.Flowchart.37.Servant-MAU-Main	3b79d4830c4e4e38	제가 말씀드리는 분은 황제, 오만한 신들을 뛰어넘으신 통치자이십니다.
1754	SAY.Flowchart.39.TheKingOfDarkness-MAU-Main	a82d9ec5dd3cfa03	놀랍군! 이렇게 거대한 인물이 존재했다는 건 몰랐군...
1755	SAY.Flowchart.40.TheKingOfDarkness-MAU-Main	97f0cae900174a14	이번에는 너무 오래 자리를 비웠던 모양이군...
1756	SAY.Flowchart.41.Servant-MAU-Main	99f420414d04edb6	황제에 대해 한 번도 들어 보신 적이 없으십니까!?
1757	SAY.Flowchart.42.Servant-MAU-Main	7374e59f56a8471c	놀랍습니다... 창조 세계에서 가장 정의롭고 사랑받던 통치자의 역사를 모르는 분이 계실 줄은 생각도 못 했습니다.
1758	SAY.Flowchart.43.TheKingOfDarkness-MAU-Main	67bbff391c104910	실망시켜 미안하지만, 그의 이야기를 알게 될 좋은 기회군...
1759	SAY.Flowchart.44.Servant-MAU-Main	7fd693d6cf2208b8	그분만이 타락한 세계에 질서를 세우고 진정한 낙원으로 바꾸실 수 있었습니다.
1760	SAY.Flowchart.45.Servant-MAU-Main	16459f03dd5d2e10	그러나 황제의 영광은 머지않아 겁쟁이 신들의 질투를 불러일으켰습니다.
1761	SAY.Flowchart.46.Servant-MAU-Main	617d94e94bab61a1	그 신들은 황제를 쓰러뜨리고 세상을 다시 타락시키기 위해 힘을 합쳤습니다.
1762	SAY.Flowchart.47.TheKingOfDarkness-MAU-Main	757fdc217eda1d37	존경할 만한 인물 같지만... 보아하니 목적을 이루진 못했군.
1763	SAY.Flowchart.48.Servant-MAU-Main	c747706ab193cf9c	황제께서는 무시무시한 네 신과 맞서 싸우셨고, 그중 셋을 쓰러뜨리셨습니다.
1764	SAY.Flowchart.49.Servant-MAU-Main	3e50c53424077e80	그러나 넷째 신은 속임수를 써서 황제를 이 영묘에 가두는 데 성공했습니다.
1765	SAY.Flowchart.50.Servant-MAU-Main	6c671108efb573d5	그리하여 세계는 다시 무정부 상태에 빠졌습니다.
1766	SAY.Flowchart.51.TheKingOfDarkness-MAU-Main	2d83fc2adf9afb2d	그럼 황제가 여기에 묻혀 있다는 건가?
1767	SAY.Flowchart.52.Servant-MAU-Main	af51ab3689aab473	묻혔다고요? 아닙니다! 그 누구도 황제를 죽일 수 없습니다.
1768	SAY.Flowchart.53.Servant-MAU-Main	ab1bf3c7866a89f9	말씀드린 대로, 황제께서는 이곳에 갇혀 계십니다.
1769	SAY.Flowchart.54.TheKingOfDarkness-MAU-Main	977ce8db4a2e28a8	음... 우리에겐 공통점이 있는 모양이군.
1770	SAY.Flowchart.55.TheKingOfDarkness-MAU-Main	5a302b8fb61a0e4f	우리 둘 다 신들의 폭정을 끝내려 하는군.
1771	SAY.Flowchart.56.Servant-MAU-Main	026a7833fedcf4e8	그 목표는 분명 큰 영예가 될 것입니다. 황제께서도 자신의 유산이 이어지고 있음을 아신다면 자랑스러워하실 것입니다.
1772	SAY.Flowchart.57.Servant-MAU-Main	5fc8164a8b9843ac	하지만 제가 황제를 이 감옥에서 해방할 방법을 알아냈습니다.
1773	SAY.Flowchart.58.Servant-MAU-Main	9ef3d1590e7fd832	어쩌면 제 주군께 영광을 되돌려 드리는 일을 도와주실지도 모르겠습니다...
1774	SAY.Flowchart.59.Servant-MAU-Main	bc28300ca68ec4bc	그렇게 하면 황제께서 대신 신들의 압제를 끝내실 수 있습니다.
1775	SAY.Flowchart.60.TheKingOfDarkness-MAU-Main	cf62cb0044c3dba5	누군가 내 더러운 일을 대신하는 건 마음에 들지 않는군.
1776	SAY.Flowchart.61.TheKingOfDarkness-MAU-Main	4511cf69ed1d6d36	게다가 한 번 실패한 적도 있지. 다시 실패하지 않을 거라고 누가 장담하겠나...
1777	SAY.Flowchart.62.Servant-MAU-Main	5e6668642954bde4	신들과의 싸움은 아직 끝나지 않았습니다!
1778	SAY.Flowchart.63.Servant-MAU-Main	0704f4c56c5ae88d	황제께서 분명히 불리한 상황에 놓이셨음에도 신들은 황제를 쓰러뜨리지 못했고, 피할 수 없는 일을 늦췄을 뿐입니다.
1779	SAY.Flowchart.64.TheKingOfDarkness-MAU-Main	fbfe4d59039914a0	또 다른 관점이군...
1780	SAY.Flowchart.65.Servant-MAU-Main	57c7f15502304a73	대단히 강해 보이시지만, 신의 힘을 꺾으실 수는 없을 것입니다.
1781	SAY.Flowchart.66.Servant-MAU-Main	6e2c80d6bbbc2c4b	황제께서 해방되신다면, 어쩌면 그 힘의 비밀을 알려 주실지도 모릅니다...
1782	SAY.Flowchart.67.Servant-MAU-Main	4fa5853f85d123c8	그리하면 폐하께서는 더욱 강해지시고, 어떤 신도 폐하의 상대가 되지 못할 것입니다.
1783	SAY.Flowchart.68.TheKingOfDarkness-MAU-Main	c22ef9a377f80553	설득력이 있군, 마음에 든다. 그자를 풀어 주는 걸 돕겠다. 내가 뭘 해야 하지?
1784	SAY.Flowchart.69.Servant-MAU-Main	ec1fc25d2617ed03	훌륭합니다!
1785	SAY.Flowchart.70.Servant-MAU-Main	5f668503277a8ed6	신들은 황제의 힘을 석주에 가두고, 석주를 네 조각으로 나누었습니다.
1786	SAY.Flowchart.71.Servant-MAU-Main	e424bcf0df038920	이 조각들은 영묘의 문 뒤에 보관되어 있습니다.
1787	SAY.Flowchart.72.Servant-MAU-Main	9c8a7657b93cf2bf	그리고 각 문은 한 신의 마법으로 막혀 있습니다.
1788	SAY.Flowchart.73.Servant-MAU-Main	7a8dfc3118b7b40c	황제를 도우시려면 이 문들을 여는 {b}{color=#9523d8}네 개의 봉인{/color}{/b}을 찾으셔야 합니다.
1789	SAY.Flowchart.123.Servant-MAU-Main	f0175d79400e9fe1	이 부적으로 신성한 봉인을 되찾으실 수 있습니다.
1790	SAY.Flowchart.74.Servant-MAU-Main	9968f773a6194f2d	그렇게 해야만 석주를 복원하고 황제께 영광을 되돌리실 수 있습니다.
1791	SAY.Flowchart.75.TheKingOfDarkness-MAU-Main	55db26119b39c0a0	문 네 개, 봉인 네 개, 석주 하나와 신들의 힘. 어렵진 않겠군...
1792	SAY.Flowchart.76.Servant-MAU-Main	c6d541f883a59025	행운을 빕니다, 여행자여. 황제의 영광을 위하여!
1793	SAY.Flowchart.77.Servant-MAU-Main	1ddcf3ee5605ff51	여행자여, 모든 봉인을 모으십시오!
1794	SAY.Flowchart.78.Servant-MAU-Main	47e43f944626f2d7	석주가 복원되면 제 주군께서 자유로워지실 것입니다.
1795	SAY.Flowchart.79.Servant-MAU-Main	30e2415ffadfd551	황제의 해방이 점점 가까워지고 있습니다.
1796	SAY.Flowchart.83.Servant-MAU-Main	d4e49ed9fb7f7a2d	이 장대한 과업도 이제 절반에 이르렀습니다.
1797	SAY.Flowchart.84.Servant-MAU-Main	d83b333576b8ec5d	석주를 완성하려면 이제 조각 두 개만 더 필요합니다.
1798	SAY.Flowchart.88.Servant-MAU-Main	7728b04115203cc4	이제 석주 조각이 하나만 남았습니다! 그 힘이 느껴집니다...
1799	SAY.Flowchart.92.Servant-MAU-Main	9e78a53a87e9ae7a	드디어! 석주가 완성되었습니다.
1800	SAY.Flowchart.93.Servant-MAU-Main	31c7e7ebee12e838	황제의 힘이 해방되고, 황제께서 다시 이 타락한 세계를 다스리실 것입니다.
1801	SAY.Flowchart.97.Emperor-MAU-Main	e1ccbe50cab0a8ef	하하하... 여행자여, 네 앞에 있는 것은 신들을 뛰어넘은 황제 그 자신이다.
1802	SAY.Flowchart.98.TheKingOfDarkness-MAU-Main	581af5b6e5737c92	힘만 센 게 아니라 연기 실력도 대단하군...
1803	SAY.Flowchart.99.TheKingOfDarkness-MAU-Main	00cb7bf2655ad2d0	그 허약한 하인이 사실 황제일 줄은 몰랐군.
1804	SAY.Flowchart.100.TheKingOfDarkness-MAU-Main	d4cbe65fb01eb559	널 풀어 줬다. 약속을 지키길 바라지... 신을 죽이는 법을 가르쳐라.
1805	SAY.Flowchart.101.Emperor-MAU-Main	96a7c94477116295	여행자여, 나를 해방하다니 대단한 위업을 이뤘군.
1806	SAY.Flowchart.102.Emperor-MAU-Main	0f5cedfbc2682581	하지만 널 살려 둘 수는 없다... 네가 너무 강하다는 걸 증명했군.
1807	SAY.Flowchart.103.Emperor-MAU-Main	215325b8deb7fff8	우리 둘 다 알고 있다. 넌 또 하나의 장애물이 될 테지.
1808	SAY.Flowchart.104.TheKingOfDarkness-MAU-Main	f0fb3ed5787250fd	이런 일이 일어날 줄 알았지...
1809	SAY.Flowchart.105.TheKingOfDarkness-MAU-Main	c0f1c1ca1efe0700	다행히도 널 여기에 가둔 자와 이야기를 나눴다.
1810	SAY.Flowchart.106.TheKingOfDarkness-MAU-Main	87d3a30af2431683	신탁이 내가 봉인에 쓴 부적에 대해 더 말해 주더군...
1811	SAY.Flowchart.124.TheKingOfDarkness-MAU-Main	81ce050b7cd0d647	이제 이 부적이 바로 널 가두는 데 썼던 물건이라는 걸 알겠군.
1812	SAY.Flowchart.107.Emperor-MAU-Main	54664156f01b2d71	어리석군... 그 부적을 내게 쓰는 데 신이 넷이나 필요했다!
1813	SAY.Flowchart.108.Emperor-MAU-Main	3fba294f3bef8279	이 세상에 이제 나를 봉인할 힘은 남아 있지 않다.
1814	SAY.Flowchart.109.TheKingOfDarkness-MAU-Main	56d914984fac05d1	나는 어둠의 왕이다.
1815	SAY.Flowchart.110.TheKingOfDarkness-MAU-Main	dcc7ea7ca4e90b1b	우주의 균형을 유지하도록 카오스에게 저주받았다...
1816	SAY.Flowchart.111.TheKingOfDarkness-MAU-Main	ebbcea9dbb6d09ca	이제 네 힘으로 그자를 끝장내겠다.
1817	SAY.Flowchart.112.Emperor-MAU-Main	e6ec8cf9b712d4ac	하하하... 대담한 말이군. 하지만 신들의 폭정을 끝낼 자는 바로 나다.
1818	SAY.Flowchart.113.Emperor-MAU-Main	27d7b3993c61ed77	덤벼라!
1819	SAY.Flowchart.116.TheKingOfDarkness-MAU-Main	462effe7397cfe92	네 힘은 다시 봉인됐다, 황제...
1820	SAY.Flowchart.117.TheKingOfDarkness-MAU-Main	5d1428ae1cb93864	네 소원은 이루겠지만, 영광까지 가져가진 못한다...
1821	SAY.Flowchart.124.Emperor-MAU-Main	501321c15de9f805	널 살려 둘 수 없다, 어둠의 왕. 내가 이룰 업적에 네 통치가 들어설 자리는 없다.
1822	SAY.Flowchart.13.TheKingOfDarkness-MAU-Main	6b0d9bb8cb640048	지난번에는 이 영묘가 여기 없었는데... 내 취향엔 조금 과하게 화려하군.
1823	SAY.Flowchart.38.TheKingOfDarkness-OrbTempleDoor2	f2709870ca4b8510	어둠의 발톱이 내 손에 꼭 맞는군...
1824	SAY.Flowchart.39.TheKingOfDarkness-OrbTempleDoor2	11ddf512b1e70d40	이제 벽에 기대 미끄러져 내려가며 <sprite name="jump"> 사용해 추진력을 얻고 도약할 수 있겠군.
1825	SAY.Flowchart.16.TheKingOfDarkness-SoulQueenRoom	854f22e597dc850a	드디어... 조각 중 첫 번째군.
1826	SAY.Flowchart.17.TheKingOfDarkness-SoulQueenRoom	446e6703a9769c49	그리고 카오스에게 사슬로 묶인 여왕의 영혼이로군... 나와 같군.
1827	SAY.Flowchart.21.TheKingOfDarkness-SoulQueenRoom	d0a7217b4479e130	절대 변하지 않는 것도 있지. 지금은...
1828	SAY.Flowchart.18.TheKingOfDarkness-SoulQueenRoom	9e2403a0a02ef9d5	천상의 동반자... 이걸 사용하면 여왕의 힘으로 만든 도구인 빛의 화살을 쏠 수 있겠군.
1829	SAY.Flowchart.19.TheKingOfDarkness-SoulQueenRoom	08a6a7ebaa85a7e4	원거리 무기로도, 표적 스위치를 작동하는 데도 쓸 수 있군.
1830	SAY.Flowchart.20.TheKingOfDarkness-SoulQueenRoom	73b754a932ffe2ae	<sprite name="shotarrow"> 길게 눌렀다 떼서 쏘고, <sprite name="move"> 입력으로 조준할 수 있군.
1831	SAY.Flowchart.24.TheKingOfDarkness-SoulQueenRoom	9d208c99a3419cb1	게다가 <sprite name="shotarrow"> 누른 채 <sprite name="secondattack"> 함께 누르면 제자리에 고정돼 움직이지 않고 조준할 수 있군.
1832	SAY.Flowchart.89.TheGuardian-WOTFTown	bf734af9e9895ed6	경솔하셨습니다, 어둠의 왕이시여.
1833	SAY.Flowchart.48.TheGuardian-WOTFTown	ba1bc71ef19348fd	폐하의 정수는 쓰러지신 그 자리에 남아 있습니다.
1834	SAY.Flowchart.85.TheKingOfDarknessWOTFTown	e472ad6c7ef75319	패배라니, 너무 과한 표현이군, 수문장...
1835	SAY.Flowchart.86.TheKingOfDarknessWOTFTown	f054756bddf95975	난 이렇게 부르겠다... 과신이라고.
1836	SAY.Flowchart.87.TheGuardian-WOTFTown	39fce8d7bbf91919	폐하의 정수는 사라진 것이 아닙니다. 제가 돌려드릴 수 있습니다...
1837	SAY.Flowchart.88.TheGuardian-WOTFTown	f8d3d750328135ea	대신, 누적 경험치와 {b}{$Cost} 도그마{/b}를 잃게 되십니다.
1838	SAY.Flowchart.60.TheGuardian-WOTFTown	05a45b43f6bdeadf	이렇게 큰 대가를 치르실 각오가 되셨습니까?
1839	MENU.Flowchart.90	739215889580345e	예
1840	MENU.Flowchart.91	1ea442a134b2a184	아니오
1841	SAY.Flowchart.59.TheGuardian-WOTFTown	e9e4090d16bffbea	흠... 왕실 금고가 바닥난 모양입니다...
1842	SAY.Flowchart.61.TheGuardian-WOTFTown	f5eb25517ef3243a	폐하, 혹여 영혼을 되찾지 못하시게 되면 제가 돌려드릴 수 있음을 기억해 두십시오...
1843	SAY.Flowchart.70.TheKingOfDarknessWOTFTown	5997ae83917213c4	고리대금업자 유령... 받아라. 내 것을 돌려줘라.
1844	SAY.Flowchart.76.TheKingOfDarknessWOTFTown	2e09bbe30d787d6b	내가 직접 하는 편이 낫겠다.
1845	SAY.Flowchart.92.TheGuardian-WOTFTown	5c120481b2182d89	소액의 대가만 치르시면 됩니다.
1846	SAY.Flowchart.79.TheGuardian-WOTFTown	c29d97d988ead951	행운을 빕니다, 폐하
1847	SAY.Flowchart.95.TheGuardian-WOTFTown	2aef0ebd439ad85e	영혼을 되찾으시거나 {b}{$Cost} 도그마{/b}를 모은 뒤 다시 오십시오.
1848	SAY.Flowchart.93.TheKingOfDarknessWOTFTown	fb501cec756ecfe7	명심하지, 수문장.
1849	SAY.Flowchart.95.Asnur-WOTFTown	10eb5dae858f32ba	안녕? 밖에 누군가 있어, 맞지?
1850	SAY.Flowchart.96.Asnur-WOTFTown	c2c56471fbcb135e	도와줄 수 있어, 응?
1851	SAY.Flowchart.97.TheKingOfDarknessWOTFTown	ab5df625bc76dbd4	...
1852	SAY.Flowchart.98.Asnur-WOTFTown	a8336db747ef59bf	네 숨소리 들려...
1853	SAY.Flowchart.99.Asnur-WOTFTown	ed97b6f3e84b2135	제발, 착한 아스누르 너 도움 필요해.
1854	SAY.Flowchart.101.TheKingOfDarknessWOTFTown	ab5df625bc76dbd4	...
1855	SAY.Flowchart.100.Asnur-WOTFTown	b084125998022dd9	착한 아스누르 굶주린 도시 동쪽 동굴 탐험하다 가게 열쇠 잃어버렸어...
1856	SAY.Flowchart.102.Asnur-WOTFTown	b30114953cdb62d4	이제 가게에서 못 나가.
1857	SAY.Flowchart.103.TheKingOfDarknessWOTFTown	d301c5025288cf8e	검을 휘두를 줄 모른다면 도시 밖으로 나가는 건 안전하지 않겠군...
1858	SAY.Flowchart.104.Asnur-WOTFTown	5cb0eadae5f97965	아하! 아스누르 똑똑해, 밖에 누군가 있는 줄 알았어...
1859	SAY.Flowchart.119.TheKingOfDarknessWOTFTown	25cbbcd0cbfa9db3	네 가게에서 그렇게 멀리 떨어져서 뭘 하고 있었지?
1860	SAY.Flowchart.106.Asnur-WOTFTown	503fe8c7d9dc07e7	팔 새 물건 찾으러, 응.
1861	SAY.Flowchart.107.Asnur-WOTFTown	c3253f42a9fc527a	아스누르 새 물건 가지면, 새 손님들 아스누르한테 와.
1862	SAY.Flowchart.108.Asnur-WOTFTown	f51f182465764202	아스누르한테 좋으면, 너한테도 좋아.
1863	SAY.Flowchart.109.Asnur-WOTFTown	fd8c1b17be5e9f26	제발, 동쪽 가서 {b}{color=#9523d8}가게 열쇠 찾아{/color}{/b}, 착한 아스누르 부탁해.
1864	SAY.Flowchart.110.TheKingOfDarknessWOTFTown	b3a8c59bd3831abc	음... 이 근처엔 문을 연 가게가 별로 남지 않았군...
1865	SAY.Flowchart.111.TheKingOfDarknessWOTFTown	df19a8de1d0d8b99	열쇠를 찾으면 돌아오겠다.
1866	SAY.Flowchart.112.Asnur-WOTFTown	da91427184c5b927	고마워 많이!
1867	SAY.Flowchart.114.Asnur-WOTFTown	92b8b95f97dc2828	착한 아스누르 열쇠 찾아, 응.
1868	SAY.Flowchart.115.TheKingOfDarknessWOTFTown	5aef19f0ffa6f5f6	네 열쇠를 찾았다.
1869	SAY.Flowchart.116.Asnur-WOTFTown	7cb1b67acdf8b8d7	오! 착한 아스누르 가게 구했어, 고마워 많이.
1870	SAY.Flowchart.117.Asnur-WOTFTown	e4702d3f879de750	문 열고 가게 들어와, 응.
1871	SAY.Flowchart.25.TheKingOfDarkness-WOTF-SZone2	e4178fca926df8d6	이게 상인이 잃어버린 열쇠가 분명하군...
1872	SAY.Flowchart.7.TheKingOfDarkness-AC-Cave20	9a0c3ebd8c53daaf	드디어! 수집가에게 줄 빌어먹을 번데기군. 생각보다 잘 숨겨져 있었군.
1873	SAY.Flowchart.15.TheKingOfDarkness-AC-Cave16	d60b4dc460bc66a7	음... 이 벽은 무너져 내리고 있군...
1874	SAY.Flowchart.14.TheKingOfDarkness-AC-Cave16	390e8b3f1da36037	몇 번만 치면 무너뜨릴 수 있겠군.
1875	SAY.Flowchart.7.TheKingOfDarkness-AC-Cave16	24d7e0aef1c1d79c	지독한 냄새가 나는군... 하지만 내게 쓸모가 있을지도 모르겠군.
1876	SAY.Flowchart.18.Computer-CL-Main	b27c1122f58afb7d	<기록 A 판독 중>
1877	SAY.Flowchart.19.Computer-CL-Main	51e3b05afc558e3e	<완료> AGS 1220 BT 좌표에 착륙.
1878	SAY.Flowchart.20.Computer-CL-Main	41732db3dcecbcc6	지표면 곳곳과 지각 아래에서 다수의 에너지원 감지.
1879	SAY.Flowchart.21.Computer-CL-Main	d7ca8f0e1c11d5be	추적 드론 투입.
1880	SAY.Flowchart.22.Computer-CL-Main	b70d1faba736ae09	<기록 종료>
1881	SAY.Flowchart.2.Computer-CL-Main	983ba982c6310148	<기록 B 판독 중>
1882	SAY.Flowchart.15.Computer-CL-Main	1912364568a7d93d	에너지원 유형 확인: 미상.
1883	SAY.Flowchart.16.Computer-CL-Main	7ab068db0cd524b7	레일 시스템 전개.
1884	SAY.Flowchart.17.Computer-CL-Main	018f5acbf8703373	<완료> 레일 시스템 가동.
1885	SAY.Flowchart.23.Computer-CL-Main	b70d1faba736ae09	<기록 종료>
1886	SAY.Flowchart.24.Computer-CL-Main	6dd226d5d073f7ee	<기록 C 판독 중>
1887	SAY.Flowchart.25.Computer-CL-Main	9d47f2a5aeb882c9	추출 시험 개시.
1888	SAY.Flowchart.26.Computer-CL-Main	a0b0e94113ae4517	<오류> 내부 코어와 호환되지 않는 에너지.
1889	SAY.Flowchart.27.Computer-CL-Main	10ffd96de782d687	탐색 프로토콜 개시.
1890	SAY.Flowchart.28.Computer-CL-Main	b70d1faba736ae09	<기록 종료>
1891	SAY.Flowchart.35.Computer-CL-Main	3731ee91b46040f7	<기록 D 판독 중>
1892	SAY.Flowchart.36.Computer-CL-Main	b5fda4326d215ecc	에너지원 유형 확인: 빛.
1893	SAY.Flowchart.37.Computer-CL-Main	14d966b7f4b825cf	거대 지하 결정체 발견. 토착 종족이 사용 중인 것으로 감지.
1894	SAY.Flowchart.38.Computer-CL-Main	7ab068db0cd524b7	레일 시스템 전개.
1895	SAY.Flowchart.39.Computer-CL-Main	b70d1faba736ae09	<기록 종료>
1896	SAY.Flowchart.40.Computer-CL-Main	93ab8290baf05982	<기록 E 판독 중>
1897	SAY.Flowchart.41.Computer-CL-Main	29dd975e96f3291a	철거 유닛 발송.
1898	SAY.Flowchart.42.Computer-CL-Main	2eb2891df5aa38d6	폭약 설치 완료, 3, 2, 1... 기폭.
1899	SAY.Flowchart.43.Computer-CL-Main	7b0fe3b732a28544	<오류> 구조적 손상 미감지.
1900	SAY.Flowchart.44.Computer-CL-Main	bdefd37bcca52aaa	추가 폭약 설치.
1901	SAY.Flowchart.45.Computer-CL-Main	b70d1faba736ae09	<기록 종료>
1902	SAY.Flowchart.2.TheKingOfDarkness-CL-Main	6acbe0e2a3ab8379	이 승강기를 타면 {b}{color=#9523d8}결정체의 핵{/color}{/b}까지 내려갈 수 있겠군.
1903	MENU.Flowchart.42	36a1a7a331f19811	톱니바퀴 삽입
1904	MENU.Flowchart.43	29adb4248879f757	나중에 다시
1905	SAY.Flowchart.25.TheKingOfDarkness-CL-Main	155f0e36ff1027f9	승강기는 이제 작동하는군.
1906	SAY.Flowchart.28.TheKingOfDarkness-CL-Main	bdd4980069ef72a8	작동시키려면 {b}{$EngLeft}개의 부품을{/b} 찾아야 한다.
1907	SAY.Flowchart.11.Computer-CL-1	d29a9d15d5d9c681	<기록 F 판독 중>
1908	SAY.Flowchart.13.Computer-CL-1	f63b472bf2a293e9	폭약 비축분 소진. 에너지원은 여전히 온전함.
1909	SAY.Flowchart.14.Computer-CL-1	6e3c86daff2a4f29	에너지 방출 경로 전환.
1910	SAY.Flowchart.15.Computer-CL-1	020a61448ca2dbcb	<오류> 지표면 탑으로의 에너지 흐름 중단 불가.
1911	SAY.Flowchart.16.Computer-CL-1	94a0d1a17e627ac5	모함을 에너지원에 도킹.
1912	SAY.Flowchart.17.Computer-CL-1	69de84f212232bf9	레일 시스템을 통해 굴착 유닛 운송.
1913	SAY.Flowchart.18.Computer-CL-1	b70d1faba736ae09	<기록 종료>
1914	SAY.Flowchart.7.TheKingOfDarkness-CL-1	6e1e3c94f19109c9	음... 이 톱니바퀴가 {b}{color=#9523d8}결정체의 핵{/color}{/b}까지 가는 데 필요하겠군.
1915	SAY.Flowchart.25.TheKingOfDarkness-CL-1	6e1e3c94f19109c9	음... 이 톱니바퀴가 {b}{color=#9523d8}결정체의 핵{/color}{/b}까지 가는 데 필요하겠군.
1916	SAY.Flowchart.28.TheKingOfDarkness-CL-1	0a9eeec4edd2a3c4	톱니바퀴가 또 있군.
1917	SAY.Flowchart.38.TheKingOfDarkness-CL-1	5e79c1a0bdfa5afa	이게 마지막인 것 같군.
1918	SAY.Flowchart.18.Computer-CL-2	0d4be5739298fce8	<기록 G 판독 중>
1919	SAY.Flowchart.13.Computer-CL-2	2a0751ec5a131c57	<완료> 배선망 구축 완료. 모함을 결정체에 도킹.
1920	SAY.Flowchart.14.Computer-CL-2	f29e1e3075e28be7	<완료> 2차 에너지 흐름 확립.
1921	SAY.Flowchart.15.Computer-CL-2	1e085fc75e1fe0f2	결정체에서 에너지 수신.
1922	SAY.Flowchart.16.Computer-CL-2	818f8cb7e2ec08b5	저장 탱크 용량: 0.1E9-1 0.1E9-2, 0.1E9-3...
1923	SAY.Flowchart.17.Computer-CL-2	b70d1faba736ae09	<기록 종료>
1924	SAY.Flowchart.19.TheKingOfDarkness-CL-2	7ec19c362f5af2cb	저들은 함선에 쓸 에너지를 찾는군.
1925	SAY.Flowchart.20.TheKingOfDarkness-CL-2	d28ee4e5ca4fb24b	침략군인가? 그럴 리는 없겠군...
1926	SAY.Flowchart.21.TheKingOfDarkness-CL-2	7078781902102fb0	고장 때문에 여기에 착륙한 건가? 연료가 떨어졌을지도 모르겠군...
1927	SAY.Flowchart.22.TheKingOfDarkness-CL-2	68dffee642b43e12	필요할 때 네가 곁에 있는 적은 없지, 기록자.
1928	SAY.Flowchart.7.TheKingOfDarkness-CL-2	6e1e3c94f19109c9	음... 이 톱니바퀴가 {b}{color=#9523d8}결정체의 핵{/color}{/b}까지 가는 데 필요하겠군.
1929	SAY.Flowchart.25.TheKingOfDarkness-CL-2	6e1e3c94f19109c9	음... 이 톱니바퀴가 {b}{color=#9523d8}결정체의 핵{/color}{/b}까지 가는 데 필요하겠군.
1930	SAY.Flowchart.28.TheKingOfDarkness-CL-2	0a9eeec4edd2a3c4	톱니바퀴가 또 있군.
1931	SAY.Flowchart.38.TheKingOfDarkness-CL-2	5e79c1a0bdfa5afa	이게 마지막인 것 같군.
1932	SAY.Flowchart.21.Computer-CL-3	d7aa02e00d62dbec	<기록 H 판독 중>
1933	SAY.Flowchart.13.Computer-CL-3	3411c1d6330cf1b7	새로운 에너지원 감지.
1934	SAY.Flowchart.14.Computer-CL-3	cca74816ade7e0ee	<결과 분석 중>
1935	SAY.Flowchart.15.Computer-CL-3	02529ef193df8d82	<완료> 새로운 에너지원 6개 발견.
1936	SAY.Flowchart.16.Computer-CL-3	ab7122b97745b2e9	결정체 비축량은 <처리 중> 무한.
1937	SAY.Flowchart.17.Computer-CL-3	24f7c7b3b62df157	추가 도킹 불필요.
1938	SAY.Flowchart.18.Computer-CL-3	fe473ed947f9bbea	<기록 종료>
1939	SAY.Flowchart.19.TheKingOfDarkness-CL-3	f048abb131742c3e	멍청한 기계들... 이 결정체가 무한하지 않았다면 카오스는 너희가 이 결정체에서 에너지를 수확하는 걸 허락하지 않았을 거다.
1940	SAY.Flowchart.20.TheKingOfDarkness-CL-3	668a594f2d7a7f8b	너희는 섬멸당하기 직전까지 갔다는 걸 모르는군.
1941	SAY.Flowchart.24.TheKingOfDarkness-CL-3	a9c89cc62a87bd2b	이 기계 기둥은 손상된 모양이군...
1942	SAY.Flowchart.124.TheKingOfDarkness-CL-3	24352886d5180c6d	누구의 허락도 필요 없다.
1943	SAY.Flowchart.123.TheKingOfDarkness-CL-3	eb40f56b95d7f267	나는 어둠의 왕이다, 멍청한 기계. 내 명령에 복종하는 게 좋을 거다!
1944	SAY.Flowchart.143.Computer-CL-3	db4e0b9b266aedbb	<오류> 파일 접근에 관리자 권한 필요.
1945	SAY.Flowchart.22.TheKingOfDarkness-CL-3	0b0faabd20ae85c4	음... 정 그렇게 고집을 부린다면...
1946	SAY.Flowchart.23.TheKingOfDarkness-CL-3	8977f16c0acd21d5	좋다. 그 {b}{color=#9523d8}관리자{/color}{/b}라는 자와 이야기해 보지.
1947	SAY.Flowchart.73.Computer-CL-3	80049eec7fb9a405	<오류> 마스터 카드 잔량 부족. {b}{color=#9523d8}카드를 재충전하십시오.{/color}{/b}
1948	SAY.Flowchart.77.Computer-CL-3	318fed3eb1f4c37b	<오류> 오래된 인증 정보. {b}{color=#9523d8}접근 코드를 갱신하십시오.{/color}{/b}
1949	SAY.Flowchart.140.Computer-CL-3	5f9bc2ff702a3610	식별 확인 중...
1950	SAY.Flowchart.96.Computer-CL-3	04a3bed5c7c17c04	<판독 중> 접근 승인.
1951	SAY.Flowchart.97.Computer-CL-3	4d9fe818b3898f45	관리자님, 환영합니다. 접근 코드가 오래되었습니다. 갱신하시겠습니까?
1952	SAY.Flowchart.101.TheKingOfDarkness-CL-3	56aff1bf0b92d223	이제 서로 말이 통하는군... 진행해라.
1953	SAY.Flowchart.102.Computer-CL-3	fbec6e93bf1710b4	인증 정보 갱신 중.
1954	SAY.Flowchart.103.Computer-CL-3	98c4b233c56648a7	<오류> 함ㅈ0ㅣ다.
1955	SAY.Flowchart.104.TheKingOfDarkness-CL-3	e99bcbac8855ec1f	방금 그건 뭐였지?
1956	SAY.Flowchart.105.Computer-CL-3	5a09a982a65e76e9	접근 코드 갱신... 완료.
1957	SAY.Flowchart.106.TheKingOfDarkness-CL-3	61b63ab9ba2ea4d9	멍청한 기계... 이것으로 네 기계 자매들도 내 말에 복종하면 좋겠군.
1958	SAY.Flowchart.7.TheKingOfDarkness-CL-3	81f3a97dcee32cc1	음... 이 톱니바퀴가 {b}{color=#9523d8}결정체의 핵{/color}{/b}까지 가는 데 도움이 되겠군.
1959	SAY.Flowchart.25.TheKingOfDarkness-CL-3	5bcd38472abc3867	음... 이 톱니바퀴가 {b}{color=#9523d8}결정체의 핵{/color}{/b}까지 가는 데 도움이 되겠군.
1960	SAY.Flowchart.28.TheKingOfDarkness-CL-3	0a9eeec4edd2a3c4	톱니바퀴가 또 있군.
1961	SAY.Flowchart.41.TheKingOfDarkness-CL-3	5e79c1a0bdfa5afa	이게 마지막인 것 같군.
1962	SAY.Flowchart.13.TheKingOfDarkness-CL-Station	5c5957455e3d9f92	이런! 이건 뭐지? TAL 레일 시스템 승차권인가?
1963	SAY.Flowchart.14.TheKingOfDarkness-CL-Station	2381aa8cda2dc654	상태가 괜찮군. 챙겨 둬야겠다. 쓸모가 있을지도 모르지.
1964	SAY.Flowchart.257.Oracle-InfiniteSea-O	8a4b6ca05599ef5d	많이 늦었군, 어둠의 왕...
1965	SAY.Flowchart.258.Oracle-InfiniteSea-O	a948b05036b72305	하지만 그대가 올 줄은 알고 있었다... 시간의 강은 언제나 진실을 말하지...
1966	SAY.Flowchart.259.TheKingOfDarkness-InfiniteSea-O	ca3df58aee41fab0	설교는 나중에 해라, 신탁.
1967	SAY.Flowchart.260.Oracle-InfiniteSea-O	6a8bcfc80cbdcf5a	언제나 그렇게 열정적이군... 그대가 지난번에 나를 도우러 왔을 때처럼 말이지.
1968	SAY.Flowchart.261.TheKingOfDarkness-InfiniteSea-O	c69b9394b709346f	시작한 일을 끝내러 왔다.
1969	SAY.Flowchart.262.TheKingOfDarkness-InfiniteSea-O	5e887fb8bd2a7224	네가 시킨 일은 전부 했다. 이제 네 차례다.
1970	SAY.Flowchart.263.Oracle-InfiniteSea-O	5ed44ffa2e983586	그대는 성급하다, 어둠의 왕. 길게 보면 그것은 늘 해가 되지...
1971	SAY.Flowchart.42.Oracle-InfiniteSea-O	3de70f9b18088a99	그대가 늦은 탓에, 예상 밖의 일이 생겼다...
1972	SAY.Flowchart.43.TheKingOfDarkness-InfiniteSea-O	36e2b061ad0b786c	설명해라.
1973	SAY.Flowchart.44.Oracle-InfiniteSea-O	e9491c5119e78fe3	그대가 없는 사이 몇몇 존재가 내 신전을 다녀갔다...
1974	SAY.Flowchart.45.Oracle-InfiniteSea-O	75468dd34e2506fa	그들은 시련을 통과하고 카오스의 결정을 가져갔다.
1975	SAY.Flowchart.46.TheKingOfDarkness-InfiniteSea-O	3b80c20d39e2c468	그동안 거기서 팔짱이나 끼고 있었나?
1976	SAY.Flowchart.234.Oracle-InfiniteSea-O	9ffd5879104fb7af	그들에게는 내 영향력이 통하지 않았다.
1977	SAY.Flowchart.235.Oracle-InfiniteSea-O	0c0b6abb45a7ed9a	생명 없는 인공 지성들이었다... 이 세계에 속한 존재들이 아니지.
1978	SAY.Flowchart.49.TheKingOfDarkness-InfiniteSea-O	b75d3e4521640c11	말도 안 돼... 우리에게 무슨 선택지가 있지?
1979	SAY.Flowchart.50.Oracle-InfiniteSea-O	e67764aef95d9137	계획은 아직 온전하다, 어둠의 왕.
1980	SAY.Flowchart.51.Oracle-InfiniteSea-O	8a0d0a59dbb58c45	결정을 찾아서 가져와라.
1981	SAY.Flowchart.52.Oracle-InfiniteSea-O	60c5a43b9e0c0516	시간이 촉박하다...
1982	SAY.Flowchart.53.TheKingOfDarkness-InfiniteSea-O	7e473cfb79ffafb1	기계들이 가져갔다면 {b}{color=#9523d8}안전한 곳에{/color}{/b} 두었을 거다.
1983	SAY.Flowchart.54.TheKingOfDarkness-InfiniteSea-O	4de161137104ac2a	돌아오겠다.
1984	SAY.Flowchart.28.Oracle-InfiniteSea-O	62c30b53ce9bd8f2	시간은 결코 멈추지 않는다, 어둠의 왕.
1985	SAY.Flowchart.56.Oracle-InfiniteSea-O	7a3fa63885fbbaae	기계들의 거처로 가서 카오스의 결정을 되찾아라
1986	SAY.Flowchart.224.TheKingOfDarkness-InfiniteSea-O	c1c45100c20a1c0d	카오스의 결정을 되찾았다, 신탁.
1987	SAY.Flowchart.225.Oracle-InfiniteSea-O	1719f57631077781	흥미롭군... 왜 그 기계를 파괴했지?
1988	SAY.Flowchart.226.TheKingOfDarkness-InfiniteSea-O	aed7221c1477fc92	그걸 나한테 묻나? 미래를 볼 수 있는 건 내가 아니라는 걸 잊지 마라.
1989	SAY.Flowchart.227.Oracle-InfiniteSea-O	8ad8fcd3261a3cc6	예지란 복잡한 학문이다, 어둠의 왕.
1990	SAY.Flowchart.228.Oracle-InfiniteSea-O	f51bea1b60a365d3	내 앞에 펼쳐지는 시간선이 아주 많다.
1991	SAY.Flowchart.229.Oracle-InfiniteSea-O	cb9f3e32d333bc5b	미래는 우리가 내리는 선택에 달려 있다.
1992	SAY.Flowchart.230.Oracle-InfiniteSea-O	344175b874accf62	그리고 그대는 본성에 충실하게 가장 부적절한 선택을 했지.
1993	SAY.Flowchart.231.TheKingOfDarkness-InfiniteSea-O	bad7c2e6c1972516	날 잘 알잖나... 좋게 해결하려고 했지만, 기계들이 협조할 생각이 없더군.
1994	SAY.Flowchart.232.Oracle-InfiniteSea-O	e8dc4f86ee2509ca	그대의 선택 탓에 결정은 이제 힘을 잃고 텅 비었다...
1995	SAY.Flowchart.218.Oracle-InfiniteSea-O	189fcbe232172bd0	음... 그대도 알다시피, 예상 밖의 일이 생겼다.
1996	SAY.Flowchart.219.TheKingOfDarkness-InfiniteSea-O	64c670c526c58f9c	예상 밖의 일? 기계들이 카오스의 결정을 가져가는 동안 넌 팔짱만 끼고 있었지.
1997	SAY.Flowchart.222.TheKingOfDarkness-InfiniteSea-O	c97991bf649da4e2	상관없다... 적어도 카오스의 결정은 다시 우리 손에 들어왔으니.
1998	SAY.Flowchart.223.Oracle-InfiniteSea-O	b0c9885d1c53d273	그래, 하지만 문제가 하나 있다.
1999	SAY.Flowchart.199.Oracle-InfiniteSea-O	85e37780f120e01d	주 기계는 그대와의 대결 동안 에너지를 전부 소진했다.
2000	SAY.Flowchart.192.TheKingOfDarkness-InfiniteSea-O	62133f698708a3cd	젠장, 신탁!
2001	SAY.Flowchart.193.Oracle-InfiniteSea-O	2d2c3eff30b65b6b	진정해라, 아직 쓸 수 있다...
2002	SAY.Flowchart.194.Oracle-InfiniteSea-O	e7316f4100a6f32c	그 결정에 카오스의 순수한 에너지를 다시 담아야 한다.
2003	SAY.Flowchart.195.Oracle-InfiniteSea-O	9ef763edc4288ca9	그대는 {b}{color=#9523d8}코스모스의 바로 중심부{/color}{/b}로 가서 영원의 샘의 힘으로 결정을 재충전해야 한다.
2004	SAY.Flowchart.196.TheKingOfDarkness-InfiniteSea-O	0f9e47613fe29488	전능자를 또 찾아가야 한다는 말인가?
2005	SAY.Flowchart.197.Oracle-InfiniteSea-O	489471a5a6805343	답을 아는 데 내가 필요하지는 않다.
2006	SAY.Flowchart.198.TheKingOfDarkness-InfiniteSea-O	a5a1e952bb9771ba	아주 잘됐군...
2007	SAY.Flowchart.78.Oracle-InfiniteSea-O	68b23adeda530570	의식은 텅 빈 카오스의 결정으로는 치를 수 없다...
2008	SAY.Flowchart.79.Oracle-InfiniteSea-O	8c7cf53e9ee0f1f4	영원의 샘으로 가서 결정이 그곳의 에너지를 마시게 하라.
2009	SAY.Flowchart.83.TheKingOfDarkness-InfiniteSea-O	75d1470fceb856fe	카오스의 결정이 다시 에너지를 되찾았군...
2010	SAY.Flowchart.84.TheKingOfDarkness-InfiniteSea-O	31944db122e59904	하지만 내 인내심도 바닥나고 있다, 신탁.
2011	SAY.Flowchart.85.Oracle-InfiniteSea-O	9aa998b09198e8a2	그대는 세 가지 조건을 충족했다...
2012	SAY.Flowchart.86.Oracle-InfiniteSea-O	d05d69173f0da45a	중앙에 서라. 의식을 시작하겠다...
2013	SAY.Flowchart.87.Oracle-InfiniteSea-O	5de4a9ab477d2eb9	그대가 시작한 일을 끝낼 때다, 어둠의 왕.
2014	SAY.Flowchart.99.Oracle-InfiniteSea-O	4a5af3670700144c	이제 관심 없는 척하지 않아도 된다. 그대는 이곳에 들어온 순간부터 궁금한 것이 있었지...
2015	SAY.Flowchart.201.TheKingOfDarkness-InfiniteSea-O	558a5fe9e57bf0c4	신탁... 네가 황제의 손에서 살아남은 신이냐?
2016	SAY.Flowchart.101.Oracle-InfiniteSea-O	93e137ed16b0999a	왜 그렇게 생각하지?
2017	SAY.Flowchart.100.TheKingOfDarkness-InfiniteSea-O	8f2b046275c3d585	난 기록자를 잘 안다. 그가 자기 서재를 떠날 리 없지...
2018	SAY.Flowchart.102.TheKingOfDarkness-InfiniteSea-O	1722eb193b7fa2fb	카오스도 세속 신들의 일에 끼어들 리 없다...
2019	SAY.Flowchart.103.TheKingOfDarkness-InfiniteSea-O	3d8b06ffa9756ff0	이제 너만 남았다.
2020	SAY.Flowchart.104.Oracle-InfiniteSea-O	5ea7211c6fad3374	창조 세계를 떠도는 다른 신들도 많다.
2021	SAY.Flowchart.105.Oracle-InfiniteSea-O	cf26fd550108dafa	그들 중 누구일 수도 있었지...
2022	SAY.Flowchart.106.TheKingOfDarkness-InfiniteSea-O	bd08836ac58c9144	어서, 뜸 들이지 마라.
2023	SAY.Flowchart.107.Oracle-InfiniteSea-O	a2db7458568fce0c	그대의 본능은 그대를 잘 이끄는군, 어둠의 왕.
2024	SAY.Flowchart.109.Oracle-InfiniteSea-O	32722ca5d7d662c1	나는 황제의 손에서 살아남아 그를 영묘에 가둔 자다.
2025	SAY.Flowchart.108.Oracle-InfiniteSea-O	46aef4aa89296142	그리고 그대의 의도도 잘 알고 있다...
2026	SAY.Flowchart.110.TheKingOfDarkness-InfiniteSea-O	0ac58be64e557d90	내가 그자를 풀어 주는 걸 막지 않을 건가?
2027	SAY.Flowchart.111.Oracle-InfiniteSea-O	7237197012a51082	오히려 내가 그대를 돕겠다.
2028	SAY.Flowchart.112.TheKingOfDarkness-InfiniteSea-O	bc48de4297951069	참 편리하군...
2029	SAY.Flowchart.113.Oracle-InfiniteSea-O	14011e70ae39dd78	봉인 중 하나가 내 신전에 보관되어 있지만, 눈에 잘 띄는 곳은 아니다...
2030	SAY.Flowchart.114.Oracle-InfiniteSea-O	71eb40fd8f1874ad	그대가 수수께끼를 풀어야만 모습을 드러낼 것이다.
2031	SAY.Flowchart.115.TheKingOfDarkness-InfiniteSea-O	3f5e73452f6b4b37	봉인 하나를 다른 봉인과 바꾸라니... 신들이란 변덕스럽군.
2032	SAY.Flowchart.116.Oracle-InfiniteSea-O	3a967d3e6169b1fd	집중해라.
2033	SAY.Flowchart.117.Oracle-InfiniteSea-O	bf685b2bb51d121f	{b}{color=#9523d8}신전의 상징들이 한 단어를 이루고 있다...{/color}{/b} 그것들을 찾아내라. 봉인은 그대의 것이다.
2034	SAY.Flowchart.118.TheKingOfDarkness-InfiniteSea-O	b245f64da84226d4	무슨 속셈인지는 모르겠다, 신탁. 하지만 고맙군.
2035	SAY.Flowchart.119.Oracle-InfiniteSea-O	9e4defb13fb6211a	한 가지 더...
2036	SAY.Flowchart.120.Oracle-InfiniteSea-O	5a7dfb02a8c26c76	영묘에서 얻은 그 부적의 진정한 힘이 무엇인지 알고 있나?
2037	SAY.Flowchart.121.TheKingOfDarkness-InfiniteSea-O	e778862d56f96939	신성한 봉인을 부순다고?
2038	SAY.Flowchart.122.Oracle-InfiniteSea-O	11ca8d137231cf30	아니... 그것도 부적의 역할 중 하나지만, 사실 그 유물은 우리가 황제를 저지하고 가두는 데 도움을 주었다.
2039	SAY.Flowchart.123.Oracle-InfiniteSea-O	de2f0735ba020ba6	명심해라... 훗날 그대에게 큰 도움이 될 것이다.
2040	SAY.Flowchart.124.TheKingOfDarkness-InfiniteSea-O	7f5369bbe6b52029	여전히 알쏭달쏭하군... 그럼 이만, 신탁.
2041	SAY.Flowchart.126.TheKingOfDarkness-InfiniteSea-O	5cb341c07bab33d4	아프려나?
2042	SAY.Flowchart.127.Oracle-InfiniteSea-O	53b523d49567c9ff	모든 시간선을 본다... 그 어디에서도 그대는 즐거워 보이지 않더군.
2043	SAY.Flowchart.128.TheKingOfDarkness-InfiniteSea-O	cfb08baa61b06e51	...당장 해라.
2044	SAY.Flowchart.134.Oracle-InfiniteSea-O	e25eb9b62ba8fa25	의식은 완료되었다...
2045	SAY.Flowchart.135.Oracle-InfiniteSea-O	12b2fc8e78415783	새로운 가능성이 지평선 너머로 모습을 드러낸다... 미래가 다시 쓰였으니...
2046	SAY.Flowchart.136.TheKingOfDarkness-InfiniteSea-O	d4f04e79a10a5071	시간은 화폭이다... 네 손은 그 붓이고...
2047	SAY.Flowchart.137.TheKingOfDarkness-InfiniteSea-O	6bf63a8bfc6ea3a4	의심이 들었던 건 부정하지 않겠다...
2048	SAY.Flowchart.138.Oracle-InfiniteSea-O	a71f2486c387a5b1	불확실은 언제나 과거에서 죽는다.
2049	SAY.Flowchart.139.Oracle-InfiniteSea-O	3a905f8acc293b4b	이제 그대의 운명을 이루어라, 어둠의 왕.
2050	SAY.Flowchart.140.TheKingOfDarkness-InfiniteSea-O	f12cefa6a4c79821	고맙다, 신탁. 네 몫은 다했으니, 이제 내 차례다...
2051	SAY.Flowchart.141.Oracle-InfiniteSea-O	745dd57ce63b9f4e	행운을 빈다...
2052	SAY.Flowchart.35.B9-InfiniteSea-Out1	b47f227914a1412d	안녕하십니까! 저는 B-69, 특허 출원 중이며, TAL 레일 시스템 관리관이자 유기체 철도 관계 담당관입니다.
2053	SAY.Flowchart.36.B9-InfiniteSea-Out1	f11fd4bb5f8bd335	무엇을 도와드리면 되겠습니까?
2054	SAY.Flowchart.7.TheKingOfDarkness-InfiniteSea-Out1	4b89323aac984a87	그런데... 무한의 바다에 언제부터 열차가 있었지?
2055	SAY.Flowchart.37.B9-InfiniteSea-Out1	21310bf45aa1aa86	TAL 레일 시스템은 제 주인님께서 착륙하신 때부터 이곳에 자리하고 있습니다.
2056	SAY.Flowchart.38.B9-InfiniteSea-Out1	700f340e8b516951	정확히 423.76 공전 주기 전에 건설되었습니다.
2057	SAY.Flowchart.39.TheKingOfDarkness-InfiniteSea-Out1	5bc72c9108baa56a	이 선로도 기계들이 만든 거란 말인가?
2058	SAY.Flowchart.40.TheKingOfDarkness-InfiniteSea-Out1	2e3d86bb2944a7f9	저런 것들은 열차가 왜 필요한 거지?
2059	SAY.Flowchart.41.TheKingOfDarkness-InfiniteSea-Out1	7d1b6ae798e1fce1	자기들 것이 아닌 에너지를 가로채는 것만으로는 부족한가?
2060	SAY.Flowchart.42.B9-InfiniteSea-Out1	c7b1bb0ecb855283	초기 기능은 더 효율적인 시스템을 구축할 수 있을 때까지 에너지 수송을 지원하는 것이었습니다.
2061	SAY.Flowchart.43.B9-InfiniteSea-Out1	fbf4bb7cbf26f998	제 주인님께서 새로운 기술을 도입하신 덕분에 TAL 레일 시스템은 현재 사용되지 않고 있습니다.
2062	SAY.Flowchart.44.TheKingOfDarkness-InfiniteSea-Out1	59bdcf48b1ad8c67	알겠군... 전선이군.
2063	SAY.Flowchart.45.B9-InfiniteSea-Out1	0687e8105c71a8f9	맞습니다. 에너지 수송 업무에서는 배선망이 레일 시스템보다 10,000% 더 효율적입니다.
2064	SAY.Flowchart.46.TheKingOfDarkness-InfiniteSea-Out1	bc44a561f695135c	이 열차는 저 기계들이 만든 것 같지 않군... 너무... 이 세상의 것 같군.
2065	SAY.Flowchart.47.B9-InfiniteSea-Out1	cef52fa7770ef010	제 주인님의 소스 코드에는 재사용 원칙이 새겨져 있습니다.
2066	SAY.Flowchart.48.B9-InfiniteSea-Out1	a4f62573c76e57ec	제 주인님께서는 제가 속해 있던 고대 철도 시스템을 발견하신 뒤, 자신의 필요에 맞게 개조하셨습니다.
2067	SAY.Flowchart.49.TheKingOfDarkness-InfiniteSea-Out1	59ecc677c16e7df5	흥미롭군. 그런데 이제 무한의 바다를 건널 배는 어디서 타지?
2068	SAY.Flowchart.50.B9-InfiniteSea-Out1	18d7c4bc3eed5de7	그 수상 운송 수단의 항로가 TAL 레일 시스템을 방해했습니다. 제 주인님께서 그 배를 파괴하셨습니다.
2069	SAY.Flowchart.51.TheKingOfDarkness-InfiniteSea-Out1	ecac57cca0c25048	젠장... 이 열차는 어느 노선으로 가지?
2070	SAY.Flowchart.52.B9-InfiniteSea-Out1	147acf45070ed866	오! 이런 질문을 해 주셔서 정말 기쁩니다! 모든 일은 50,000 공전 주기보다도 더 전에 시작되었습니다.
2071	SAY.Flowchart.53.B9-InfiniteSea-Out1	916804ed64c77dd4	그때 저는 고작 스케치에 불과했습니다...
2072	SAY.Flowchart.54.TheKingOfDarkness-InfiniteSea-Out1	8a10c2a06bb59378	정보는 고맙지만, 조금 서둘러야 해서...
2073	SAY.Flowchart.55.TheKingOfDarkness-InfiniteSea-Out1	9129146b789c62e3	요약해서 말해 줄 수 있나?
2074	SAY.Flowchart.56.B9-InfiniteSea-Out1	8fcf39ceea6473e2	오! 죄송합니다. TAL 레일 시스템은 이 세계 전체에 뻗어 있습니다.
2075	SAY.Flowchart.57.B9-InfiniteSea-Out1	9163fd05be2f2e1a	수많은 역이 있으며, 그중에는 {b}{color=#9523d8}모함,{/color}{/b} 발굴지, 버려진 선로...
2076	SAY.Flowchart.58.B9-InfiniteSea-Out1	7d5c2f346ea1b4c1	그리고 원주민들이 {b}{color=#9523d8}세상의 끝{/color}{/b}이라고 부르는 곳도 있습니다.
2077	SAY.Flowchart.59.TheKingOfDarkness-InfiniteSea-Out1	e632528b99bdc6b4	그 함선은 낯설군. 어떤 함선인지 말해 봐라.
2078	SAY.Flowchart.60.B9-InfiniteSea-Out1	5d37e8b0c7b5084c	모함은 이 세계에 있는 제 주인님의 본부입니다.
2079	SAY.Flowchart.61.B9-InfiniteSea-Out1	5d1d6eba601c5f9b	모함은 사용 여부와 관계없이 모든 레일 시스템과 배선망을 연결하는 중심지입니다.
2080	SAY.Flowchart.62.B9-InfiniteSea-Out1	fc00436daf1a438c	현재는 해저에 자리하고 있습니다.
2081	SAY.Flowchart.64.TheKingOfDarkness-InfiniteSea-Out1	0b273888679dfeec	흥미롭군. 한번 들러 볼까... 버려진 선로는 어디로 이어지지?
2082	SAY.Flowchart.63.B9-InfiniteSea-Out1	fd491fb63325850d	제 주인님께서는 이 세계에 착륙하신 뒤, 이곳에서 발견한 모든 에너지원을 연구하셨습니다.
2083	SAY.Flowchart.65.B9-InfiniteSea-Out1	4663ca5ee4b51466	아무래도 그 선로는 처리할 수 없는 기묘한 에너지 흐름으로 이어지는 모양입니다.
2084	SAY.Flowchart.66.B9-InfiniteSea-Out1	2cd448f01d6d2dbc	제 주인님께서는 그 선로를 폐쇄하고, 더 손쉽게 활용할 수 있는 다른 에너지원에 힘을 쏟기로 하셨습니다.
2085	SAY.Flowchart.67.TheKingOfDarkness-InfiniteSea-Out1	7cecb6eba1a9f516	거기까지 데려다줄 수 있나?
2086	SAY.Flowchart.68.B9-InfiniteSea-Out1	6f10e8b49e2412ee	오! 죄송합니다. 손님께서는 해당 구역에 접근할 권한이 없습니다.
2087	SAY.Flowchart.71.B9-InfiniteSea-Out1	85e9e9170e51dd8f	사용되지 않고 있음에도 TAL 레일 시스템은 코스모스에서 가장 발전된 철도망입니다.
2088	SAY.Flowchart.72.B9-InfiniteSea-Out1	e00c0cfb37d71267	장거리 이동 중에 배가 고프십니까? 죄송하지만 TAL 레일 시스템에는 식당차가 없습니다.
2089	SAY.Flowchart.70.B9-InfiniteSea-Out1	6bd2fe9b458b3fdc	TAL 레일 시스템은 개통 이래 총 0건의 지연을 기록하고 있습니다.
2090	SAY.Flowchart.73.B9-InfiniteSea-Out1	404367dad422fcc3	저는 총 6,000,001가지 의사소통 방식을 구사합니다. 여기에는 칭송, 찬사, 암시, 신성 모독, 모욕이 포함됩니다.
2091	SAY.Flowchart.75.B9-InfiniteSea-Out1	d6dc0d08d6465d5e	열차가 몇 시에 도착하는지 모르시겠습니까? 가장 가까운 B-69 유닛에 문의하십시오.
2092	SAY.Flowchart.76.B9-InfiniteSea-Out1	5babc8cee379a5fa	열차가 접근할 때는 선로 밖에 계십시오. 제 주인님께서는 청소 유닛이 없습니다.
2093	SAY.Flowchart.77.B9-InfiniteSea-Out1	37c24b6be14e711c	제 주인님께서는 위생 규정을 위반하는 유기체 승객을 누구든 퇴장시킬 권리를 보유하고 계십니다.
2094	SAY.Flowchart.78.B9-InfiniteSea-Out1	e63096668a6d835d	교체 가능한 관절이 없으시다면, 열차가 운행 중일 때 창밖으로 팔이나 다리를 내밀지 마십시오.
2095	SAY.Flowchart.79.B9-InfiniteSea-Out1	4a4e4ea5fb1e7eca	운행 중 승객님의 승차권을 최대 500,000회까지 검사할 권한이 있습니다.
2096	SAY.Flowchart.98.B9-InfiniteSea-Out1	1f6e2b8eb8abec57	오! 탁월한 결정입니다! 좌석에 앉으십시오. 객차와 승강장 사이에 발을 끼우지 않도록 주의하십시오.
2097	SAY.Flowchart.84.B9-InfiniteSea-Out1	95ec788577a507c0	어디로 가시겠습니까?
2098	MENU.Flowchart.85	d2bb40dfee9c34d5	동부 해안
2099	MENU.Flowchart.186	36a887f88a327272	서부 해안
2100	MENU.Flowchart.86	600e6671c98e713b	해저 요새
2101	MENU.Flowchart.87	e4c717dc6e50b392	빛의 요람
2102	MENU.Flowchart.163	168ae35c7276ff55	코스모스
2103	MENU.Flowchart.XXX	6baa76e9059f3dae	이동하지 않음
2104	SAY.Flowchart.139.TheKingOfDarkness-InfiniteSea-Out1	c43fda338f7c74aa	됐다.
2105	SAY.Flowchart.96.B9-InfiniteSea-Out1	1d568410dfe8d707	다음에 또 뵙겠습니다!
2106	SAY.Flowchart.146.B9-InfiniteSea-Out1	d7de6d118255d9b8	오! 죄송합니다. 승객님께서는 TAL 레일 시스템을 이용할 승차권이 없습니다.
2107	SAY.Flowchart.115.TheKingOfDarkness-InfiniteSea-Out1	66a7a61860993cfd	B-69, 이게 뭔지 말해 줄 수 있나?
2108	SAY.Flowchart.116.B9-InfiniteSea-Out1	8efbb0ea2e77382e	오! 물론입니다. 이 장치는 제 주인님께서 기동 메모리라고 부르시는 물건입니다.
2109	SAY.Flowchart.117.B9-InfiniteSea-Out1	c73b814d6d7206b6	이 장치는 {b}{color=#9523d8}전송 관문{/color}{/b}에 사용되어 우주에서 서로 멀리 떨어진 두 지점을 연결합니다.
2110	SAY.Flowchart.118.B9-InfiniteSea-Out1	7daa98cb653c7393	좌표만 입력하면 됩니다.
2111	SAY.Flowchart.119.TheKingOfDarkness-InfiniteSea-Out1	fecc26e186af7662	고맙다, 금속 친구.
2112	SAY.Flowchart.120.B9-InfiniteSea-Out1	fcaf67c58862f05d	고객님, 겁을 드리려는 것은 아니지만 좌표를 정확하게 입력해 주십시오.
2113	SAY.Flowchart.121.B9-InfiniteSea-Out1	7b4e24f40c1f882f	지난번에 누군가 잘못된 데이터를 입력했을 때는 우주 여러 지점에 신체가 분산되고 말았습니다.
2114	SAY.Flowchart.122.TheKingOfDarkness-InfiniteSea-Out1	4c17cee696c46bfa	명심하지... 내 조각을 다시 모으는 데는 영원이 걸릴 테니까.
2115	SAY.Flowchart.7.Wiseman-EndWorld-Mid	a5903380dd821d9d	이런, 내 눈이 무엇을 보는가. 어둠의 왕께서 몸소 오셨군...
2116	SAY.Flowchart.35.Wiseman-EndWorld-Mid	1638252c16108cf3	무슨 일로 이런 곳까지 오셨습니까?
2117	SAY.Flowchart.36.TheKingOfDarkness-EndWorld-Mid	d58a76a4b488c006	나도 같은 말을 할 수 있겠군...
2118	SAY.Flowchart.37.TheKingOfDarkness-EndWorld-Mid	1d6a131cae27a0cb	세상의 끝은 황량하고 용으로 가득한 곳이군...
2119	SAY.Flowchart.38.TheKingOfDarkness-EndWorld-Mid	15b8f5b2eeef170f	이름값을 하는군.
2120	SAY.Flowchart.39.Wiseman-EndWorld-Mid	25cc42a2db542a77	뭐... 용은 어떻게 다루느냐에 따라 아주 온순해질 수 있습니다.
2121	SAY.Flowchart.41.TheKingOfDarkness-EndWorld-Mid	116f97dbb82d4355	이런, 용 조련사를 만난 모양이군! 늘 한 번 만나 보고 싶었는데.
2122	SAY.Flowchart.40.TheKingOfDarkness-EndWorld-Mid	ce2f0e4005fb8ce1	네 기술 중 하나를 보여 줄 수 있나?
2123	SAY.Flowchart.42.TheKingOfDarkness-EndWorld-Mid	bcd94c229f17dd82	그러면 그 짐승들을 죽이느라 시간을 낭비하지 않아도 되겠군.
2124	SAY.Flowchart.43.Wiseman-EndWorld-Mid	0f1a06defa722403	물론입니다! 용을 길들이는 법이라면 많은 것을 가르쳐 드릴 수 있습니다...
2125	SAY.Flowchart.44.Wiseman-EndWorld-Mid	9585b9dc76c1f35f	하지만 그러면 제가 폐하를 죽여야겠지요.
2126	SAY.Flowchart.45.TheKingOfDarkness-EndWorld-Mid	219e667da28e2056	그래... 영원히 시도해 봐도 좋겠지. 내 말을 믿어...
2127	SAY.Flowchart.46.TheKingOfDarkness-EndWorld-Mid	6ad6f181314dea09	이제 진지하게 묻지... 여기엔 무슨 볼일이지?
2128	SAY.Flowchart.47.Wiseman-EndWorld-Mid	53e6e17cada9451b	하하하... 저는 철학자이자 사색가라고 자처합니다...
2129	SAY.Flowchart.49.Wiseman-EndWorld-Mid	6e5d39a2978c843e	지혜를 찾아 창조된 모든 곳을 돌아다닙니다.
2130	SAY.Flowchart.50.TheKingOfDarkness-EndWorld-Mid	e020c79b018c1cd1	창조된 모든 곳을 말인가?
2131	SAY.Flowchart.51.Wiseman-EndWorld-Mid	1bbc7194a8a386ff	전부, 한쪽 끝에서 다른 끝까지...
2132	SAY.Flowchart.52.TheKingOfDarkness-EndWorld-Mid	963c58907a37444c	분명 훌륭한 일이지만, 조금 불필요하군...
2133	SAY.Flowchart.53.TheKingOfDarkness-EndWorld-Mid	4a1d288a5bc8d63f	기록자의 서재에는 과거에 일어난 일부터 지금 일어나는 일까지 모두 기록되어 있지.
2134	SAY.Flowchart.54.TheKingOfDarkness-EndWorld-Mid	68607a3af7d8d681	그에게 데려다줄 수는 있지만, 공짜로 일하진 않는다.
2135	SAY.Flowchart.55.Wiseman-EndWorld-Mid	3c37a23f73f9d17f	제가 스스로 답을 찾는 기쁨을 포기하겠습니까?
2136	SAY.Flowchart.56.Wiseman-EndWorld-Mid	709311d7a7bb01f4	어리석은 자들만이 쉬운 길을 택합니다.
2137	SAY.Flowchart.57.TheKingOfDarkness-EndWorld-Mid	93a712cbbf9b829b	궁금하군... 어떻게 할 생각이지?
2138	SAY.Flowchart.58.Wiseman-EndWorld-Mid	4b7b8f15ec028fef	그건 비밀입니다...
2139	SAY.Flowchart.59.Wiseman-EndWorld-Mid	5b916dfd2fbd4e5b	말씀드릴 수야 있습니다만, 폐하. 그러면 제가...
2140	SAY.Flowchart.60.TheKingOfDarkness-EndWorld-Mid	8a523c337211a472	그래, 날 죽여야 할 거다.
2141	SAY.Flowchart.61.TheKingOfDarkness-EndWorld-Mid	3189c3cb7da152cd	알겠나? 내가 조용히 있길 바란다면 그냥 대놓고 말해도 된다.
2142	SAY.Flowchart.180.Wiseman-EndWorld-Mid	e7b9b141d9bb2c84	음... 각자 원하는 대로 생각할 자유가 있지요...
2143	SAY.Flowchart.182.Wiseman-EndWorld-Mid	868965be522fcec2	용을 길들이는 요령을 하나라도 익히셨습니까, 아니면 제가 하나 가르쳐 드릴까요?
2144	SAY.Flowchart.181.Wiseman-EndWorld-Mid	78b1964ff19f1aa3	안녕하십니까, 어둠의 왕이시여!
2145	SAY.Flowchart.201.Wiseman-EndWorld-Mid	697d4173f491d0c7	무슨 일로 여기 오셨는지 마음에 걸리는군요.
2146	SAY.Flowchart.94.TheKingOfDarkness-EndWorld-Mid	6b381606f7d1b98c	천상룡들을 찾고 있다.
2147	SAY.Flowchart.95.Wiseman-EndWorld-Mid	adc158f55baf32a7	여기에는 그런 생명체가 없습니다...
2148	SAY.Flowchart.96.Wiseman-EndWorld-Mid	d156a5664035e0ca	천상룡들은 오래전에 고향으로 돌아갔습니다.
2149	SAY.Flowchart.97.TheKingOfDarkness-EndWorld-Mid	a00c714e57c72763	운이 없군... 이 전설적인 짐승들에 큰 관심을 보이는 자들이 있지.
2150	SAY.Flowchart.98.Wiseman-EndWorld-Mid	65133f53ad929248	아! 정확히 무슨 이유입니까?
2151	SAY.Flowchart.99.TheKingOfDarkness-EndWorld-Mid	ccb3a699c51d1d9b	별것 아니다. 놈들을 실험 대상으로 삼아 병에 넣는 거지.
2152	SAY.Flowchart.100.Wiseman-EndWorld-Mid	4e3ca9bc3e99825d	하하하... 저를 담으려면 아주 큰 병이 필요하겠군요...
2153	SAY.Flowchart.101.TheKingOfDarkness-EndWorld-Mid	8a062bb2d13ab054	오래도 끌었군. 이 촌극을 영영 끝내지 않을 줄 알았다...
2154	SAY.Flowchart.102.TheKingOfDarkness-EndWorld-Mid	c69dbb6bd8b3b937	용기는 아무래도 좋다. 먼저 이 옥시나이트 단검을 네 심장에 박아 넣겠다.
2155	SAY.Flowchart.103.Wiseman-EndWorld-Mid	089589d4447ef1af	그런 뜻으로 이곳을 찾아오신 분은 폐하가 처음이 아닙니다... 다른 자들과 같은 최후를 맞고 싶으십니까?
2156	SAY.Flowchart.104.TheKingOfDarkness-EndWorld-Mid	2cbf1ee28f881ba3	저들은 어둠의 왕이 아니었다.
2157	SAY.Flowchart.105.Wiseman-EndWorld-Mid	ce9dbcb3355039c1	마음대로 해 보십시오. {b}{color=#9523d8}저를 잡으실 수만 있다면...{/color}{/b}
2158	SAY.Flowchart.108.TheKingOfDarkness-EndWorld-Mid	8984798d6e62daf3	모든 순환에... 무슨 마법이지?
2159	SAY.Flowchart.109.TheKingOfDarkness-EndWorld-Mid	e03371d2a90cb638	그 무례한 용은 어디로 간 거지?
2160	SAY.Flowchart.204.Wiseman-EndWorld-Mid	3469978ea5866bfc	아니, 용 도살자 아닙니까! 또 무슨 일로 여기 오셨습니까, 어둠의 왕?
2161	SAY.Flowchart.205.TheKingOfDarkness-EndWorld-Mid	8db3da37f6cced76	여전히 매력적이군...
2162	SAY.Flowchart.129.CelestialDragon-EndWorld-Mid	f5dfc353dc3a49fa	이 세계에 성스러운 악보를 찾으러 왔다...
2163	SAY.Flowchart.130.CelestialDragon-EndWorld-Mid	dbdfb0c04a067df5	그리고 그 악보와 추가 전리품을 가지고 돌아가겠다...
2164	SAY.Flowchart.131.CelestialDragon-EndWorld-Mid	5e1f9a64f5e58aa5	어둠의 왕의 목이다.
2165	SAY.Flowchart.132.TheKingOfDarkness-EndWorld-Mid	93b2ae05af19acb4	네 눈 하나면 충분하다.
2166	SAY.Flowchart.142.TheKingOfDarkness-EndWorld-Mid	55e835942fe575ef	천상룡 하나를 죽이는 일이 매일 있는 건 아니니까...
2167	SAY.Flowchart.143.TheKingOfDarkness-EndWorld-Mid	ab412b42084042ee	수집가가 기뻐하겠군... 보상도 그에 걸맞기를 바라야겠지.
2168	SAY.Flowchart.145.Wiseman-EndWorld-Mid	929a71cd742218c6	용들의 왕실 전당에 폐하의 머리를 전시하겠습니다, 어둠의 왕!
2169	SAY.Flowchart.13.TheKingOfDarkness-CL-BossRoom	0be384e53885a0fd	저 거대한 기계 녀석은 에너지가 다 떨어진 모양이군...
2170	SAY.Flowchart.14.TheKingOfDarkness-CL-BossRoom	762406f862f03e75	그래도 멀쩡하군... 일어나지 않았으면 좋겠는데.
2171	SAY.Flowchart.17.TheKingOfDarkness-CL-BossRoom	d802379e7b2c40c9	결정화된 빛의 화살이라... 정말 그리웠군.
2172	SAY.Flowchart.18.TheKingOfDarkness-CL-BossRoom	36f9aabe3367f9ea	발사체 종류를 바꾸는 조작(<sprite name="changearrow2">)을 사용할 수 있다.
2173	SAY.Flowchart.15.TheKingOfDarkness-CL-BossRoom	603c760da6526412	화살 조작(<sprite name="shotarrow">)으로 화살을 충전하는 동안, 이동 조작(<sprite name="move">)으로 발사할 방향을 조준한다.
2174	SAY.Flowchart.16.TheKingOfDarkness-CL-BossRoom	3cf7994fea2e236e	수정 화살은 적에게 피해를 주지 않지만, 순간이동 조작(<sprite name="teleport">)으로 화살이 있는 곳까지 순간이동할 수 있다.
2175	SAY.Flowchart.19.TheKingOfDarkness-CL-BossRoom	634ede323a1a307a	이 투사체는 빛을 통과해 벽에 박히지만, 다른 장애물에 부딪히면 파괴된다.
2176	SAY.Flowchart.20.TheKingOfDarkness-CL-BossRoom	c3ad11d7ab5e479e	서둘러야 한다. 너무 늦게 순간이동하면 화살이 사라져 버릴 거다.
2177	SAY.Flowchart.112.TheKingOfDarkness-HR-Crypt6-Piano	e26139c69f0346ac	음... 언제든 즉흥 연주는 할 수 있지...
2178	SAY.Flowchart.114.TheKingOfDarkness-HR-Crypt6-Piano	e37a5b1bc327ca6a	연주할 악보가 하나 있군...
2179	SAY.Flowchart.46.TheKingOfDarkness-HR-Crypt6-Piano	6de4255d8b66487d	이런! 그러니까 이게 탐험가가 숨긴 열쇠로군...
2180	SAY.Flowchart.47.TheKingOfDarkness-HR-Crypt6-Piano	9b4e4db6d541416b	이 열쇠가 그가 말한 지하묘를 열겠군.
2181	SAY.Flowchart.48.TheKingOfDarkness-HR-Crypt6-Piano	9b7a0c19f705f574	불쌍한 녀석... 영광과 보상은 내가 전부 차지하겠다.
2182	SAY.Flowchart.50.TheKingOfDarkness-HR-Crypt6-Piano	2cb6e3e2e80a46bb	이 멜로디가 뭔지는 모르겠군... 하지만 내가 관심을 끈 모양이다.
2183	SAY.Flowchart.51.TheKingOfDarkness-HR-Crypt6-Piano	6f416c257653cbe5	이 무의미한 추적도 끝이다.
2184	SAY.Flowchart.95.TheKingOfDarkness-HR-Crypt6-Piano	7c8fa7d9a88fc7f2	오르간이라... 연주한 지 몇 순환이나 됐군...
2185	SAY.Flowchart.108.TheKingOfDarkness-HR-Crypt6-Piano	0a1343b735dd0bcd	내 곡은 하나도 기억나지 않는군...
2186	SAY.Flowchart.109.TheKingOfDarkness-HR-Crypt6-Piano	c6b153b4282a9be2	{b}{color=#9523d8}내 오래된 악보{/color}{/b}를 하나라도 찾는다면 다시 연주하는 것도 즐거울 텐데...
2187	SAY.Flowchart.122.TheKingOfDarkness-HR-Crypt6-Piano	d26ef02661a4f0d3	내 작품 "밤의 협주곡"은 거의 완성됐군. 악보가 절반이나 남았지만...
2188	SAY.Flowchart.123.TheKingOfDarkness-HR-Crypt6-Piano	9ab13784bf89119e	얼마나 그리운지...
2189	SAY.Flowchart.13.TheKingOfDarkness-Remember-Key	7b43fd4d248958ef	왕들의 신전을 봉인하는 열쇠 중 하나군.
2190	SAY.Flowchart.14.TheKingOfDarkness-Remember-Key	6f93b5ff7f79086a	{b}{color=#9523d8}그곳으로 돌아가야겠군{/color}{/b}. 새로운 능력도 얻어야 한다.
2191	SAY.Flowchart.14.TheKingOfDarkness-FG-Boss	139b0a3d66503ea4	불사조의 힘... 이제 더 높은 곳에 닿을 수 있겠군.
2192	SAY.Flowchart.15.TheKingOfDarkness-FG-Boss	88252708f75077b2	점프 능력이 방금 두 배가 됐군.
2193	SAY.Flowchart.13.TheKingOfDarkness-FG-Boss	09c0ccc5c74641e9	<sprite name="jump"> 누르면 공중에서 다시 뛸 수 있겠군.
2194	SAY.Flowchart.7.TheKingOfDarkness-Shop	0c06d4b735459d2b	음... 스러진 자들의 황야가 평소보다 더 휑하군.
2195	SAY.Flowchart.35.Merchant-Shop	239fbfe0935ab7a9	아주 슬픈 이야기, 응.
2196	SAY.Flowchart.36.Merchant-Shop	76f2c009125d0934	옛날 손님들 가게 들어오려고 서로 싸웠어...
2197	SAY.Flowchart.37.Merchant-Shop	7f21682f9e2b804c	이제 착한 아스누르한테 사는 손님 아주 적어... 하지만 전부 나쁜 거 아니야.
2198	SAY.Flowchart.38.TheKingOfDarkness-Shop	a623810b871e01f3	굶주린 도시에 남은 상인이 너 하나뿐이냐?
2199	SAY.Flowchart.39.Merchant-Shop	bee2a39b1cb1dd7c	응! 그거 좋은 거야, 응.
2200	SAY.Flowchart.40.Merchant-Shop	fc3b3b8ffea1cab6	착한 아스누르 도시에서 유일한 상인, 손님들 착한 아스누르한테만 사
2201	SAY.Flowchart.42.Merchant-Shop	d0821115bb195faa	아스누르한테 좋으면, 너한테도 좋아, 어둠 왕.
2202	SAY.Flowchart.43.TheKingOfDarkness-Shop	459467e0457d3491	정확히는 어둠의 왕이다... 됐고, 뭘 파나?
2203	SAY.Flowchart.44.Merchant-Shop	425f037eaffe36b2	어둠 왕 필요한 거 전부 있어.
2204	SAY.Flowchart.45.Merchant-Shop	881f84edf8be1064	부끄러워 말고, 착한 아스누르 가게 구경해.
2205	SAY.Flowchart.25.Merchant-Shop	b739b6255a60e0de	안녕, 친구!
2206	SAY.Flowchart.46.TheKingOfDarkness-Shop	9d1c2d802ef1c801	뭘 파는지 보여 줘라.
2207	SAY.Flowchart.28.Merchant-Shop	b739b6255a60e0de	안녕, 친구!
2208	SAY.Flowchart.49.Merchant-Shop	5d48046991a5f569	아스누르 보관함에 너한테 쓸모 있을 물건 하나 있어, 어둠 왕.
2209	SAY.Flowchart.50.Merchant-Shop	0781374fabc326fc	오래된 폐허에서 찾았어.
2210	SAY.Flowchart.52.TheKingOfDarkness-Shop	d2b6da33bef9090d	이 기호들... 천상룡의 언어 같은데...
2211	SAY.Flowchart.53.TheKingOfDarkness-Shop	7e4cf1200f88713e	좋은 생각이 있다.
2212	SAY.Flowchart.48.Merchant-Shop	cb86d6e84ec9ebce	만족한 손님 또 하나!
2213	SAY.Flowchart.12.Computer-UF-D2	828671474d3348db	항성일 - 5056.20.01
2214	SAY.Flowchart.13.Computer-UF-D2	cba2756182d6ee4f	<완료> 행성 HK 2027 SS의 에너지원 소진.
2215	SAY.Flowchart.14.Computer-UF-D2	d712b3bde387f2d8	이륙 하위 루틴 개시.
2216	SAY.Flowchart.15.Computer-UF-D2	40f2a866507b678e	이륙까지 3, 2, 1...
2217	SAY.Flowchart.16.Computer-UF-D2	b70d1faba736ae09	<기록 종료>
2218	SAY.Flowchart.12.Computer-UF-C1	21f29e094c94b7e9	항성일 - 9310.05.02
2219	SAY.Flowchart.13.Computer-UF-C1	85d2811c9c5dff56	<완료> 새 행성 발견.
2220	SAY.Flowchart.14.Computer-UF-C1	ac95bf05f36fa56a	에너지원 탐지.
2221	SAY.Flowchart.15.Computer-UF-C1	abc357cb8f7d9f77	추적 탐사선 데이터 분석.
2222	SAY.Flowchart.17.Computer-UF-C1	b70d1faba736ae09	<기록 종료>
2223	SAY.Flowchart.16.TheKingOfDarkness-UF-C1	20db62b521c46f38	여기에 온 건 우연이 아니군...
2224	SAY.Flowchart.18.TheKingOfDarkness-UF-C1	7350e2d380e62fdd	세계에서 세계로 떠돌아다녀 왔군... 기생충처럼.
2225	SAY.Flowchart.19.TheKingOfDarkness-UF-C1	4966d96bd2865abc	이 짓을 얼마나 오래 해 온 거지?
2226	SAY.Flowchart.12.Computer-UF-B2	245bc99dcc6ffdb8	항성일 - 5005.01.12
2227	SAY.Flowchart.13.Computer-UF-B2	259fad0a636593e4	적군 전력 10:1 우세.
2228	SAY.Flowchart.14.Computer-UF-B2	048a2112fd1211a4	선체 다수 손상.
2229	SAY.Flowchart.15.Computer-UF-B2	0b626b12f8eca818	생존 방안 계산.
2230	SAY.Flowchart.17.Computer-UF-B2	b70d1faba736ae09	<기록 종료>
2231	SAY.Flowchart.12.Computer-UF-A1	9efa99ff1761e930	항성일 - 5005.02.12
2232	SAY.Flowchart.13.Computer-UF-A1	e85fe9f82a0e2a40	<완료> 차원 간 도약.
2233	SAY.Flowchart.14.Computer-UF-A1	e7590f8dabe615f0	<완료> 보조 시스템 가동.
2234	SAY.Flowchart.15.Computer-UF-A1	9b7433206d65b942	우선순위: 방치된 유닛 회수.
2235	SAY.Flowchart.17.Computer-UF-A1	4ed237653967c856	방어 시스템 재시작.
2236	SAY.Flowchart.18.Computer-UF-A1	385d95c864359ff1	<오류> 에너지 부족.
2237	SAY.Flowchart.19.Computer-UF-A1	03cf3ec47322140a	에너지원 탐색 개시.
2238	SAY.Flowchart.20.Computer-UF-A1	b70d1faba736ae09	<기록 종료>
2239	SAY.Flowchart.12.Computer-UF-B1-A	769314aff6299788	항성일 - 9310.07.02
2240	SAY.Flowchart.13.Computer-UF-B1-A	073835acf2bc9ca7	<오류> 결정체 에너지 처리 불가.
2241	SAY.Flowchart.14.Computer-UF-B1-A	cea6b76fde13b636	에너지 흐름 변환에 촉매 필요.
2242	SAY.Flowchart.15.Computer-UF-B1-A	d4e912e645ea7000	탐색 드론 투입.
2243	SAY.Flowchart.20.Computer-UF-B1-A	b70d1faba736ae09	<기록 종료>
2244	SAY.Flowchart.12.Computer-UF-B4-B	20e70f3be059c482	항성일 - 9310.08.03
2245	SAY.Flowchart.13.Computer-UF-B4-B	535a9b8fd1d01e68	촉매 후보 감지.
2246	SAY.Flowchart.14.Computer-UF-B4-B	a02b16e146dd1ebf	성공 확률: 99.99%
2247	SAY.Flowchart.15.Computer-UF-B4-B	8bc519c57df91901	에너지 유형: 미상
2248	SAY.Flowchart.21.Computer-UF-B4-B	fe4ef09428a4c784	레일 시스템 전개.
2249	SAY.Flowchart.22.Computer-UF-B4-B	b70d1faba736ae09	<기록 종료>
2250	SAY.Flowchart.20.TheKingOfDarkness-UF-B4-B	3c8717c984e04edb	음... 결정체를 처리하려고 저들이 뭘 찾아냈는지 궁금하군.
2251	SAY.Flowchart.23.TheKingOfDarkness-UF-B4-B	1a0da0f2bea7f4e8	이런 일을 해낼 수 있는 물질은 거의 없는데...
2252	SAY.Flowchart.12.Computer-UF-D3	bb9da52d6b967d87	항성일 - 9310.20.03
2253	SAY.Flowchart.13.Computer-UF-D3	3b261ff55509f117	<완료> 함선 중추에 촉매 연결.
2254	SAY.Flowchart.14.Computer-UF-D3	59f7f06a4792f364	에너지 처리 개시.
2255	SAY.Flowchart.15.Computer-UF-D3	4f86df155205a8cb	<완료> 저장 에너지 처리 완료.
2256	SAY.Flowchart.21.Computer-UF-D3	e699a34493bd4cf6	탱크 용량: 78%.
2257	SAY.Flowchart.24.Computer-UF-D3	de2b43592c722936	추출 계속.
2258	SAY.Flowchart.22.Computer-UF-D3	b70d1faba736ae09	<기록 종료>
2259	SAY.Flowchart.20.TheKingOfDarkness-UF-D3	207ea398629971b6	이미 에너지를 충분히 훔쳐 갔군, 고철 나부랭이들.
2260	SAY.Flowchart.13.TheKingOfDarknessWOTFTown	31333fb6f1e71ffd	반대편에 누군가 있는 것 같지만, 문이 잠겨 있군...
2261	SAY.Flowchart.14.TheKingOfDarknessWOTFTown	047f8f34ecd3c121	나중에 다시 와야겠군.
2262	SAY.Flowchart.14.TheKingOfDarkness-AP-0	0906039a9af7def2	왕의 계단 한가운데 나무토막이라니?
2263	SAY.Flowchart.13.TheKingOfDarkness-AP-0	9ea56cb2c57c0b6b	너일 수밖에 없군.
2264	SAY.Flowchart.15.LightGeneral-AP-0	29117bd139156ccb	죽음과 부패의 흔적이 하늘까지 치솟는군요?
2265	SAY.Flowchart.16.LightGeneral-AP-0	decaf80a1be8a4ac	틀림없이 어둠의 왕이십니다.
2266	SAY.Flowchart.17.TheKingOfDarkness-AP-0	16ffd039cb10e0bd	이렇게 빨리 나를 만나러 오다니, 제법 영리한 선택이었다.
2267	SAY.Flowchart.18.TheKingOfDarkness-AP-0	80161b31487f9dfd	그럼 널 허공으로 던져도 고통은 거의 없을 거다.
2268	SAY.Flowchart.19.LightGeneral-AP-0	5a4558cbdcd98f29	저는 결코 각하만큼 비천하게 떨어지지 않습니다.
2269	SAY.Flowchart.27.LightGeneral-AP-0	77173721d96f75f5	여왕 폐하께서 지난번 각하께서 저지르신 일을 말씀해 주셨습니다.
2270	SAY.Flowchart.28.LightGeneral-AP-0	833ee6b2cc13ced2	그것은... 각하께조차 역겨운 일이었습니다.
2271	SAY.Flowchart.29.TheKingOfDarkness-AP-0	f6eafd76f4304d65	훨씬 더 끔찍한 짓도 할 수 있다...
2272	SAY.Flowchart.30.TheKingOfDarkness-AP-0	46f4d573cf259a02	어둠의 왕을 얕보지 마라.
2273	SAY.Flowchart.26.LightGeneral-AP-0	647e7bdba4377a54	빛은 언제나 승리합니다!
2274	SAY.Flowchart.44.LightGeneral-AP-0	e8c6ae2aafaa0eb4	우리가 지금껏 맞붙은 모든 싸움에서...
2275	SAY.Flowchart.45.LightGeneral-AP-0	59b38e9a25c5e670	이번처럼 큰 증오를 느낀 적은 없습니다.
2276	SAY.Flowchart.46.TheKingOfDarkness-AP-0	4d66d2deade83a76	네가 최고 오로라... 빛의 기사단의 지휘관이었군
2277	SAY.Flowchart.47.TheKingOfDarkness-AP-0	e3c7e5ebda237721	너희 같은 자들 사이에도 증오가 싹틀 수 있나?
2278	SAY.Flowchart.48.LightGeneral-AP-0	a9d65fce59248bde	각하께서 그걸 물으시는 겁니까?
2279	SAY.Flowchart.49.LightGeneral-AP-0	a7fced750d6ee351	타락한 각하의 영혼에도 애착이 싹튼 것입니까?
2280	SAY.Flowchart.50.TheKingOfDarkness-AP-0	b70d56ac07a81db4	사랑은 언제나 내 본성의 일부였다... 물론 자기애 말이다.
2281	SAY.Flowchart.51.LightGeneral-AP-0	09a13216b9dcfe6e	그리고 각하께서는 그렇게 증명하셨습니다...
2282	SAY.Flowchart.XX22.TheKingOfDarkness-RS-3	50674231602e57e4	내가 없는 동안 잘 훈련했군...
2283	SAY.Flowchart.XX23.TheKingOfDarkness-RS-3	c89c963383b1dba6	나를 쓰러뜨릴 수는 없지만, 네 주군을 위해 시간을 버는 솜씨는 좋군.
2284	SAY.Flowchart.XX24.LightGeneral-RS-3	37bbdceeb44c90f8	계속 왕의 계단을 올라가십시오...
2285	SAY.Flowchart.XX25.LightGeneral-RS-3	d82f29b83728973e	더 높이 오를수록, 각하의 추락도 더 클 것입니다.
2286	SAY.Flowchart.XX27.LightGeneral-RS-3	647e7bdba4377a54	빛은 언제나 승리합니다!
2287	SAY.Flowchart.XX13.LightGeneral-RS-5	0820932990cfe761	각하는 그저 비열한 살인자일 뿐입니다...
2288	SAY.Flowchart.XX14.LightGeneral-RS-5	df9c2b1f8bc8fbb4	여왕 폐하께서는 각하의 죄를 절대 잊지 않으실 것입니다.
2289	SAY.Flowchart.XX15.TheKingOfDarkness-RS-5	ede5d6537bf626ea	우리 둘 다 손이 피로 물들었지. 잊지 마라.
2290	SAY.Flowchart.31.TheKingOfDarkness-AP-0	526f2d82226d17c9	네 빛은 모두 소진됐다... 그런데도 나는 아직 서 있다.
2291	SAY.Flowchart.32.LightGeneral-AP-0	6bcf6eb9d18aaf8a	제가 각하를 약화시켰습니다... 여왕 폐하께서 각하를 벌레처럼 짓밟으실 것입니다.
2292	SAY.Flowchart.33.TheKingOfDarkness-AP-0	06a7b47a0376a671	네 믿음은 순진함에 가깝군...
2293	SAY.Flowchart.34.TheKingOfDarkness-AP-0	6e03d8e0cc773bc4	그녀를 이상화한 끝에 패배했을 뿐이다.
2294	SAY.Flowchart.35.LightGeneral-AP-0	64e5e22558188f95	각하의 말씀으로는 제 신성한 맹세를 꺾을 수 없습니다.
2295	SAY.Flowchart.36.LightGeneral-AP-0	ea6154fef0d5e402	어둠을 쓰러뜨리는 것이 제 운명이며, 순환의 황혼까지 그러할 것입니다.
2296	SAY.Flowchart.37.TheKingOfDarkness-AP-0	1decca28f1af7b65	그럼 네 마지막 기회를 낭비한 셈이군.
2297	SAY.Flowchart.38.LightGeneral-AP-0	b363e8c36c712d65	무슨 말씀을 하시는 겁니까!?
2298	SAY.Flowchart.39.LightGeneral-AP-0	243d6e824cc20a19	제 영혼은 여왕 폐하의 영혼과 함께 다시 태어날 것입니다...
2299	SAY.Flowchart.40.LightGeneral-AP-0	7622f42c7e1d1384	그리고 우리의 길은 다시 마주칠 것입니다.
2300	SAY.Flowchart.41.TheKingOfDarkness-AP-0	8c2985016b6c5c43	네 시간도 끝나 간다, 최고 오로라...
2301	SAY.Flowchart.42.TheKingOfDarkness-AP-0	db5e16d725505128	이 모든 순환을 통틀어 너보다 훌륭하고 명예로운 적수는 없었다.
2302	SAY.Flowchart.43.TheKingOfDarkness-AP-0	f5aa0e5b8980f8bb	편히 쉬어라.
2303	SAY.Flowchart.XX31.LightGeneral-RS-5	647e7bdba4377a54	빛은 언제나 승리합니다!
2304	SAY.Flowchart.13.Chaos-Cosmos-Lobby	0ba4af7df8b1e33c	하찮은 존재여... 네가 훔친 결정으로 영원의 샘을 더럽히다니, 감히 그러느냐?
2305	SAY.Flowchart.14.Chaos-Cosmos-Lobby	ba697c8ef200c677	너는 내 창조물 중 하나에 불과하기엔 너무 오만하군.
2306	SAY.Flowchart.15.TheKingOfDarkness-Cosmos-Lobby	aa339d75222877f5	이 일을 끝내러 왔다, 전능자여.
2307	SAY.Flowchart.16.TheKingOfDarkness-Cosmos-Lobby	d32f8957c37e1b09	어둠은 너무 오랫동안 네 의지에 굴복해 왔다.
2308	SAY.Flowchart.17.TheKingOfDarkness-Cosmos-Lobby	52d266b581c1bb7a	순환의 시대는 끝났다. 이제 내가 움직일 차례다.
2309	SAY.Flowchart.18.Chaos-Cosmos-Lobby	332161fa9e5b07be	배은망덕하군...
2310	SAY.Flowchart.19.Chaos-Cosmos-Lobby	436675f689b3d401	나는 그녀에게 그랬듯, 너에게도 불멸의 선물을 내렸다...
2311	SAY.Flowchart.20.Chaos-Cosmos-Lobby	46f0a42fb1f16aab	너희가 완전히 소멸하는 것을 막아 주었다... 나 덕분에 너희는 영원히 살아갈 수 있다.
2312	SAY.Flowchart.21.Chaos-Cosmos-Lobby	3dbb79080afd56c4	필멸자에게 이보다 큰 선물이 또 있느냐? 인간의 본성은 그토록 이기적인가?
2313	SAY.Flowchart.22.TheKingOfDarkness-Cosmos-Lobby	713bc0c62d5bfb76	네가 축복이라 부르는 것은 내게 영원한 형벌이다...
2314	SAY.Flowchart.23.TheKingOfDarkness-Cosmos-Lobby	791c3e166470eea9	이 일을 끝내고 내 규칙을 세우러 여기 왔다.
2315	SAY.Flowchart.24.Chaos-Cosmos-Lobby	74b6d0945668d8ae	그게 네가 바라는 것이라면... 네 뜻대로 하라.
2316	SAY.Flowchart.25.Chaos-Cosmos-Lobby	a7f8dadbaf2cfc56	다시는 네 창조주의 선물을 업신여기지 못할 것이다.
2317	SAY.Flowchart.26.Chaos-Cosmos-Lobby	df6a93afb018cdc1	균형을 유지할 방법은 얼마든지 생각해 낼 수 있다, 어둠의 왕.
2318	SAY.Flowchart.27.Chaos-Cosmos-Lobby	61e9e591000e2a50	너를 불멸로 만든 그 속도로, 너를 없애 주마.
2319	SAY.Flowchart.49.TheQueenOfLight-AP-BossRoom	c34f597b0e22b69e	어둠의 왕...
2320	SAY.Flowchart.50.TheKingOfDarkness-AP-BossRoom	a1e3db3eacc4ab9d	빛의 여왕...
2321	SAY.Flowchart.34.TheQueenOfLight-AP-BossRoom	b7f8c330e0883d28	왜...?
2322	SAY.Flowchart.36.TheKingOfDarkness-AP-BossRoom	5f1309e538824cce	그것밖에 방법이 없었어.
2323	SAY.Flowchart.37.TheQueenOfLight-AP-BossRoom	a1bb350ca19ae499	우리 사랑으론 부족했어?
2324	SAY.Flowchart.38.TheKingOfDarkness-AP-BossRoom	4f60cd63aa9c7418	넌 답을 알고 있잖아...
2325	SAY.Flowchart.39.TheQueenOfLight-AP-BossRoom	5c7ded0c3893f8b8	우리 아이... 그 아이에게 무슨 짓을 한 거야?
2326	SAY.Flowchart.40.TheKingOfDarkness-AP-BossRoom	410a64df8e343432	회색 영혼은 더 이상 존재하지 않아.
2327	SAY.Flowchart.41.TheQueenOfLight-AP-BossRoom	840cef8af6212338	네 칭호에 걸맞군...
2328	SAY.Flowchart.42.TheQueenOfLight-AP-BossRoom	fe9b7319533577de	넌 이기적인 짐승일 뿐이야. 지워져야 해.
2329	SAY.Flowchart.43.TheKingOfDarkness-AP-BossRoom	e0859ca79bb6f249	결국 우리도 그렇게 다르진 않아.
2330	SAY.Flowchart.44.TheQueenOfLight-AP-BossRoom	7d6904b7457eba63	난 절대 그런 짓은 못 해.
2331	SAY.Flowchart.45.TheQueenOfLight-AP-BossRoom	3c8848250aa2ca2b	넌 네가 만들어 낸 가장 순수하고 무고한 존재를 파괴했어...
2332	SAY.Flowchart.46.TheQueenOfLight-AP-BossRoom	7dfef85a08289aba	우리 아들...
2333	SAY.Flowchart.24.Wiseman-Random	20c9ee9451b07476	손가락을 한 번 튕기면 세상 반대편에 가 있겠습니다.
2334	SAY.Flowchart.XXX19.Wiseman-Random	2fbb0d65357c0425	포기하시지요, 어둠의 왕.
2335	SAY.Flowchart.239.TheKingOfDarkness-Random	f85d672f026f1376	이래서는 그를 잡을 수 없겠군.
2336	SAY.Flowchart.28.TheKingOfDarkness-Random	aa8424c01cae7fc3	그의 {b}{color=#9523d8}주의를 끌 방법이...{/color}{/b} 분명 있을 거다.
2337	SAY.Flowchart.19.Wiseman-Random	8c1dca00ba4e98d8	천상룡들이 문안 인사를 전합니다, 폐하.
2338	SAY.Flowchart.238.TheKingOfDarkness-Random	d359d8d55c583b65	겁쟁이!
2339	SAY.Flowchart.13.Wiseman-Random	fa0938cc4f9b811e	고집은 세시지만, 느리시군요... 그럼 이만, 용 사냥꾼.
2340	SAY.Flowchart.14.TheKingOfDarkness-Random	38eb73ff4d8cad3f	젠장!
2341	SAY.Flowchart.7.TheKingOfDarkness-EndWorld-Mid	af7887a546731829	세상의 끝에 무덤이라니? 무슨 말이 적혀 있는지 보자...
2342	SAY.Flowchart.77.TheKingOfDarkness-EndWorld-Mid	c80146d8780738db	황제라... 이 부적이 여기서도 작동할까?
2343	SAY.Flowchart.78.TheKingOfDarkness-EndWorld-Mid	c82e9843b8092e0f	그자의 마력이 아주 강해 부적의 힘까지 바꿔 놓았군.
2344	SAY.Flowchart.79.TheKingOfDarkness-EndWorld-Mid	181bca6340778a38	이제 그자의 신성한 마력이 깃들었군... {b}{color=#9523d8}저 창들을 찾으면 될지도 모르겠군...{/color}{/b}
2345	SAY.Flowchart.12.TheKingOfDarkness-EndWorld-Mid	8d0ff7471fbe49b6	신들... 창... 전투... 이 황제는 당대에 꽤 유명했군. 분명 내게도 눈길을 줬겠지...
2346	SAY.Flowchart.13.TheKingOfDarkness-EndWorld-Mid	bc21baeb20d6460f	일은 끝났다. 찾아야 할 봉인이 하나 줄었군.
2347	SAY.Flowchart.46.Tomb-EndWorld-Mid	8149c8d88f40969a	여기 아코리아스 잠들다. 오늘날 우리가 누리는 자유를 위해 목숨을 바친 자.
2348	SAY.Flowchart.47.Tomb-EndWorld-Mid	c190468d511d529a	황제의 잔혹함을 막기 위해 네 신의 전투에서 명예롭게 싸웠다.
2349	SAY.Flowchart.48.Tomb-EndWorld-Mid	6dbecbd084d4fff0	그의 신성한 창들이 우리를 폭군의 분노에서 지켜 준다.
2350	SAY.Flowchart.49.Tomb-EndWorld-Mid	d4f93db151b57ab7	전능한 카오스가 그 신성한 영혼을 인도하기를.
2351	SAY.Flowchart.35.TheKingOfDarkness-Quest-Source	d3af06c9febfc355	솜씨가 훌륭하군... 신을 위해 벼린 무기처럼 보인다...
2352	SAY.Flowchart.56.TheKingOfDarkness-Quest-Source	f4d577d1024b6890	아름다운 건 분명하지만... 나 같은 자가 다루기엔 버겁군.
2353	SAY.Flowchart.38.TheKingOfDarkness-Quest-Source	4e58eab4c1f4f0bc	이건 아코리아스의 무덤을 지키는 창 중 하나군....
2354	SAY.Flowchart.53.TheKingOfDarkness-Quest-Source	4fdf6d5719c4c1e2	이게 마지막 아코리아스의 창이군...
2355	SAY.Flowchart.54.TheKingOfDarkness-Quest-Source	6468a246ef7da4fe	{b}{color=#9523d8}무덤으로 돌아가야겠군.{/color}{/b}
2356	SAY.Flowchart.7.TheKingOfDarkness-Cosmos-Station	2cabc5e38585032e	음... 이런 허허벌판 한가운데 이 장치는 왜 있는 거지?
2357	SAY.Flowchart.28.TheKingOfDarkness-Cosmos-Station	e545ac1c5757b145	기계들이 만든 것 같지만, 어떻게 작동시키는지는 모르겠군...
2358	SAY.Flowchart.29.TheKingOfDarkness-Cosmos-Station	7ac63c2695008e7b	{b}{color=#9523d8}아직 어떻게 작동하는지 모르겠군.{/color}{/b}
2359	SAY.Flowchart.25.TheKingOfDarkness-Cosmos-Station	9091dd33ff7ecf43	이제 필요한 건 다 가진 것 같군...
2360	SAY.Flowchart.30.TheKingOfDarkness-Cosmos-Station	2c31b1a5704fdd3a	이걸 여기에 넣고, 좌표를 입력한 다음 이 버튼을 누르면...
2361	SAY.Flowchart.31.TheKingOfDarkness-Cosmos-Station	a08058c2157c5c78	작동하는군! 누군가를 대상으로 시험해 봐야겠군...
2362	SAY.Flowchart.32.TheKingOfDarkness-Cosmos-Station	167cff8d7165b58c	필요할 때 수문장은 어디에 있는 거지?
2363	SAY.Flowchart.33.TheKingOfDarkness-Cosmos-Station	9b944341c7870dd9	쳇, 좌표는 제대로 입력한 게 분명한데.
2364	SAY.Flowchart.34.TheKingOfDarkness-Cosmos-Station	fcfeab03220292d6	난 좀처럼 실패하지 않는데...
2365	SAY.Flowchart.13.TheKingOfDarkness-EndWorld-Top	69b3ac9db58a5b3e	이 유물에는 온통 기호가 새겨져 있군.
2366	SAY.Flowchart.14.TheKingOfDarkness-EndWorld-Top	2b621a89930251a9	무슨 뜻인지는 전혀 모르겠군... {b}{color=#9523d8}이 기호들을 번역할 수 있는 자가 있을 텐데...{/color}{/b}
2367	SAY.Flowchart.17.TheKingOfDarkness-TempleChaos	9daef58b1a3c257a	이렇게 숨겨진 신전이 그토록 작은 봉인을 지키다니... 분명 황제의 힘을 두려워했겠군.
2368	SAY.Flowchart.22.TheKingOfDarkness-TempleChaos	c327d0f707541cdf	테트라데오스...? 이 조각상들은...? 닮은 게...
2369	SAY.Flowchart.23.TheKingOfDarkness-TempleChaos	3091f6bd32020e8c	그럴 리가 없다. 지고신 카오스는 하나뿐인데, 넷이라니...
2370	SAY.Flowchart.24.TheKingOfDarkness-TempleChaos	667177ee8cad73de	어쩌면... 형제들인가...? 아니면 자식들...?
2371	SAY.Flowchart.25.TheKingOfDarkness-TempleChaos	13c46c37f63479c7	흥... 모르는 게 나은 일도 있지...
2372	SAY.Flowchart.18.Tomb-TempleChaos	264edfef1ecc902a	존재의 창조주, 테트라데오스에게 영광을.
2373	SAY.Flowchart.19.Tomb-TempleChaos	2e9b7470974a77c1	언제나 공정하기를.
2374	SAY.Flowchart.20.Tomb-TempleChaos	ba1641df5696dfdd	언제나 어디에나 임하기를.
2375	SAY.Flowchart.21.Tomb-TempleChaos	dba75484235261be	언제나 전능하며, 자신이 창조한 세계의 균형을 지키기를.
2376	SAY.Flowchart.13.TheKingOfDarkness-InfiniteSea-V	ab83721d1b304327	이 기호들은 "폭군"이라는 단어를 이루는군...
2377	SAY.Flowchart.14.TheKingOfDarkness-InfiniteSea-V	de59865b8c0278ef	참 교묘하군, 신탁.
2378	SAY.Flowchart.19.TheKingOfDarkness-InfiniteSea-V	cd264500743e86eb	신탁이 황제의 힘을 가둬 둔 봉인...
2379	SAY.Flowchart.17.Tomb-InfiniteSea-V	d0305f40abda8847	이 봉인은 필멸자의 오만을 이겨 낸 신들의 승리를 상징한다.
2380	SAY.Flowchart.18.Tomb-InfiniteSea-V	bf726cb210250ec5	황제의 패배를 보여 주는 증거로 오직 나만 살아남았다.
2381	SAY.Flowchart.19.Tomb-InfiniteSea-V	f5ba8127ee1f3e6b	네 봉인의 저주가 그 힘을 영원히 가두기를.
2382	SAY.Flowchart.13.TheKingOfDarkness-OrbTempleDoorX	99de467c8a4bb5f3	이제 내 주 보석뿐 아니라 이 용기에 적의 피도 모을 수 있겠군.
2383	SAY.Flowchart.14.TheKingOfDarkness-OrbTempleDoorX	10a9a70f220ac66d	피의 그릇...
2384	SAY.Flowchart.7.OtherKing-SoulKingRoom	5df14642ec94f8be	꼴을 봐라... 완전히 딴판이군.
2385	SAY.Flowchart.32.OtherKing-SoulKingRoom	8b4386941f105440	역겹다.
2386	SAY.Flowchart.33.TheKingOfDarkness-SoulKingRoom	939fa508fa2c93df	달리 방법이 없었다... 너라면 어떻게 했겠나?
2387	SAY.Flowchart.34.OtherKing-SoulKingRoom	d1c1ef246d3025bd	너도 잘 알고 있겠지...
2388	SAY.Flowchart.35.OtherKing-SoulKingRoom	81a09ddb8992b907	그렇게 약해 빠진 것보단 뭐든 낫다.
2389	SAY.Flowchart.36.TheKingOfDarkness-SoulKingRoom	dc54d0e2d428ddbd	약하다고? 전에는 그랬을지도 모르지... 하지만 이제는 아니다.
2390	SAY.Flowchart.37.TheKingOfDarkness-SoulKingRoom	cb7a62421f15f621	다시는 약해지지 않을 거다.
2391	SAY.Flowchart.38.OtherKing-SoulKingRoom	49df18b99672d3c9	넌 거짓말 뒤에 숨는군.
2392	SAY.Flowchart.39.OtherKing-SoulKingRoom	7908b0d1de1baffc	계속 그렇게 해라... 네 두려움이 나를 더 강하게 만든다.
2393	SAY.Flowchart.40.OtherKing-SoulKingRoom	611e8d2ca0ce4bb4	네가 또 우리를 드러내고 말 거라는 걸 잘 알고 있겠지.
2394	SAY.Flowchart.41.OtherKing-SoulKingRoom	9a17abb4bb968bea	그럴 순 없다.
2395	SAY.Flowchart.42.TheKingOfDarkness-SoulKingRoom	a7bf098047765bf2	널 삼키겠다... 그러고 나면 네가 고마워하겠지.
2396	SAY.Flowchart.28.OtherKing-SoulKingRoom	26763dd37d39adb5	네 통제를 벗어난 힘을 가지고 놀고 있군!
2397	SAY.Flowchart.43.OtherKing-SoulKingRoom	a9da380d477087f5	멈춰라. 그러지 않으면 우리를 끝장내게 된다.
2398	SAY.Flowchart.44.TheKingOfDarkness-SoulKingRoom	eca5b3c747ccc319	넌 이미 죽었다...
2399	SAY.Flowchart.45.TheKingOfDarkness-SoulKingRoom	bbd320a8fcbeab3b	두렵지 않다.
2400	SAY.Flowchart.46.OtherKing-SoulKingRoom	753fef107496b513	후회하게 될 거다...
2401	SAY.Flowchart.48.OtherKing-SoulKingRoom	0cca0212e7f28042	넌 이렇게까지 두려웠던 적이 없지... 나도 이렇게까지 강했던 적은 없다!
2402	SAY.Flowchart.63.TheKingOfDarkness-UF-BossRoom	8ac28212f07ee9f4	카오스의 결정... 내 카오스의 결정...
2403	SAY.Flowchart.64.TheKingOfDarkness-UF-BossRoom	a491154111ae6274	그 결정을 {b}{color=#9523d8}신탁에게...{/color}{/b} 다시 돌려줘야 한다.
2404	SAY.Flowchart.67.TheKingOfDarkness-UF-BossRoom	af455d697a0402ff	불가능해... 저건 카오스의 결정이군... 내 카오스의 결정이다!
2405	SAY.Flowchart.68.TheKingOfDarkness-UF-BossRoom	505c3c85a790d278	어떻게 여기까지 온 거지?
2406	SAY.Flowchart.69.TheKingOfDarkness-UF-BossRoom	d369a018af2bc935	몇 가지 질문에 대답해야 할 거다, {b}{color=#9523d8}신탁...{/color}{/b}
2407	SAY.Flowchart.65.TheKingOfDarkness-UF-BossRoom	aef6fdd77e35bcba	좋아... 카드를 충전하고 수리했군.
2408	SAY.Flowchart.62.TheKingOfDarkness-UF-BossRoom	434014ade1258e0a	이걸로 문이 열리지 않으면, 머리로 부숴서라도 열겠다고 맹세하지.
2409	SAY.Flowchart.13.TheKingOfDarkness-UF-BossRoom	659e66c56afaa9c7	네가 방금 떨어뜨린 건 뭐지?
2410	SAY.Flowchart.14.TheKingOfDarkness-UF-BossRoom	df952bc598fc91e3	이건 일종의 {b}{color=#9523d8}기계식 열쇠{/color}{/b}다. 이게 네 뇌인가?
2411	SAY.Flowchart.15.TheKingOfDarkness-UF-BossRoom	7b53f8c85c7891c2	이렇게 엄청난 것이 이 보잘것없는 물건 안에 들어가다니 놀랍군.
2412	SAY.Flowchart.19.TheKingOfDarkness-UF-BossRoom	220a5e0d51a7f716	알았더라면 네놈을 한 발로 밟아 죽였을 거다.
2413	SAY.Flowchart.25.IA1-UF-BossRoom	18a61c8e9a78c2bc	<경고> 억제 루틴 비효율.
2414	SAY.Flowchart.35.IA1-UF-BossRoom	cff3204fdf2bf5cf	중추에 비인가 유기 생명체 존재.
2415	SAY.Flowchart.61.TheKingOfDarkness-UF-BossRoom	78b75cff34911596	그러니까 날 물러나게 하려던 목소리가 여기 있었군...
2416	SAY.Flowchart.38.TheKingOfDarkness-UF-BossRoom	8f000d17229b01b6	네가 우두머리 기계로군...
2417	SAY.Flowchart.39.IA1-UF-BossRoom	e3805cedd3e35108	<경고> 유기 생명체가 미상의 에너지원을 방출.
2418	SAY.Flowchart.40.TheKingOfDarkness-UF-BossRoom	ced2aefcbec9b1a3	이 기계들은 전부 네 명령에만 복종하는 모양이군.
2419	SAY.Flowchart.41.TheKingOfDarkness-UF-BossRoom	87c0814b03fba481	상당히 모욕적이군...
2420	SAY.Flowchart.42.TheKingOfDarkness-UF-BossRoom	7ee6add0bcccbb21	다른 행성은 모르겠지만, 여기서 명령하는 건 나다.
2421	SAY.Flowchart.43.IA1-UF-BossRoom	a0a9f192b5276622	섬멸 개시, 표적 고정 중...
2422	SAY.Flowchart.44.TheKingOfDarkness-UF-BossRoom	6d9db37b4fd7fb39	힘으로 해결하고 싶나?
2423	SAY.Flowchart.45.TheKingOfDarkness-UF-BossRoom	9cc6f0f0ef504973	네가 자초한 일이다, 더러운 고철 덩어리.
2424	SAY.Flowchart.28.IA1-UF-BossRoom	cff3204fdf2bf5cf	중추에 비인가 유기 생명체 존재.
2425	SAY.Flowchart.50.TheKingOfDarkness-UF-BossRoom	4a7cd35ed47bd8be	일어나지 마라... 일어나지 마라...
2426	SAY.Flowchart.51.IA2-BossRoom	5f9bc2ff702a3610	식별 확인 중...
2427	SAY.Flowchart.67.IA2-BossRoom	b2d0edb8fd238b41	<오류> 마스터 카드 손상.
2428	SAY.Flowchart.52.IA2-BossRoom	d2b50cd236a840d2	<복구 중> 25% 50% 75%
2429	SAY.Flowchart.53.TheKingOfDarkness-UF-BossRoom	5dc4cd69db86a278	좋아, 드디어 운이 따르는군...
2430	SAY.Flowchart.55.IA2-BossRoom	03beb987a1f8c242	섬멸 개시, 표적 고정.
2431	SAY.Flowchart.56.TheKingOfDarkness-UF-BossRoom	09215aba6f951cd3	입을 함부로 놀린 대가를 치르는군...
2432	SAY.Flowchart.60.IA2-BossRoom	725d8f76254be3c3	<경고> 비인가 접근 감지.
2433	SAY.Flowchart.70.TheKingOfDarkness-UF-BossRoom	78bf865919a2f9f8	해냈다. 함선 중추에 들어왔군.
2434	SAY.Flowchart.71.TheKingOfDarkness-UF-BossRoom	6ce4d24f675cd3a2	이렇게 철저히 보호된 곳이라면 {b}{color=#9523d8}아주 귀중한 무언가를...{/color}{/b} 숨기고 있겠군.
2435	SAY.Flowchart.2.Computer-UF-BossRoom	477539e6182e5278	<주의> 역장 개방 중...
2436	SAY.Flowchart.3.TheKingOfDarkness-UF-BossRoom	48ce4ad381f1bd56	주 기계가 이걸 지키느라 열심히 싸웠군...
2437	SAY.Flowchart.7.TheKingOfDarkness-UF-Bunker	99bf5332e8073654	이 문은 두껍고 빈틈없이 닫혀 있군.
2438	SAY.Flowchart.35.TheKingOfDarkness-UF-Bunker	5205fbdfcb1b8571	이 단말기에 연결된 모양이군.
2439	SAY.Flowchart.37.TheKingOfDarkness-UF-Bunker	eb40f56b95d7f267	나는 어둠의 왕이다, 멍청한 기계. 내 명령에 복종하는 게 좋을 거다!
2440	SAY.Flowchart.39.TheKingOfDarkness-UF-Bunker	0b0faabd20ae85c4	음... 정 그렇게 고집을 부린다면...
2441	SAY.Flowchart.40.TheKingOfDarkness-UF-Bunker	8977f16c0acd21d5	좋다. 그 {b}{color=#9523d8}관리자{/color}{/b}라는 자와 이야기해 보지.
2442	SAY.Flowchart.25.Computer-UF-Bunker	db4e0b9b266aedbb	<오류> 파일 접근에 관리자 권한 필요.
2443	SAY.Flowchart.43.TheKingOfDarkness-UF-Bunker	09210a77f4f9d0b1	역시 그렇게 간단할 리는 없지...
2444	SAY.Flowchart.44.TheKingOfDarkness-UF-Bunker	fe6d0ab4e6c2dc1f	{b}{color=#9523d8}이 고물을 충전하고 새 접근 코드를 구해야 한다.{/color}{/b}
2445	SAY.Flowchart.48.Computer-UF-Bunker	68e73dd50e6ab85f	<오류> 마스터 카드 잔량 부족. 카드를 재충전하십시오.
2446	SAY.Flowchart.116.Computer-UF-Bunker	525e5a8dd390936a	<오류> 오래된 인증 정보. 접근 코드를 갱신하십시오.
2447	SAY.Flowchart.100.Computer-UF-Bunker	5f9bc2ff702a3610	식별 확인 중...
2448	SAY.Flowchart.58.Computer-UF-Bunker	b2d0edb8fd238b41	<오류> 마스터 카드 손상.
2449	SAY.Flowchart.59.Computer-UF-Bunker	cd1c6e3405d64a04	정상 작동하는 마스터 카드를 삽입하십시오.
2450	SAY.Flowchart.60.TheKingOfDarkness-UF-Bunker	4e8772b4500fafcb	모든 순환에 걸고!
2451	SAY.Flowchart.61.TheKingOfDarkness-UF-Bunker	41833435838d39ed	다른 단말기가 접근 코드를 갱신하는 동안 열쇠를 망가뜨린 모양이군.
2452	SAY.Flowchart.62.TheKingOfDarkness-UF-Bunker	5304c25f92d4012e	수리할 방법을 찾아야 한다.
2453	SAY.Flowchart.63.TheKingOfDarkness-UF-Bunker	9b812c673d00eba2	어쩌면 {b}{color=#9523d8}관리자{/color}{/b}가 더 할 말이 있을지도 모르겠군...
2454	SAY.Flowchart.69.Computer-UF-Bunker	b2d0edb8fd238b41	<오류> 마스터 카드 손상.
2455	SAY.Flowchart.70.Computer-UF-Bunker	cd1c6e3405d64a04	정상 작동하는 마스터 카드를 삽입하십시오.
2456	SAY.Flowchart.109.TheKingOfDarkness-UF-Bunker	5b8f189c4f22f563	이 고생이 헛되지 않았길 바라야겠군...
2457	SAY.Flowchart.108.Computer-UF-Bunker	5f9bc2ff702a3610	식별 확인 중...
2458	SAY.Flowchart.75.Computer-UF-Bunker	4a167b33ab313f4e	접근 승인.
2459	SAY.Flowchart.76.Computer-UF-Bunker	89c5cbe034677fb2	관리자님, 환영합니다. 저장 장치에 접근하시겠습니까?
2460	SAY.Flowchart.77.TheKingOfDarkness-UF-Bunker	e12b4eac71f30d9b	드디어! 오래도 걸렸군... 진행해라.
2461	SAY.Flowchart.79.TheKingOfDarkness-UF-Bunker	dedfbb599d11c653	작동 방식이 바뀐 모양이군.
2462	SAY.Flowchart.79.TheKingOfDarkness-UF-Bunker	7ac55fa427f725a6	시험해 봐야겠군...
2463	SAY.Flowchart.110.TheKingOfDarkness-UF-Bunker	a460c12c2f4f5a80	거룩한 카오스시여... 기계가 기계를 만들다니...
2464	SAY.Flowchart.111.TheKingOfDarkness-UF-Bunker	38026ba6b47fa1be	마치 하나로는 부족하다는 듯... 여기에 B-69 유닛이 수천 대나 보관돼 있군.
2465	SAY.Flowchart.12.Computer-UF-B4-C	9a7e6f97604e1efc	<항행 데이터 조회>
2466	SAY.Flowchart.13.Computer-UF-B4-C	a0b8a843d0149858	<위치 확보> K/S15-P5-M3
2467	SAY.Flowchart.14.TheKingOfDarkness-UF-B4-C	6ea2a6dc89f70fa9	이 단말기에 항행 지도가 저장되어 있는 모양이군...
2468	SAY.Flowchart.15.TheKingOfDarkness-UF-B4-C	f1724b3bf72790e7	이 {b}{color=#9523d8}좌표가{/color}{/b} 어디로 이어질지 궁금하군.
2469	SAY.Flowchart.13.IA-Warning-A	5e74205848f1705a	<경고> A 갑판에서 유기 생명체 감지.
2470	SAY.Flowchart.14.IA-Warning-A	6637c66038b622c8	최고 단계 억제 루틴 개시.
2471	SAY.Flowchart.15.IA-Warning-A	d1f1be460de6ff8a	내 함선에서 꺼져라, 반항적인 유기체!
2472	SAY.Flowchart.16.TheKingOfDarkness-Warning-A	6a6be0146bc06129	음... 화가 난 모양이군.
2473	SAY.Flowchart.13.IA-Warning-B	835b70e96597313e	<경고> B 갑판에서 유기 생명체 감지.
2474	SAY.Flowchart.14.IA-Warning-B	4deb56a72b7beece	중간 단계 억제 루틴 개시.
2475	SAY.Flowchart.15.IA-Warning-B	8350176c83591640	함선에서 떠나지 않으시면 무력을 사용할 수밖에 없습니다.
2476	SAY.Flowchart.16.TheKingOfDarkness-Warning-B	15dd6980387fd9b1	벌써 그걸 쓰고 있군...
2477	SAY.Flowchart.13.IA-Warning-C	7f12a5e087662348	<경고> C 갑판에서 유기 생명체 감지.
2478	SAY.Flowchart.14.IA-Warning-C	f1281f54fb60b25c	낮은 단계 억제 루틴 개시.
2479	SAY.Flowchart.15.IA-Warning-C	268adf108b739f5e	안전을 위해 함선에서 떠나 주십시오.
2480	SAY.Flowchart.16.TheKingOfDarkness-Warning-C	6eaac39beffcd374	친절하기도 하군. 하지만 조금 더 머물겠다.
2481	SAY.Flowchart.13.IA-Warning-D	eda86e7cfb1216dd	<경고> 비인가 유기 생명체 감지.
2482	SAY.Flowchart.14.IA-Warning-D	94601da0fc53cd61	모든 갑판에 보안 감시병 전개.
2483	SAY.Flowchart.15.IA-Warning-D	a4db984126bcd3b1	요격하라, 전멸시켜라, 소독하라.
2484	SAY.Flowchart.16.TheKingOfDarkness-Warning-D	ae00e34ec2d415f5	참 살벌한 환영이군...
2485	SAY.Flowchart.26.TheKingOfDarkness-CL-BossRoom	d3b5e63d13e9fe6a	이걸 네 시체에 넣으면 어떻게 될까, 덩치?
2486	SAY.Flowchart.35.GiantRobot-CL-BossRoom	1c05c4531781ecc6	<판독 중> 방전된 마스터 카드.
2487	SAY.Flowchart.36.GiantRobot-CL-BossRoom	abd582ec7ee05c1e	<충전 절차 개시>
2488	SAY.Flowchart.38.GiantRobot-CL-BossRoom	ba261a406d552604	섬멸 개시.
2489	SAY.Flowchart.39.TheKingOfDarkness-CL-BossRoom	d1483f6eb711d8cc	젠장!
2490	SAY.Flowchart.40.GiantRobot-CL-BossRoom	725d8f76254be3c3	<경고> 비인가 접근 감지.
2491	SAY.Flowchart.46.TheKingOfDarkness-CL-BossRoom	a11adf0e10578fd5	그게 전부인가, 기계 거인?
2492	SAY.Flowchart.47.TheKingOfDarkness-CL-BossRoom	9d5de2e8dfca7493	음... 카드에 에너지가 충전된 모양이군.
2493	SAY.Flowchart.48.TheKingOfDarkness-CL-BossRoom	ac92c1d6c9edb865	이제 아무 단말기에나 문제없이 접근할 수 있겠군.
2494	SAY.Flowchart.13.TheKingOfDarkness-MAU-Room-X	81723a06db69d5eb	황제의 석주 조각...
2495	SAY.Flowchart.XXX.TheKingOfDarkness-HeartFragment	5019b05fb2dbeed0	심장 조각 하나... 세 개를 모을 때마다 추가 피의 그릇을 만들 수 있겠군.
2496	SAY.Flowchart.13.TheKingOfDarkness-TruthArrows	1c19c953e5afb471	진실의 화살... 신탁이 만든 도구다.
2497	SAY.Flowchart.14.TheKingOfDarkness-TruthArrows	edcd60e241564fba	이 투사체로 신탁의 신전에 스며든 마법에 가려진 현실을 볼 수 있다.
2498	SAY.Flowchart.15.TheKingOfDarkness-TruthArrows	ad62bbd6b845b76e	간단히 말해, 날아가는 길과 꽂히는 곳마다 현실을 보여 주는 수정 화살이다...
2499	SAY.Flowchart.16.TheKingOfDarkness-TruthArrows	f321efebe566f4d2	하지만 {b}{color=#9523d8}신탁의 신전 안에서만 작동한다...{/color}{/b} 그 벽을 벗어나면 쓸모없다.
2500	SAY.Flowchart.17.TheKingOfDarkness-TruthArrows	4f9e85057b4b76ce	시험을 통과하고 신탁의 봉인을 찾으려면 이 화살을 써야 한다.
2501	SAY.Flowchart.18.TheKingOfDarkness-TruthArrows	8ec601f822b77e15	지난번에 여기 왔을 때는 {b}{color=#9523d8}신탁의 눈 세 개가 있었는데...{/color}{/b} 이번엔 별일 없으면 좋겠군.
2502	SAY.Flowchart.13.TheKingOfDarkness-Card-C	4df2867a881641b7	음, 여기에 "C 갑판 출입 카드"라고 적혀 있군...
2503	SAY.Flowchart.14.TheKingOfDarkness-Card-C	2e79f0038f180c4c	이걸로 {b}{color=#9523d8}모함 안을 지나{/color}{/b} 함선 중추까지 갈 수 있겠군.
2504	SAY.Flowchart.13.TheKingOfDarkness-UF-D3	6d21f7d397531349	카드가 또 있군... 이건 B 갑판에 접근하는 데 쓰이는 모양이다.
2505	SAY.Flowchart.13.TheKingOfDarkness-Card-A	2d72656f9829dcc0	또 다른 카드를 찾았군... 이제 A 갑판으로 자유롭게 갈 수 있겠군.
2506	SAY.Flowchart.18.TheKingOfDarkness-Warning-A	d00020b6dc68d993	함선 중추 출입 카드의 두 조각을 찾았군.
2507	SAY.Flowchart.13.TheKingOfDarkness-Switch	52e2393cdcfc79b2	음... 이 해저 요새의 구조를 바꿔 버린 모양이군...
2508	SAY.Flowchart.18.TheKingOfDarkness-Switch	6632a579e03d4073	{b}{color=#9523d8}새로운 경로가 열린 게 분명해,{/color}{/b} 함선을 다시 탐색해 봐야겠군...
2509	SAY.Flowchart.32.TheKingOfDarkness-Warning-A	d5bf789826ab3fd8	음... 카드의 절반처럼 보이는군.
2510	SAY.Flowchart.31.Teleport	79cab9ec8b63ab68	순간이동할 갑판을 선택하십시오.
2511	MENU.Flowchart.51	424372288cafcaf7	중추
2512	MENU.Flowchart.99	5455af108255b940	A 갑판
2513	MENU.Flowchart.100	f3c3b9414bbf2193	B 갑판
2514	MENU.Flowchart.101	b7f386122e7d2e42	C 갑판
2515	MENU.Flowchart.102	54afad5b4be2a4c6	D 갑판
2516	MENU.Flowchart.48	265a0222634a7a2e	없음
2517	SAY.Flowchart.65.Teleport	668cecf5c4026b11	순간이동 중에는 급격한 움직임을 삼가십시오.
2518	SAY.Flowchart.66.Teleport	97f27a0d3839b9f3	D 갑판에 접근하려면 레벨 1 카드가 필요합니다.
2519	SAY.Flowchart.68.Teleport	668cecf5c4026b11	순간이동 중에는 급격한 움직임을 삼가십시오.
2520	SAY.Flowchart.70.Teleport	86f1c690aa44bec2	C 갑판에 접근하려면 레벨 1 카드가 필요합니다.
2521	SAY.Flowchart.80.Teleport	668cecf5c4026b11	순간이동 중에는 급격한 움직임을 삼가십시오.
2522	SAY.Flowchart.82.Teleport	7ac154d36bb85aaf	A 갑판에 접근하려면 레벨 3 카드가 필요합니다.
2523	SAY.Flowchart.74.Teleport	668cecf5c4026b11	순간이동 중에는 급격한 움직임을 삼가십시오.
2524	SAY.Flowchart.76.Teleport	ac94a3784b500548	B 갑판에 접근하려면 레벨 2 카드가 필요합니다.
2525	SAY.Flowchart.86.Teleport	668cecf5c4026b11	순간이동 중에는 급격한 움직임을 삼가십시오.
2526	SAY.Flowchart.88.Teleport	6947493761374057	함선 중추에 접근하려면 레벨 4 카드가 필요합니다.
2527	SAY.Flowchart.35.TheKingOfDarkness-Cosmos-Lobby	84546f01697245a3	코스모스... 창조된 모든 것의 기원...
2528	SAY.Flowchart.36.TheKingOfDarkness-Cosmos-Lobby	74e81c017c36c1ee	그 무한함 속에는 가장 이성적인 인간조차 미치게 할 수많은 미지의 힘과 능력이 깃들어 있지...
2529	SAY.Flowchart.37.TheKingOfDarkness-Cosmos-Lobby	03d7df3d2cfef684	하지만 우주의 수수께끼도 어둠의 왕의 상대는 되지 못한다.
2530	SAY.Flowchart.39.TheKingOfDarkness-Cosmos-Lobby	d13fae9169fefd19	이곳은... 에너지가 흘러나오는군... 모든 순환에 걸고...
2531	SAY.Flowchart.40.TheKingOfDarkness-Cosmos-Lobby	a148b0baf7fd4368	이것이 카오스의 힘이군... 영원의 샘...
2532	SAY.Flowchart.41.TheKingOfDarkness-Cosmos-Lobby	59c7b3d1b132a972	결정체가 이 샘의 힘을 받아 다시 에너지를 얻겠군...
2533	SAY.Flowchart.42.TheKingOfDarkness-Cosmos-Lobby	f92199cf315089c1	카오스의 결정이 정수를 되찾았군.
2534	SAY.Flowchart.XXX43.TheKingOfDarkness-Cosmos-Lobby	de54dff7956ff9a9	무슨 일이 벌어지기 전에 신탁에게 돌아가야겠군...
2535	SAY.Flowchart.51.TheKingOfDarkness-Cosmos-Lobby	d13fae9169fefd19	이곳은... 에너지가 흘러나오는군... 모든 순환에 걸고...
2536	SAY.Flowchart.52.TheKingOfDarkness-Cosmos-Lobby	a148b0baf7fd4368	이것이 카오스의 힘이군... 영원의 샘...
2537	SAY.Flowchart.53.TheKingOfDarkness-Cosmos-Lobby	3f80effec241aadf	당장은 {b}{color=#9523d8}이걸 어떻게 사용할 수 있는지는 모르겠군...{/color}{/b} 하지만 알아내고 말겠다.
2538	SAY.Flowchart.16.TheKingOfDarkness-CosmosQuest	144ec04c4d5f6def	전에 기록자가 우주가 식어 가고 있다고 말하는 걸 들었지...
2539	SAY.Flowchart.15.TheKingOfDarkness-CosmosQuest	40c38a9c9f89ecae	추위... 창조된 모든 것의 최후...
2540	SAY.Flowchart.23.TheKingOfDarkness-CosmosQuest	5f809105a8a58593	그게 사실이라면... 좀 더 좋은 외투를 구해야겠군.
2541	SAY.Flowchart.17.TheKingOfDarkness-CosmosQuest	fda858af6ffbba6c	필멸자들은 우주에서 빛이 선을 상징한다고 믿지.
2542	SAY.Flowchart.18.TheKingOfDarkness-CosmosQuest	9111542caf45453a	무지하군... 빛이 어떤 힘을 지녔는지 알기만 한다면...
2543	SAY.Flowchart.19.TheKingOfDarkness-CosmosQuest	d51073503c9adb4f	카오스의 작품에는 흑과 백으로 딱 나뉘는 게 없다.
2544	SAY.Flowchart.20.TheKingOfDarkness-CosmosQuest	978d266a7db2a366	어떤 필멸자라도 어둠이 죽음과 질병, 고통을 가져온다고 말하겠지...
2545	SAY.Flowchart.21.TheKingOfDarkness-CosmosQuest	ad005f74e64cc137	내게는 빛과 다를 바 없지만, 빛만큼 허세를 부리진 않지.
2546	SAY.Flowchart.22.TheKingOfDarkness-CosmosQuest	eb468d046b94d57f	빛과 어둠의 진정한 본질을 아는 자는 극소수뿐이다...
2547	SAY.Flowchart.14.TheKingOfDarkness-CosmosQuest	0d3f3b51967f7af5	우리는 불에서 태어나 불로 돌아간다...
2548	SAY.Flowchart.13.TheKingOfDarkness-CosmosQuest	774a01fa8a821a42	불... 카오스의 정화 도구.
2549	SAY.Flowchart.24.TheKingOfDarkness-CosmosQuest	a4a4f633a3535b58	뭐... 필멸자일 행운을 누리는 자들이라면 말이지.
2550	SAY.Flowchart.7.TheKingOfDarkness-Eyes-Temple	eeb0dd4f52332f6f	신탁의 눈 중 하나군...
2551	SAY.Flowchart.24.TheKingOfDarkness-Eyes-Temple	2b76618f0ca2a347	신탁의 눈을 하나 더 찾았군... 이제 하나만 남았다.
2552	SAY.Flowchart.28.TheKingOfDarkness-Eyes-Temple	a8d146c09d25baae	끝났다... 신탁의 눈 세 개를 모두 찾았다.
2553	SAY.Flowchart.31.TheKingOfDarkness-Eyes-Temple	2cefb9a974e21da3	이제 {b}{color=#9523d8}신탁을 알현할 수 있겠군...{/color}{/b}
2554	SAY.Flowchart.17.TheKingOfDarkness-IS-J	fd1fcca912d112e2	이건 {b}{color=#9523d8}신탁의 방을 여는 장치군...{/color}{/b} 지난번과 같군...
2555	SAY.Flowchart.15.TheKingOfDarkness-IS-J	86af2c9a7cfc8327	잔꾀나 부리더니 겁쟁이기까지 하군... 그래! 거기 안에 처박혀서 다시는 나오지 마라.
2556	SAY.Flowchart.13.TheKingOfDarkness-IS-J	ec4b10214a936090	수집가가 준 램프에 들어 있다는 짐승이 실재한다면, 이곳에서 풀어 주는 게 딱 좋겠군.
2557	SAY.Flowchart.14.TheKingOfDarkness-IS-J	c6a3e4ddb0b18724	그 안에 뭐가 들었는지 보자, 쓸모없는 고철 덩어리야...
2558	SAY.Flowchart.52.MapSeller-Random	19f2db596f48b5ef	카오스께 축복이 있기를! 잠시 제 안경이 절 속이는 줄 알았습니다...
2559	SAY.Flowchart.53.MapSeller-Random	ed678cf24bc41eb8	어둠의 왕께서 직접 오시다니!
2560	SAY.Flowchart.54.MapSeller-Random	269dbdf4ed38af3c	폐하의 앞에 설 자격도 없는 몸입니다. 용서해 주십시오...
2561	SAY.Flowchart.55.TheKingOfDarkness-Map-Seller	5f30e68025f8c05f	아첨은 좋아하지만, 너무 나가지는 마라...
2562	SAY.Flowchart.56.TheKingOfDarkness-Map-Seller	cfa6f845b4c80419	누구냐, 노인장?
2563	SAY.Flowchart.57.MapSeller-Random	2474c5657a7d60e8	드레이크 6세, 분부만 내려 주십시오. 고고학자이자 역사가이며, 잃어버린 문명을 사랑합니다.
2564	SAY.Flowchart.58.TheKingOfDarkness-Map-Seller	3240c9537c2e135b	오, 이런...
2565	SAY.Flowchart.59.MapSeller-Random	671a08a96d9facf8	제가 얼마나 부러워하는지 모르실 겁니다...
2566	SAY.Flowchart.60.MapSeller-Random	4a052a1f1982e4ae	여러 시대를 살아오셨고... 수많은 제국의 흥망을 지켜보셨으니...
2567	SAY.Flowchart.61.TheKingOfDarkness-Map-Seller	e668f96fbe848e4d	아니, 제발...
2568	SAY.Flowchart.62.MapSeller-Random	2f983bb30b538b9d	폐하께 여쭙고 싶은 것이 정말 많습니다!
2569	SAY.Flowchart.63.TheKingOfDarkness-Map-Seller	cd52a60b5afa879b	꿈도 꾸지 마라! 난 말하는 백과사전이 아니다.
2570	SAY.Flowchart.64.MapSeller-Random	ab201fe190202c5e	용서해 주십시오, 폐하. 제가 열정에 휩쓸리고 말았습니다...
2571	SAY.Flowchart.65.MapSeller-Random	dfc3941fe89df46e	속죄의 뜻으로 말씀드리자면, 저는 탐험가일 뿐 아니라 뛰어난 지도 제작자이기도 합니다.
2572	SAY.Flowchart.66.TheKingOfDarkness-Map-Seller	3ad2ff0e21cb8e65	지도 제작자라고?
2573	SAY.Flowchart.67.MapSeller-Random	82194abab8a4b14e	제가 탐험한 {b}{color=#9523d8}모든 영토의 지도{/color}{/b}를 보관하고 있습니다... 아주 흥미로운 장소와 유물에 관한 귀중한 {b}{color=#9523d8}정보{/color}{/b}도 말입니다...
2574	SAY.Flowchart.80.MapSeller-Random	24b5853ea7e07f16	폐하의 지도에 표시된 화살표가 항상 가야 할 곳을 알려 주는 건 아닙니다...
2575	SAY.Flowchart.81.MapSeller-Random	0a9729237ee0cbb3	언젠가 도움이 필요하시면, 기꺼이 제 서비스를 제공하겠습니다
2576	SAY.Flowchart.51.MapSeller-Random	eda78cd7f259de88	무엇을 도와드릴까요, 어둠의 왕이시여?
2577	MENU.Flowchart.68	739215889580345e	예
2578	MENU.Flowchart.77	1ea442a134b2a184	아니오
2579	SAY.Flowchart.88.MapSeller-Random	d10ff9c0e899701d	폐하, 보유하신 자금이 충분하지 않습니다.
2580	SAY.Flowchart.89.MapSeller-Random	8a232d4628a25b24	도그마를 더 모으신 뒤에 돌아와 주십시오.
2581	SAY.Flowchart.124.MapSeller-Random	162a41290ff6e53a	여기 있습니다, 폐하. 폐하의 여정에 도움이 되기를 바랍니다!
2582	SAY.Flowchart.126.TheKingOfDarkness-Map-Seller	046ef864c11e5e19	내가 직접 탐험하는 편이 낫다. 아마 다음 기회에.
2583	SAY.Flowchart.127.MapSeller-Random	2992f561ecf3e0b6	분부대로 하겠습니다, 폐하.
2584	SAY.Flowchart.129.MapSeller-Random	34c4237d2a704305	행운을 빕니다. 곧 다시 뵐 수 있기를 바랍니다.
2585	SAY.Flowchart.7.TheKingOfDarkness-InfiniteSea-V	a74c61ecf80d6aed	{b}{color=#9523d8}무한한 조합이라고?{/color}{/b} 젠장, 신탁...
2586	SAY.Flowchart.23.TheKingOfDarkness-InfiniteSea-V	69a2729d5136dc1d	불멸이긴 해도 이런 일에 시간을 쓸 여유는 없다.
2587	SAY.Flowchart.25.TheKingOfDarkness-InfiniteSea-V	52e740efccb3ed43	{b}{color=#9523d8}수수께끼의 글자가 뭔지는 이제 알겠군...{/color}{/b} 운을 시험해 보자. <sprite name="move"> 눌러 이 바퀴를 돌리고 <sprite name="acept"> 눌러 기호를 선택하면 된다.
2588	SAY.Flowchart.37.TheKingOfDarkness-InfiniteSea-V	50797c2658872066	신탁의 술수 중 하나 같군...
2589	SAY.Flowchart.40.TheKingOfDarkness-PalaceQuest	4af957bf4ef82cb7	탑 하나는 이미 어둠을 뿜어내고 있다... {b}{color=#9523d8}하지만 다른 하나가 남아 있다.{/color}{/b}
2590	SAY.Flowchart.43.TheKingOfDarkness-PalaceQuest	f358270d7fadac9f	두 탑이 어둠의 정수를 풀어놓자, 빛의 영향력이 약해졌다...
2591	SAY.Flowchart.44.TheKingOfDarkness-PalaceQuest	ea06f1382049f046	드디어 길이 뚫렸다.
2592	SAY.Flowchart.45.TheKingOfDarkness-PalaceQuest	41e7abcce565cdc2	좋아... 이제 이 탑에서 어둠이 퍼지기 시작할 거다...
2593	SAY.Flowchart.46.TheKingOfDarkness-PalaceQuest	3388f130faea2857	가라... 내 어둠의 정수를 궁전 전체에 퍼뜨려라...
2594	SAY.Flowchart.33.TheKingOfDarkness-PalaceQuest	cd7ebdd829aec633	아이테르나 궁전... 즐거운 나의 집이군...
2595	SAY.Flowchart.34.TheKingOfDarkness-PalaceQuest	35c035279bad762e	이 모든 순환 속에서, 궁전 벽 안에서만 행복에 가까운 감정을 느꼈다...
2596	SAY.Flowchart.35.TheKingOfDarkness-PalaceQuest	d95d1bc912892c42	궁전 중앙 구역은 빛으로 가득하다...
2597	SAY.Flowchart.36.TheKingOfDarkness-PalaceQuest	232ca2072afe0627	왕좌실에 가려면, 내 어둠의 정수로 {b}{color=#9523d8}먼저 탑들을 타락시켜야 한다{/color}{/b}.
2598	SAY.Flowchart.37.TheKingOfDarkness-PalaceQuest	81dc3746410ba1d4	그래야만 길을 뚫을 수 있다
2599	SAY.Flowchart.14.TheKingOfDarkness-MAU-Entrance	16185510f52ab99a	음... 오르간에 숨겨진 열쇠가 이 문에 맞을 것 같군...
2600	SAY.Flowchart.17.TheKingOfDarkness-MAU-Entrance	a8276e9c14fa5d6a	확인할 방법은 하나뿐이다.
2601	ACHIEVEMENT.TK.finish	d849944e1a22f5e3	왕들의 신전
2602	ACHIEVEMENT.TK.finish.description	619db9bc749286b9	왕들의 신전 던전 10개를 성공적으로 완료하라 (Noctis)
2603	ACHIEVEMENT.TK.dungeon1	e4ecf4622a81ddfd	이것은 시작일 뿐
2604	ACHIEVEMENT.TK.dungeon1.description	b3ebbb0243821173	왕들의 신전 첫 번째 던전을 성공적으로 완료하라 (Noctis)
2605	ACHIEVEMENT.TK.dungeon2	490f6d4fde6a49e7	쉽고 빠르게
2606	ACHIEVEMENT.TK.dungeon2.description	79389750df2b9b6a	왕들의 신전 두 번째 던전을 성공적으로 완료하라 (Noctis)
2607	ACHIEVEMENT.TK.dungeon3.description	232828dd4740e233	왕들의 신전 세 번째 던전을 성공적으로 완료하라 (Noctis)
2608	ACHIEVEMENT.TK.dungeon4	a0aa584a3fd6b585	점점 복잡해지는군
2609	ACHIEVEMENT.TK.dungeon4.description	ae4bbc5c2902202e	왕들의 신전 네 번째 던전을 성공적으로 완료하라 (Noctis)
2610	ACHIEVEMENT.TK.dungeon5	9a21d97f58690b9b	더 심한 일도 겪어 봤다
2611	ACHIEVEMENT.TK.dungeon5.description	abc27bc90f31bfbb	왕들의 신전 다섯 번째 던전을 성공적으로 완료하라 (Noctis)
2612	ACHIEVEMENT.TK.dungeon6.description	024f99eaca6e6dd8	왕들의 신전 여섯 번째 던전을 성공적으로 완료하라 (Noctis)
2613	ACHIEVEMENT.TK.dungeon7	d84c5b4ff3297757	슬슬 고통스럽군
2614	ACHIEVEMENT.TK.dungeon7.description	44c47c57e8934640	왕들의 신전 일곱 번째 던전을 성공적으로 완료하라 (Noctis)
2615	ACHIEVEMENT.TK.dungeon8	0949029f90da1d55	영혼이 버티질 못하겠군
2616	ACHIEVEMENT.TK.dungeon8.description	48abfe63e182b2de	왕들의 신전 여덟 번째 던전을 성공적으로 완료하라 (Noctis)
2617	ACHIEVEMENT.TK.dungeon9	f0e35725a8de476e	스트레스가 너무 심하군
2618	ACHIEVEMENT.TK.dungeon9.description	fd3b28916478ef77	왕들의 신전 아홉 번째 던전을 성공적으로 완료하라 (Noctis)
2619	ACHIEVEMENT.TK.dungeon10	2e9be854bfb40894	휴가가 필요하다
2620	ACHIEVEMENT.TK.dungeon10.description	5b7c5149c5dca498	왕들의 신전 열 번째 던전을 성공적으로 완료하라 (Noctis)
2621	ACHIEVEMENT.WF.devourer.nodamage	80c921c0411d0968	포식당한 포식자
2622	ACHIEVEMENT.WF.devourer.nodamage.description	ce5e929df68468b6	전투 중 피해를 입지 않고 포식자를 처치하라 (Noctis)
2623	ACHIEVEMENT.HR.slime.nodamage	a243659b5a2760d9	뭐든 흘려보낸다
2624	ACHIEVEMENT.HR.slime.nodamage.description	e7a498b07be44f90	전투 중 피해를 입지 않고 하수도 슬라임을 처치하라 (Noctis)
2625	ACHIEVEMENT.HR.garibaldi.nodamage	5fa8fcf27bb7de2d	내 이름을 말해 봐
2626	ACHIEVEMENT.HR.garibaldi.nodamage.description	ec29ddfb6f71a301	전투 중 피해를 입지 않고 가리발디를 처치하라 (Noctis)
2627	ACHIEVEMENT.LT.sword.nodamage	da69f2eb1549373e	무딘 칼날
2628	ACHIEVEMENT.LT.sword.nodamage.description	a26c25e8b4201c6e	전투 중 피해를 입지 않고 빛의 탑의 검을 처치하라 (Noctis)
2629	ACHIEVEMENT.MA.emperor.nodamage	6fe72f78ac8cefa6	넌 황제겠지만, 왕은 나다
2630	ACHIEVEMENT.MA.emperor.nodamage.description	9014300c467616a4	전투 중 피해를 입지 않고 황제를 처치하라 (Noctis)
2631	ACHIEVEMENT.TF.phoenix.nodamage	d27846f4fcdfe34f	불에도 끄떡없다
2632	ACHIEVEMENT.TF.phoenix.nodamage.description	c47b7f5627c8b0db	전투 중 피해를 입지 않고 불사조를 처치하라 (Noctis)
2633	ACHIEVEMENT.AC.wormorok.nodamage	01e3c63341f38dd3	고작 벌레였군
2634	ACHIEVEMENT.AC.wormorok.nodamage.description	892a963d07847e68	전투 중 피해를 입지 않고 워모록을 처치하라 (Noctis)
2635	ACHIEVEMENT.CL.robot.nodamage	0a684ac76c41cf5f	차라리 철골이나 구부려라
2636	ACHIEVEMENT.CL.robot.nodamage.description	5f6f2373dd6d2892	전투 중 피해를 입지 않고 빛의 요람 로봇을 처치하라 (Noctis)
2637	ACHIEVEMENT.IS.beholder.nodamage	cbe949023c18be3a	널 눈여겨봤다
2638	ACHIEVEMENT.IS.beholder.nodamage.description	f56dcfc04ba59873	전투 중 피해를 입지 않고 응시자를 처치하라 (Noctis)
2639	ACHIEVEMENT.UF.AI.nodamage.description	54c7a2b5b681f65a	전투 중 피해를 입지 않고 AI를 처치하라 (Noctis)
2640	ACHIEVEMENT.EW.wiseman.nodamage	c50848baeb3efcab	용 사냥꾼
2641	ACHIEVEMENT.EW.wiseman.nodamage.description	449c9239ef80e9b3	전투 중 피해를 입지 않고 현자를 처치하라 (Noctis)
2642	ACHIEVEMENT.AB.kingclone.nodamage	af8013f96c8e704e	너를 너무 잘 안다
2643	ACHIEVEMENT.AB.kingclone.nodamage.description	2dbd362e437a44f6	전투 중 피해를 입지 않고 왕의 그림자를 처치하라 (Noctis)
2644	ACHIEVEMENT.CO.chaos.nodamage	bb015bae5261bd2d	12파섹 이내로
2645	ACHIEVEMENT.CO.chaos.nodamage.description	72fdb1f95036f1b5	도주 중 피해를 입지 않고 카오스에게서 탈출하라 (Noctis)
2646	ACHIEVEMENT.RS.general.nodamage	30abf24a787dd7dd	진짜 닌자는 나다
2647	ACHIEVEMENT.RS.general.nodamage.description	0d837b2e9a3b50bb	전투 중 피해를 입지 않고 최고 오로라를 처치하라 (Noctis)
2648	ACHIEVEMENT.AP.queen.nodamage.description	9742c96b6a50ce66	전투 중 피해를 입지 않고 빛의 여왕을 처치하라 (Noctis)
2649	ACHIEVEMENT.AC.wormorok.25eggs	ce522ed51a347fb1	저녁은 오믈렛이다
2650	ACHIEVEMENT.AC.wormorok.25eggs.description	303ada60a373652f	알 25개를 가로챈 뒤 워모록을 처치하라 (Noctis)
2651	ACHIEVEMENT.TF.phoenix.noteleport.description	12f640ba25242565	순간이동 화살 없이 불사조를 처치하라 (Noctis)
2652	ACHIEVEMENT.CL.robot.nodoublejump	e61671fcc79c65f2	하늘은 너무 멀다
2653	ACHIEVEMENT.CL.robot.nodoublejump.description	acbc3917fe1e80db	이중 점프 없이 빛의 요람 로봇을 처치하라 (Noctis)
2654	ACHIEVEMENT.EW.wiseman.find10times	fe7691af1a3772fc	잡았다!
2655	ACHIEVEMENT.EW.wiseman.find10times.description	e67105a12a270c1e	현자를 10번 찾아내라
2656	ACHIEVEMENT.MA.finish	59e13f87d01ae730	파묘
2657	ACHIEVEMENT.MA.finish.description	0c0c12ff0242653d	영묘를 성공적으로 완료하라 (Noctis)
2658	ACHIEVEMENT.UF.AI.nohealing.description	d02e41b72cb30167	AI가 치유하지 못하게 하고 처치하라 (Noctis)
2659	ACHIEVEMENT.IS.beholder.nofool	a4c7441b2fbbce4b	예리한 눈
2660	ACHIEVEMENT.IS.beholder.nofool.description	7d9385f8f28629b8	복제체에게 속지 않고 응시자를 처치하라 (Noctis)
2661	ACHIEVEMENT.LT.sword.nopuzzlefail.description	8961bc733b4301cb	탑의 수호자 퍼즐을 첫 시도에 완료하라 (Noctis)
2662	ACHIEVEMENT.GAME.finishtutorial	eeb602f9598f9f98	이제 준비됐군!
2663	ACHIEVEMENT.GAME.finishtutorial.description	625df9a73f15bf10	튜토리얼을 완료하라
2664	ACHIEVEMENT.GAME.die1000times	460fd73cffc21670	불멸은 지긋지긋하다
2665	ACHIEVEMENT.GAME.die1000times.description	83d845a5e2dde5d8	1,000번 죽어라
2666	ACHIEVEMENT.GAME.heal1000times	ed2c6408d8889cbe	의사 선생님이 왔다
2667	ACHIEVEMENT.GAME.heal1000times.description	82b63930ace3e16c	1,000번 치유하라
2668	ACHIEVEMENT.LORE.finishcollection	beb2cb39e0007c37	모두 모아라
2669	ACHIEVEMENT.LORE.finishcollection.description	6a80bac3cc0e0aa9	수집 도감을 완료하라
2670	ACHIEVEMENT.LORE.finishallquests	a2f41c8bb9ee2318	박학다식
2671	ACHIEVEMENT.LORE.finishallquests.description	f0dd01f7481755b1	모든 임무를 완료하라 (Noctis)
2672	ACHIEVEMENT.LORE.escapefromwotf	b0aa7543de3d48f8	이곳은 마음에 안 든다
2673	ACHIEVEMENT.LORE.escapefromwotf.description	7b03d233405ef5cb	스러진 자들의 황야에서 탈출하라
2674	ACHIEVEMENT.LORE.climblighttower	6990caa73248f647	아찔하군
2675	ACHIEVEMENT.LORE.climblighttower.description	bb331eab2bb5468f	빛의 탑 정상에 도달하라
2676	ACHIEVEMENT.LORE.finishcradle	7212fb12c7fba175	전선이 빠졌다
2677	ACHIEVEMENT.LORE.finishcradle.description	bc1e74f2c24bb00d	빛의 요람 로봇을 처치하라
2678	ACHIEVEMENT.LORE.finishforge	9509ef276ab94ad2	불을 꺼라
2679	ACHIEVEMENT.LORE.finishforge.description	b9f0f056bed34b21	대장간에서 불사조를 처치하라
2680	ACHIEVEMENT.LORE.escapefromwotfagain	7daaecca3e478333	여기 와 본 적 있다
2681	ACHIEVEMENT.LORE.escapefromwotfagain.description	a5c696ce9b359cf3	스러진 자들의 황야에서 탈출하라... 또다시
2682	ACHIEVEMENT.LORE.visitoracle.description	f5f06613a66ca04b	무한의 바다에서 신탁을 만나러 가라
2683	ACHIEVEMENT.LORE.finishuf	ab243cc23e06a687	플러그를 뽑아라
2684	ACHIEVEMENT.LORE.finishuf.description	862d4463bb7cc029	해저 요새에서 AI를 처치하라
2685	ACHIEVEMENT.LORE.finishabyss	565f18744baf6f0e	Doppelgänger
2686	ACHIEVEMENT.LORE.finishabyss.description	f262e9e2bd6738c4	심연에서 왕의 그림자를 처치하라
2687	ACHIEVEMENT.LORE.escapefromchaos	0251ae2ebe9794b5	도망쳐라, 이 어리석은 것들아!
2688	ACHIEVEMENT.LORE.escapefromchaos.description	61e6ed278db339ef	코스모스에서 카오스를 피해 달아나라
2689	ACHIEVEMENT.LORE.gettothepalace	b8dcf9c13028f06c	천국으로 가는 계단
2690	ACHIEVEMENT.LORE.gettothepalace.description	cefd199a76becf37	왕궁까지 올라가라
2691	ACHIEVEMENT.LORE.endofhistory.description	6b25129abc95b9ea	빛의 여왕을 처치하고 순환을 끊어라
2693	ZONEMAP.Aeterna Palace.1.-1834494	c5cd4e320fa9988d	경비탑#식당
2694	ZONEMAP.Aeterna Palace.2.-1834518	fb2ee7b73830277d	왕들의 거처#안뜰
2695	ZONEMAP.Aeterna Palace.3.-1834542	f1f3a1e4aa28cee1	왕들의 거처#대전당
2696	ZONEMAP.Aeterna Palace.4.-1834566	5b72bd1919f48822	사절의 탑#홀
2697	ZONEMAP.Aeterna Palace.5.-1834590	0815244f2b5d1c40	경비탑#동쪽 성가퀴
2698	ZONEMAP.Aeterna Palace.6.-1834614	1dd9f49efb93a5a5	경비탑#무기고
2699	ZONEMAP.Aeterna Palace.7.-1834638	e788ebf85bab9a56	왕들의 거처#손님 구역
2700	ZONEMAP.Aeterna Palace.8.-1834662	db0f6fb4ce311853	왕들의 거처#보안 경계
2701	ZONEMAP.Aeterna Palace.9.-1834686	c03c2195a31ca67b	사절의 탑#바늘 회랑
2702	ZONEMAP.Aeterna Palace.10.-1834710	e33a4e3a9e4e9040	경비탑#서쪽 성가퀴
2703	ZONEMAP.Aeterna Palace.11.-1834734	cd4fd2dab5ccfd5b	궁전 외부#서쪽 날개
2704	ZONEMAP.Aeterna Palace.12.-1834758	b98cea38a684b712	궁전 외부#동쪽 날개
2705	ZONEMAP.Aeterna Palace.13.-1834782	851ad7818f25ccae	사절의 탑#휴게 구역
2706	ZONEMAP.Aeterna Palace.14.-1834806	accd7dd9f46c790e	경비탑#외부 복도
2707	ZONEMAP.Aeterna Palace.15.-1834830	fb2a769291e722c0	왕들의 거처#욕장
2708	ZONEMAP.Aeterna Palace.16.-1834854	9d34e48c2a047a28	사절의 탑#테라스
2709	ZONEMAP.Aeterna Palace.17.-4532152	b35fa12ad54ef645	경비탑#망루
2710	ZONEMAP.Aeterna Palace.18.-4424210	c156d01c0e1f593a	경비탑#정상
2711	ZONEMAP.Aeterna Palace.19.-4424234	c1e855439263f1ba	사절의 탑#회랑
2712	ZONEMAP.Aeterna Palace.20.-4424258	8e8508192c68bc1d	사절의 탑#정상
2713	ZONEMAP.Aeterna Palace.21.-4424282	a4cd6e765cd0d79b	전실#왕들의 문
2714	ZONEMAP.Aeterna Palace.22.-12484630	508401ef5721c8a2	군주실#아이테르나의 옥좌
2715	ZONEMAP.Cosmos .Station.-1833974	3c9af7d58bffc3b5	우주 정거장#카이퍼대
2716	SAY.Flowchart.7.KingOfDarkness-SewerBattle	f1288f1e533918d4	더럽고 습기 찬 쓰레기투성이 장소라... 끈적한 괴물을 사냥하기엔 딱 좋군.
2717	SAY.Flowchart.22.KingOfDarkness-SewerBattle	bdef35641e3a0a85	이제 수집가가 준 미끼를 쓸 때다...
2718	SAY.Flowchart.25.KingOfDarkness-SewerBattle	5462ecff05a1040e	역겹군... 차라리 놈의 시체를 짊어지고 다니는 편이 나았을 텐데...
2719	SAY.Flowchart.26.KingOfDarkness-SewerBattle	490db0e508da0dcb	아무튼, 수집가가 위산 청소를 싫어하지 않길 바라야겠군...
2720	ShopItem.ShopHeart1.Description	2feca7ad777ed76a	활력의 심장 조각 하나다. 3개를 모으면 온전한 심장이 된다.
2721	ShopItem.DarkMaterial1.Description	516fdd1913ed3a89	어둠이 깃든 원소로, 힘의 보석을 되살리는 데 매우 유용하다.
2722	ShopItem.SkillPoint1.Description	ddf841a34ed68161	스킬 트리를 강화할 스킬 포인트 1점을 부여한다.
2723	ShopItem.Ticket TAL.Description	0a18bafcda94b9d4	TAL 레일 시스템을 이용해 여러 역 사이를 이동할 수 있다.
2724	ShopItem.Vessel.Description	f4d6524c4d7f1335	적이 추가로 떨어뜨리는 피를 모으는 그릇이다.
2725	ShopItem.ItemSlot.Description	67618b62d81a1a3f	보석을 장착할 슬롯을 하나 얻는다.
2726	ShopItem.ThroneLocation.Name	fe9e58ffbc629098	왕의 길
2727	ShopItem.ThroneLocation.Description	13552629864a385b	이 지역에 있는 모든 왕좌의 위치를 드러낸다.
2728	ShopItem.MapArea.Name	df188a9708874ca4	지역 지도
2729	ShopItem.XXXX.Description	0b8305cfc85eec8e	이 지역에서 발견한 관심 지점과 아이템의 위치를 저장할 수 있다.
2730	ShopItem.RedMapMarker.Name	b6061c24eab63f82	붉은 표식
2731	ShopItem.RedMapMarker.Description	02f6fb7aa5197322	지도에 사용자 지정 위치를 표시할 수 있다. 붉은 표식을 최대 4개까지 보유할 수 있다.
2732	ShopItem.BlueMapMarker.Name	fa3874de03d3dab0	푸른 표식
2733	ShopItem.BlueMapMarker.Description	2357db4c2a9b9a2d	지도에 사용자 지정 위치를 표시할 수 있다. 푸른 표식을 최대 4개까지 보유할 수 있다.
2734	ShopItem.GreenMapMarker.Name	5c47a980f495b7a4	초록 표식
2735	ShopItem.GreenMapMarker.Description	63375bfcbdc4c009	지도에 사용자 지정 위치를 표시할 수 있다. 초록 표식을 최대 4개까지 보유할 수 있다.
2736	ShopItem.SecretLocation.Name	b25645e95711963f	지식의 지도첩
2737	ShopItem.SecretLocation.Description	f083d53afbe3c5c8	종류는 알려 주지 않고 이 지역의 모든 비밀 위치를 드러낸다.
2738	ShopItem.RechargeDarkPortal.Name	3aa3e9f764760f80	차원 충전
2739	ShopItem.RechargeDarkPortal.Description	2d2ccd7ec709bf0e	차원 유리병을 충전한다.
2740	ShopItem.DarkPortalSlot.Name	6ab4737ce2c82209	차원 유리병
2741	ShopItem.DarkPortalSlot.Description	e8a33ab6decbe20e	새로운 차원 유리병을 얻는다.
2742	SAY.Flowchart.129.Merchant-Shop	da45d6393a051595	잘 가, 친구! 곧 다시 와, 응.
2743	SAY.Flowchart.81.Merchant-Shop	327808c33f59f770	그거 살 도그마 부족해, 친구.
2744	SAY.Flowchart.90.Merchant-Shop	94a82f654c803d59	돈 더 가지고 다시 와.
2745	SAY.Flowchart.86.Merchant-Shop	1a585480d3511ccb	착한 아스누르랑 흥정하지 마.
2746	SAY.Flowchart.87.Merchant-Shop	fff6ae0be12a241f	여긴 사러 오는 곳, 구경하는 곳 아냐!
2747	SAY.Flowchart.80.Merchant-Shop	c7a603477f20b5be	좋아, 예뻐, 싸.
2748	SAY.Flowchart.104.Merchant-Shop	4b6b45d2b033b6f1	현명한 선택, 친구.
2749	SAY.Flowchart.110.Merchant-Shop	4a454129fe367994	값은 {b}{$Cost} 도그마{/b}.
2750	MENU.Flowchart.113	5192da8be5f4bc60	구매
2751	MENU.Flowchart.120	bb9dbb406dcbd524	취소
2752	SAY.Flowchart.117.Merchant-Shop	c434f8bad481581f	이제 착한 아스누르 슬퍼.
2753	SAY.Flowchart.125.Merchant-Shop	d22da9bbd006d7f2	물건 관심 있어, 응?
2754	SAY.Flowchart.517.TheChronicler-Library	df75a25254e904ca	왕들의 신전 문을 전부 열었구나, 오랜 친구...
2755	SAY.Flowchart.518.TheChronicler-Library	5b6ccc6f48d60a27	이제 문들이 간직하던 힘은 네 것이야... 그리고 그 사실은 내 서재에 기록됐어.
2756	SAY.Flowchart.520.TheChronicler-Library	b9285ec297f61198	이 놀라운 업적에 대한 보상이야... 넌 순환마다 이걸 해내고 있잖아.
2757	SAY.Flowchart.527.TheKingOfDarkness-Library	17b9432ee27deef1	고맙다, 기록자.
2758	SAY.AltarMecanics.1.TheKingOfDarknessWOTFTown	c08283c720df25f8	제단의 나머지 조각들을 찾아야 한다.
2759	ZONEMAP.Cuna de la Luz.Estacion.-2097982	fff0efed5cc0e596	남서쪽 공동#역
2760	ZONEMAP.Paramo de los Caidos.Tienda.-381036	99a6115e504503f3	굶주린 도시#아스누르의 상점
2761	SAY.Flowchart.158.Blacksmith-Forge-3	8bdc41ff4389172e	하지만 제 손으로는 어둠의 무기를 벼릴 수 없습니다...
2762	SAY.Flowchart.159.Blacksmith-Forge-3	97bfd88d2464dcbd	대신, {b}{color=#9523d8}힘을 잃은 어둠의 보석을 되살려 드릴 수 있습니다{/color}{/b}.
2763	SAY.Flowchart.179.Blacksmith-Forge-3	06bda57df6aed20e	예전에 폐하의 무기에 박혀 있던 보석은 새로운 순환이 시작될 때마다 늘 힘을 잃게 됩니다...
2764	SAY.Flowchart.191.Blacksmith-Forge-3	2f9548ab3e40c9c0	되살리고 싶은 보석이 있으십니까, 폐하?
2765	SAY.Flowchart.XXX239.Blacksmith-Forge-3	2f9548ab3e40c9c0	되살리고 싶은 보석이 있으십니까, 폐하?
2766	SAY.Flowchart.238.Blacksmith-Forge-3	2f9548ab3e40c9c0	되살리고 싶은 보석이 있으십니까, 폐하?
2767	SAY.Flowchart.188.	3f6e1c105caf32d2	폐하께는 보석이 하나도 없습니다.
2768	SAY.Flowchart.236.Blacksmith-Forge-3	20826290932feff1	여기 폐하의 보석이 있습니다.
2769	SAY.Flowchart.237.TheKingOfDarkness-Forge-3	6fb50011e400775c	훌륭한 솜씨군... 명장에게 걸맞은 작품이다.
2770	SAY.Flowchart.166.Blacksmith-Forge-3	b6199e5cc379f43c	불의 힘이 폐하를 인도하기를.
2771	SAY.Flowchart.239.Blacksmith-Forge-3	693685ee80d8ab68	어둠의 재료 견본이 없으면 아무것도 할 수 없습니다...
2772	SAY.Flowchart.169.Blacksmith-Forge-3	87c80c2524309121	더 찾으신 뒤 돌아오십시오.
2773	SAY.Flowchart.171.TheKingOfDarkness-Forge-3	3d388c624ed05044	반갑군, 명장.
2774	SAY.Flowchart.172.Blacksmith-Forge-3	1b4b2fe2a9a10295	나만의 지옥에 오신 것을 환영합니다, 어둠의 왕이시여.
2775	SAY.Flowchart.223.Blacksmith-Forge-3	dfc207b5e89298c7	필요한 재료는 {b}{$Cost}개의 어둠의 재료{/b}입니다.
2776	MENU.Flowchart.225	5192da8be5f4bc60	구매
2777	MENU.Flowchart.226	bb9dbb406dcbd524	취소
2778	SAY.Flowchart.240.	f93731486d4badcc	원하시는 대로 하십시오.
2779	Quest.Quest29.title	71e5457bd493eb72	명인의 칼날
2780	Quest.QuestXX.stage_X.description	618fa69d4895ba32	손잡이를 찾아 검객을 쓰러뜨려 내 실력을 증명해야 한다.
2781	Quest.Quest29.stage_2.description	244c524005c05a44	손잡이를 손에 넣고 검객을 쓰러뜨렸다. 노인장에게 돌아가야 한다.
2782	Quest.Quest30.title	5ac824f603c2a331	피의 수리검
2783	Quest.Quest30.stage_1.description	5701b3515e3f6001	구름 위 신전에 숨겨진 종을 가져와 내 민첩함을 증명해야 한다.
2784	Quest.QuestXXX.stage_XXX.description	9c3fcfde90f99f5e	시험을 통과했다. 피의 수리검은 내 것이 될 거다.
2785	Quest.Quest31.title	7f038b57a30b7d3a	고귀한 무기의 비밀
2786	Quest.Quest31.stage_1.description	4946bb60151c2ff4	명인의 칼날로 적 43명을 쓰러뜨려야 한다.
2787	Quest.Quest31.stage_2.description	17c0ecdbe2579a10	이제 43명이 된 것 같다... 노인장에게 알려야 한다.
2788	Quest.Quest32.title	e7ed3d4d53e3c1ae	내 이름이 새겨진 화살
2789	Quest.Quest32.stage_1.description	69dec95cead41d0f	오염된 장소를 찾아 천상의 동반자를 타락시키고 어둠의 화살을 얻어야 한다.
2790	Quest.Quest33.title	39c94f02a0027060	피의 비
2791	Quest.Quest33.stage_1.description	3734d18615a9ae5e	고통으로 가득한 장소를 찾아 천상의 동반자를 타락시키고 피를 주입해야 한다.
2792	Quest.Quest19.title	c5478a7e31abdd1b	괴짜 상인
2793	Quest.Quest19.stage_1.description	f394399579ec6392	굶주린 도시에 상인이 있다는 말을 들었다... 찾아가 봐야겠다.
2794	Quest.Quest19.stage_2.description	d80d24bc40e10c3a	상인이 가게 열쇠를 잃어버렸다. 열쇠를 찾아야 한다.
2795	Quest.Quest34.title	33ce58c79f369504	컬러 퍼플
2796	Quest.Quest34.stage_1.description	9e4d67ef87e8af76	보석을 되살릴 수 있는 장인을 찾아야 한다.
2797	SAY.Flowchart.37.SwordMaster-Crossroads	bb4f63d97cb8beb9	이 풍경이 마음에 드네. 꽃이 만발한 나무와 색채... 내 고향을 그대로 옮겨 놓은 듯하군.
2798	SAY.Flowchart.42.TheKingOfDarkness-Crossroads	cfa6f845b4c80419	누구냐, 노인장?
2799	SAY.Flowchart.38.SwordMaster-Crossroads	dc0b8c9f635e6c81	나 말인가? 난 아무것도 아니라네...
2800	SAY.Flowchart.39.TheKingOfDarkness-Crossroads	be1de974aea4f0d6	그래... 그럼 어디로 가는 거냐?
2801	SAY.Flowchart.40.SwordMaster-Crossroads	72748855c2c8aebf	간다고? 난 어디에도 가지 않네...
2802	SAY.Flowchart.41.TheKingOfDarkness-Crossroads	8aa0dd544677919b	네 인생에도 멋있는 척하는 것 말고 할 일은 있겠지.
2803	SAY.Flowchart.35.SwordMaster-Crossroads	116314a42b4d0c0f	하하하... 날카롭고 말솜씨도 좋군... 누군가를 떠올리게 하는구나...
2804	SAY.Flowchart.45.SwordMaster-Crossroads	d7315a97a2862ea0	내 시간이 다해 가네... 나는 늙은 무기 장인이고, 내 무기들은 녹슬어 가겠지... 그래서 훌륭한 전사를 찾고 있네.
2805	SAY.Flowchart.7.TheKingOfDarkness-Crossroads	309e0590c9913f64	축하한다, 노인장. 바로 눈앞에 있잖아.
2806	SAY.Flowchart.36.SwordMaster-Crossroads	b65ecb8d2b0c48e6	다들 똑같이 말하지만, 누구도 증명하지 못하네... 말뿐이지, 행동은 없네...
2807	SAY.Flowchart.44.TheKingOfDarkness-Crossroads	db9b021cb816b5b7	아무도 어둠의 왕은 아니었지... 내가 네가 찾던 자다.
2808	SAY.Flowchart.50.SwordMaster-Crossroads	d98a2e9fcde61cff	좋아, 네가 자칭하는 위대한 전사임을 증명해 보게. 그러면 내 무기는 네 것이네.
2809	SAY.Flowchart.51.TheKingOfDarkness-Crossroads	0d5f6342d4c4d518	너무 쉽군... 뭘 하면 되지?
2810	SAY.Flowchart.52.SwordMaster-Crossroads	d6e0efe6bad4f1b7	두 자루... 두 시련... 실패는 없다...
2811	SAY.Flowchart.53.SwordMaster-Crossroads	54a09fc40e97edd8	손잡이 없는 칼날을 하나 간직하고 있네... 여러 순환 전 한 연인이 복수를 이룰 수 있도록 도왔지... 하지만 세월이 칼날을 무디게 만들었네.
2812	SAY.Flowchart.56.SwordMaster-Crossroads	7f81b62bbb3374b2	{b}{color=#9523d8}새 손잡이를 구하고{/color}{/b} {b}{color=#9523d8}유명한 사무라이 "도살자"의 정령을 쓰러뜨리게{/color}{/b}...
2813	SAY.Flowchart.117.SwordMaster-Crossroads	5dd8e65729677d88	생전에는 훌륭한 전사였지... 세상을 떠난 연인의 일기를 사용해 그의 혼령을 불러내게...
2814	SAY.Flowchart.57.TheKingOfDarkness-Crossroads	dc84bf717ac5fdc3	그 밖에는 뭘 가지고 있지?
2815	SAY.Flowchart.59.SwordMaster-Crossroads	8c6eda2036348837	피의 수리검이라네... 내 고향에선 아주 인기 있었지.
2816	SAY.Flowchart.62.SwordMaster-Crossroads	5dc49b1d019f38fe	좋은 반사 신경과 정확성이 필요한 투척 칼날이라네.
2817	SAY.Flowchart.58.SwordMaster-Crossroads	bf55ee645714cdbc	민첩성 시험을 통과하면 건네주겠네.
2818	SAY.Flowchart.115.SwordMaster-Crossroads	b71c7b54027c5a6f	구름 사이에 숨은 신전이 있다더군. 그곳에서 네 반사 신경을 시험해 볼 수 있을 걸세.
2819	SAY.Flowchart.116.SwordMaster-Crossroads	a30a8c05011d1fa6	{b}{color=#9523d8}그 안에 보관된 종 하나를 가져오면{/color}{/b} 피의 수리검은 네 것이네.
2820	SAY.Flowchart.60.TheKingOfDarkness-Crossroads	713d1e51df856208	까다롭군, 노인장. 보상이 그만한 값어치를 하길 바라지...
2821	SAY.Flowchart.61.SwordMaster-Crossroads	908d44e5b6a7d72a	나는 당분간 이곳에 야영하고 있겠네, 새파란 제자여...
2822	SAY.Flowchart.63.SwordMaster-Crossroads	53120ccc3217f783	새 손잡이를 구하고 검술의 달인에게 도전한 뒤 돌아오게.
2823	SAY.Flowchart.XX.SwordMaster-Crossroads	544d07f8490821c6	아니면 능력 시험에서 네 반사 신경을 증명하고 싶을 때 와도 좋네.
2824	SAY.Flowchart.65.SwordMaster-Crossroads	e70d297df2c16ca6	행운이 네 편이길 바라네.
2825	SAY.Flowchart.XXX25.SwordMaster-Crossroads	28cc165394a03192	손잡이 하나... 검술 결투 하나... 그러면 검은 네 것이네.
2826	SAY.Flowchart.67.TheKingOfDarkness-Crossroads	0e92035147cad4c8	손잡이를 가져왔고 승리도 거뒀다, 노인장.
2827	SAY.Flowchart.108.SwordMaster-Crossroads	8c6e5269e468eb08	단 한순간도 너를 의심하지 않았네... 거의.
2828	SAY.Flowchart.70.SwordMaster-Crossroads	f8fe3f8a837696c7	명인의 칼날을 건네주마... 그 예리함이 위험에서 너를 지켜 주기를, 새파란 제자여.
2829	SAY.Flowchart.69.SwordMaster-Crossroads	a0af56dfb3178357	고귀한 무기라네. 복수를 위해 벼려졌지... 이제 네 것이네.
2830	SAY.Flowchart.85.SwordMaster-Crossroads	1d153758ab309ef2	이 검으로 <sprite name="katana"> 길게 눌렀다 떼어 공격을 충전할 수 있네
2831	SAY.Flowchart.90.SwordMaster-Crossroads	8ac3d1c947ed58e9	알맞은 순간에 <sprite name="katana"> 누르면 적의 투사체도 막아낼 수 있네.
2832	SAY.Flowchart.91.TheKingOfDarkness-Crossroads	fef4f9cd90a22144	아주 다재다능한 무기군, 마음에 들어... 이 무기에 대해 더 알아야 할 건 없나?
2833	SAY.Flowchart.92.SwordMaster-Crossroads	8b382cc01630bbbb	그렇습니다... 하지만 아직 준비가 되지 않으셨습니다.
2834	SAY.Flowchart.93.TheKingOfDarkness-Crossroads	852032f3fac0eeab	이 무기를 휘두를 자격 있는 훌륭한 전사라는 걸 증명하지 않았나?
2835	SAY.Flowchart.95.SwordMaster-Crossroads	10844ac76e069426	더 알고 싶으시다면 명인의 칼날로 {b}{color=#9523d8}적 43명을 처치하십시오{/color}{/b}...
2836	SAY.Flowchart.109.SwordMaster-Crossroads	67a9ed1d9333c01b	그래야만 이 무기에 숨겨진 비기를 알려 드리겠습니다...
2837	SAY.Flowchart.96.TheKingOfDarkness-Crossroads	e9b7670e5b8d7c2a	43이라고? 특이한 숫자군...
2838	SAY.Flowchart.XXX76.SwordMaster-Crossroads	7834c11a45ebb4de	구름의 신전에서 민첩성을 시험해 보게, 새파란 제자여.
2839	SAY.Flowchart.78.TheKingOfDarkness-Crossroads	5afa063099adfd95	놀랐나?
2840	SAY.Flowchart.79.SwordMaster-Crossroads	53e1e7a10feaaadc	너는 틀림없이 민첩하고 날렵한 전사일세... 피의 수리검은 네 것이네.
2841	SAY.Flowchart.80.SwordMaster-Crossroads	8ad5df51a6c44c75	<sprite name="shuriken"> 길게 누르면 적을 추적해 출혈시키는 투사체를 던지게 되네.
2842	SAY.Flowchart.81.SwordMaster-Crossroads	fb923fefb302a21c	적을 여러 번 타격한 뒤 잠시 후 사라지네.
2843	SAY.Flowchart.82.TheKingOfDarkness-Crossroads	20b1f66fba7b1837	나를 위해 만든 것 같군... 어서 시험해 보고 싶다!
2844	SAY.Flowchart.XXX100.SwordMaster-Crossroads	e648a36f30aaa0b5	마흔셋이다, 제자여... 하나도 더도 덜도 안 된다... 뭐, 하나쯤 더라면 상관없겠지만...
2845	SAY.Flowchart.103.TheKingOfDarkness-Crossroads	a9dc736b23a15327	적 43명을 쓰러뜨렸다... 아마도. 사실 몇 명인지 세는 걸 잊었군...
2846	SAY.Flowchart.112.TheKingOfDarkness-Crossroads	bd2f1667cb760527	이 무기의 비밀을 보여 줘라, 노인장.
2847	SAY.Flowchart.104.SwordMaster-Crossroads	3cf22a38bf6f91ba	명인의 칼날은 상대의 뒤로 순간이동해 베어 버릴 수 있게 해 주네.
2848	SAY.Flowchart.105.SwordMaster-Crossroads	3b371e349c69f30f	<sprite name="dash"> 눌러 대시할 때 <sprite name="katana"> 함께 누르시면 가장 가까운 적의 뒤로 이동합니다.
2849	SAY.Flowchart.36.TheKingOfDarkness-CorruptionQuest	6fda5403617b8908	이런! 빛의 여왕 폐하가 손수 쓴 책이군...
2850	SAY.Flowchart.7.TheKingOfDarkness-CorruptionQuest	f828e977b63dbf02	그 빛나는 손으로 직접 쓴 글씨라...
2851	SAY.Flowchart.37.TheKingOfDarkness-CorruptionQuest	16f20e4e05a59226	천상의 동반자에 관한 연구 논문 같군... 그 특성에 대해서도 쓰여 있다.
2852	SAY.Flowchart.38.TheKingOfDarkness-CorruptionQuest	0c15eb5d66354b97	서로 맞지 않는 에너지원에 노출되면 천상의 동반자가 변이할 수 있다고 한다.
2853	SAY.Flowchart.39.TheKingOfDarkness-CorruptionQuest	46d45f847298f030	내 마음대로 천상의 동반자를 타락시킬 수 있다는 뜻인가?
2854	SAY.Flowchart.40.TheKingOfDarkness-CorruptionQuest	34136089ce33d164	이걸 {b}{color=#9523d8}순수한 어둠의 핵으로...{/color}{/b} 가져가면, 내 본성과 결합시킬 수 있을까?
2855	SAY.Flowchart.41.TheKingOfDarkness-CorruptionQuest	78ff8cf7a1d6e00c	그게 통한다면, {b}{color=#9523d8}고통이 지배하는 환경{/color}{/b}에서 동반자에게 피를 주입할 수 있겠군...
2856	SAY.Flowchart.46.TheKingOfDarkness-CorruptionQuest	e37cce01148d1db6	새 무기를 구할 때다.
2857	SAY.Flowchart.XXX.TheKingOfDarkness-CorruptionQuest	de8cd3912daaa2e1	너무 강력하다... 이 무기를 쓸 만큼 생명력이 충분하지 않다...
2858	SAY.Flowchart.55.TheKingOfDarkness-CorruptionQuest	92ce8d29d9a6d42e	좋아... 네 안으로 고통이 흘러들게 해라...
2859	SAY.Flowchart.56.TheKingOfDarkness-CorruptionQuest	5ded6163f6dd8f96	네가 내가 만든 것 중 가장 파괴적인 발사체가 될 거다.
2860	SAY.Flowchart.75.TheKingOfDarkness-CorruptionQuest	87c08c33ccd023b4	모든 힘에는 대가가 따른다... 이번 대가는 컸군.
2861	SAY.Flowchart.4XXX.TheKingOfDarkness-CorruptionQuest	a61c0c1f7319c637	천상의 동반자에게 피를 주입해 적들을 분해할 에너지 광선을 쏠 수 있겠군...
2862	SAY.Flowchart.58.TheKingOfDarkness-CorruptionQuest	5f2abbb6d7aef3a1	피가 많을수록 더 파괴적이겠지...
2863	SAY.Flowchart.66.TheKingOfDarkness-CosmosQuest	cd2b6b3545ed039b	나는 강하다... 하지만 이 정도 규모의 무기를 다룰 만큼은 아니군...
2864	SAY.Flowchart.61.TheKingOfDarkness-CorruptionQuest	6856f3a1bd669bfb	그래... 증오가 널 타락시키게 해라...
2865	SAY.Flowchart.62.TheKingOfDarkness-CorruptionQuest	d0c5c85bf355b77a	네가 품은 희망을 모두 버려라...
2866	SAY.Flowchart.63.TheKingOfDarkness-CorruptionQuest	34fbe53bd0ade25b	어둠의 종복이 되어라!
2867	SAY.Flowchart.64.TheKingOfDarkness-CorruptionQuest	5cfebfca88d94320	네 왕의 뜻을 받들어라! 내 앞에 무릎 꿇어라!
2868	SAY.Flowchart.65.TheKingOfDarkness-CorruptionQuest	32b40f311686dbdf	내게 무한한 힘을 내려라!
2869	SAY.Flowchart.60.TheKingOfDarkness-CorruptionQuest	689a4668d5b1ecbf	가끔은 나도 휩쓸리는군... 기록자와 너무 오래 어울렸나.
2870	SAY.Flowchart.53.TheKingOfDarkness-CorruptionQuest	55fc778648f87c68	음... 어둠의 화살이라... 내가 만든 것 중에서도 손꼽히게 치명적이겠군.
2871	SAY.Flowchart.48.TheKingOfDarkness-CorruptionQuest	7ff9c2b00bb75091	우아하고 치명적인 발사체라... 나처럼 말이지.
2872	SAY.Flowchart.49.TheKingOfDarkness-CorruptionQuest	704440b309517a56	어둠 안에서도 밖에서도 작동한다. 어둠의 힘이 그 안을 흐르지... 그 힘만 있다면 말이지.
2873	SAY.Flowchart.50.TheKingOfDarkness-CorruptionQuest	db197031944965c5	하지만 빛이 있는 곳에서는 어둠의 화살이 부서진다...
2874	SAY.Flowchart.54.TheKingOfDarkness-CorruptionQuest	fa38ee1eade78e02	<sprite name="arrowtype"> 사용해 빛의 화살과 어둠의 화살을 번갈아 쓸 수 있겠군
2875	SAY.Flowchart.17.TheKingOfDarkness-HR-UG2	b84fe7a602aad43e	무겁지만 파괴적인 무기군.
2876	SAY.Flowchart.18.TheKingOfDarkness-HR-UG2	4b32d76014d77d97	야만의 도끼... 다시 내 손에 들어왔군.
2877	SAY.Flowchart.19.TheKingOfDarkness-HR-UG2	f346ad6983f88693	기본 공격(<sprite name="basicattack">)을 길게 누르면 공격을 충전할 수 있고, 손을 떼면 강력한 공격을 한다.
2878	SAY.Flowchart.20.TheKingOfDarkness-HR-UG2	7ac1ebbd41eb3424	게다가 이 무기의 강철 덕분에 무기 능력을 제한 없이 강화할 수 있겠군.
2879	SAY.Flowchart.21.TheKingOfDarkness-HR-UG2	bdd04d16fe756567	음... 이 도끼는 낯이 익군...
2880	SAY.Flowchart.22.TheKingOfDarkness-HR-UG2	1a5fa76007952b9e	지난 순환에 불쌍한 놈의 등에 꽂아 둔 채 잊고 갔던 게 기억나는군...
2881	SAY.Flowchart.23.TheKingOfDarkness-HR-UG2	6ef4f3c22e4aef8b	그자가 여기까지 심하게 다친 채 기어와 편히 죽은 모양이다.
2882	SAY.Flowchart.24.TheKingOfDarkness-HR-UG2	7718475cea14f5a7	참 비극적이군...
2883	SAY.Flowchart.13.TheKingOfDarkness-AC5	8902c48c3dc20df6	순환의 창...
2884	SAY.Flowchart.14.TheKingOfDarkness-AC5	15584256737df94f	저주받은 왕들을 기리기 위해 필멸자들이 만든 유물...
2885	SAY.Flowchart.15.TheKingOfDarkness-AC5	87e1e8b0ecab69ec	뛰어오르거나 높은 곳에서 떨어지면서 <sprite name="movedown"> + <sprite name="secondattack"> 눌러 이 무기로 공중 공격을 할 수 있겠군.
2886	SAY.Flowchart.82.MapSeller-Random	d44a3b7239bbaf3e	{b}{color=#9523d8}굶주린 도시의 그 상인과는 다릅니다...{/color}{/b}
2887	SAY.Flowchart.83.TheKingOfDarkness-Map-Seller	ebdfedec86c94523	누구 얘기냐? 얼마 전에 거기 가 봤지만 문을 연 가게는 못 봤다.
2888	SAY.Flowchart.84.MapSeller-Random	978e06dd15a53242	자기 가게 문을 열어 주지 않은 상인 말입니다...
2889	SAY.Flowchart.85.MapSeller-Random	145b3b8dbde6c328	그렇게 중심지에 가게를 차려 놓고 손님을 외면하다니... 하여간 아마추어들이란.
2890	SAY.Flowchart.14.TheChronicler-Library	eaec853fab2cdce8	폐하, 열쇠를 잊었네.
2891	SAY.Flowchart.23.TheKingOfDarkness-Library-2	32b45ec684268434	내 어둠의 관문은 어쩌고? 내 능력 중에서도 가장 유용한 것 중 하나인데... 차원 유리병도 하나 없군.
2892	SAY.Flowchart.24.TheGuardian-Library	3cf7b80f9ed8e4cb	여기 하나 받으십시오. <sprite name="leftcross"> 몇 초간 누르면 어둠의 관문을 사용해 마지막으로 방문한 왕좌로 돌아가실 수 있습니다.
2893	SAY.Flowchart.26.TheGuardian-Library	870326388bd06f7c	기억하십시오. 이 차원 유리병은 {b}{color=#9523d8}한 번만 사용할 수 있습니다...{/color}{/b} 다시 사용하려면 충전할 방법을 찾으셔야 합니다.
2894	SAY.Flowchart.20.TheKingOfDarkness-AC-Cave16	da268f9ef43cab05	이런... 이건 뭐지?
2895	SAY.Flowchart.21.TheKingOfDarkness-AC-Cave16	d1b1afff68d13355	내 힘의 조각을 하나 먹었나? 어쩐지 그렇게 커졌더라니...
2896	SAY.Flowchart.22.TheKingOfDarkness-AC-Cave16	ab37e102bc655921	개인적인 감정은 없지만, 어둠의 방패는 내 것이다. 몇 번이나 내 목숨을 구해 줬지...
2897	SAY.Flowchart.3XXX.TheKingOfDarkness-AC-Cave16	da5bd2857e5dfea0	이건 <sprite name="darkshield"> 눌러 발동하면 잠시 무적이 된다.
2898	SAY.Flowchart.XX.TheKingOfDarkness-AC-Cave16	43c3c51e1b5fd283	한 번만 쓸 수 있지만, 쓰러질 때마다 재충전된다... 너무 자주 쓰지 않길 바라야겠군.
2899	SAY.Flowchart.90.MapSeller-Random	04099c0f69080adb	제 머릿속을 떠나지 않는 작은 의문 하나를 풀도록 도와주시면 좋겠습니다...
2900	SAY.Flowchart.89.TheKingOfDarkness-Map-Seller	06dd7af32d671347	좋다, 내 팬들을 위해서라면... 하지만 딱 한 번이다.
2901	SAY.Flowchart.91.MapSeller-Random	30ab321757e0a395	정말 폐하의 갑옷에 힘의 보석을 장착할 수 있단 말입니까?
2902	SAY.Flowchart.92.TheKingOfDarkness-Map-Seller	6b192d1954f7aa32	그래, 내 갑옷에는 보석을 박아 더 강력해질 수 있는 홈이 몇 개 있지.
2903	SAY.Flowchart.94.TheKingOfDarkness-Map-Seller	01922d3672ba1549	안타깝게도 새로운 순환이 시작될 때마다 힘을 잃고, 그게 내 전투 장비에도 영향을 미치지...
2904	SAY.Flowchart.93.TheKingOfDarkness-Map-Seller	722dda49cba15993	갑옷의 홈은 하나만 남고 나머지는 전부 사라진다. 가지고 있던 보석들도 사라지고...
2905	SAY.Flowchart.95.MapSeller-Random	57ca26dc90cacda6	놀랍습니다! 원하시는 만큼 보석을 장착하실 수 있다는 말씀이십니까?
2906	SAY.Flowchart.96.TheKingOfDarkness-Map-Seller	2f432ad77fb14364	대략... {b}{color=#9523d8}일반 보석 3개와 고성능 보석 1개를 장착할 수 있지...{/color}{/b} 또 {b}{color=#9523d8}어둠의 보석을 위해 홈 2개를 남겨 두는 편이지.{/color}{/b}
2907	SAY.Flowchart.97.MapSeller-Random	40cb7a5bfc6014d1	그렇다면 정말이란 말씀이십니까? 제가 여정 중에 찾아낸 기록을 보면, 어둠의 왕의 힘에도 한계가 있는 듯했습니다...
2908	SAY.Flowchart.98.TheKingOfDarkness-Map-Seller	822ccb947be429f3	질문은 하나뿐이라고 말했던 것 같은데...
2909	SAY.Flowchart.99.MapSeller-Random	df106198de7ecab1	오! 저는... 죄송합니다, 폐하... 저주받은 군주와 매일같이 이야기를 나누는 건 아니니까요...
2910	SAY.Flowchart.100.MapSeller-Random	47913fe14d89edad	연금술 도구도 갖추고 있습니다! 얼마 전에는 시공간의 구조를 변환하는 장치를 발견했습니다...
2911	SAY.Flowchart.101.MapSeller-Random	5b28386a357439b1	현재 계신 지역의 {b}{color=#9523d8}흥미로운 위치{/color}{/b}도 알려드릴 수 있습니다. 왕좌 같은 곳 말입니다.
2912	SAY.Flowchart.102.TheKingOfDarkness-Map-Seller	a2d0886b2518950b	좋아, 알고 있는 정보 전부 말해 봐라.
2913	SAY.Flowchart.103.MapSeller-Random	1bbac91387b2e716	훌륭합니다! 제가 왕실 국고에서 직접 대금을 받게 될 줄이야!
2914	SAY.Flowchart.104.TheKingOfDarkness-Map-Seller	8b7b217d02ff9680	잠깐... 이걸로 돈을 받을 셈인가? 나한테?
2915	SAY.Flowchart.105.MapSeller-Random	3a86e73a867a24d9	오해를 부디 용서해 주십시오, 폐하... 고고학은 비용이 아주 많이 드는 일이라서...
2916	SAY.Flowchart.106.TheKingOfDarkness-Map-Seller	19a343ec63c3d131	필멸자들은 욕심이 많군... 그래서 너희가 그토록 마음에 들지...
2917	SAY.Flowchart.80.MapSeller-Random	9d03545b830f1277	차원 에너지를 응축해 {b}{color=#9523d8}새로운 차원 유리병을 만들 수 있습니다.{/color}{/b}
2918	Item.CoordinatesTaken	1180bfdfc797bd83	신비한 좌표
2919	Item.DarkPortal	4593e52cea58abfc	어둠의 관문
2920	Item.ItemSlot	eb2955f4f3852701	보석 슬롯
2921	Item.Minibell	650845c6c0870e11	일곱의 종
2922	Item.Handgrip	d629819b0ed7369b	사무라이의 손잡이
2923	Item.Wildblade	8d80c371abcb7140	야만의 도끼
2924	Item.Spearcicle	271bc70543e97d8f	순환의 창
2925	Item.Shuriken	5ac824f603c2a331	피의 수리검
2926	Item.Masteredge	02c75b0942c2d39b	명인의 칼날
2927	Item.Masteredgev2	d172afa6cd22ad2b	명인의 비기
2928	Item.Darkarrows	a4f87648e1c7e5d8	어둠의 화살
2929	Item.Bloodarrows	6c6648ffa13707ee	피의 화살
2930	Item.DarkShield	83e1a609a8403992	어둠의 방패
2931	Item.DarkShard	c3c7726a4ca66ed8	어둠의 만유 원소
2932	Item.FireShard	325826e9a12ff892	불의 만유 원소
2933	Item.IceShard	a2d26ece7c651548	얼음의 만유 원소
2934	Item.LightShard	00529091e55c1e8f	빛의 만유 원소
2935	Item.BrideDiary	650f05da7e040938	연인의 일기
2936	PerkTitle.Start	dce5d9d01024c29f	시작
2937	Perks.Start	d947d1415b9756f4	모든 마법, 피, 어둠 능력의 강화를 시작한다.
2938	PerkTitle.CritDamage1	a043324daed2c0ff	치명타 피해
2939	Perks.CritDamage1	d12a99cf7a2e0e22	모든 무기의 치명타 피해가 20% 증가한다.
2940	PerkTitle.CritRate1	85a31fc747924453	치명타 확률
2941	Perks.CritRate1	fc5f8ef812efc920	치명타 피해를 입힐 확률이 10% 증가한다.
2942	PerkTitle.DashCD1	7f10dd8335a00e2b	빠른 대시
2943	Perks.DashCD1	f5222ccead5a58f4	대시의 재사용 대기시간이 감소한다.
2944	PerkTitle.MeleeDamage2	bfd31645062f02b1	무기 피해
2945	Perks.MeleeDamage2	39054f71998986e2	근접 무기 피해가 10% 증가한다.
2946	PerkTitle.MagnetMoney	a24f23b35fa5ae3b	도그마 자석
2947	Perks.MagnetMoney	a93ea5fcf1205fe1	근처의 도그마를 끌어당긴다.
2948	PerkTitle.MoneyOnDeath1	b2f91a39909e189d	왕의 탐욕
2949	Perks.MoneyOnDeath1	226bda25fda16e7a	적 처치 시 획득하는 도그마가 증가한다.
2950	PerkTitle.ArrowAerialRecover	8c9fdc449367f39d	신속한 화살
2951	Perks.ArrowAerialRecover	979f75934177fb41	즉시 낙법 후 발사하는 다음 화살은 탄약을 소모하지 않는다.
2952	PerkTitle.RangedDamage1	2b6709a11702e92f	화살 피해
2953	Perks.RangedDamage1	9c51585ec7074ae9	화살 피해가 10% 증가한다.
2954	PerkTitle.ExplosionOnCrit	b82712677e257da5	치명타 폭발
2955	Perks.ExplosionOnCrit	7bd0cec3f0b35144	화살의 치명타 적중 시 폭발을 일으킨다.
2956	PerkTitle.BulletTimeDuration1	71404c3ec0098907	슬로 모션
2957	Perks.BulletTimeDuration1	ac8d0c5604a38c5a	슬로 모션 조준 시간이 33% 증가한다.
2958	PerkTitle.ArrowCD1	ae814825a9c83c9c	빠른 재장전
2959	Perks.ArrowCD1	41df26c4693cf09a	투사체 충전 시간이 10% 감소한다.
2960	PerkTitle.CelestialArrow	ff3af90c6b1dbead	천상의 화살
2961	Perks.CelestialArrow	c100e30d34e39459	화살의 크기와 피해가 50% 증가한다.
2962	PerkTitle.PowerArrow	928d077b560465c9	강력한 화살
2963	Perks.PowerArrow	c9265ff15fccb794	조준 시간이 충전 시간으로 대체된다. 충전이 완료되면 다음 발사가 더 강력해진다.
2964	PerkTitle.AutoReloadArrow	8c7da44c87373158	즉시 재장전
2965	Perks.AutoReloadArrow	073fdb4acf25ee52	발사 시 탄약을 소모하지 않을 가능성이 생긴다.
2966	PerkTitle.BigCritDamage1	999ea97c317ab0c7	화살 치명타 피해
2967	Perks.BigCritDamage1	aa029f3461fe21b4	화살의 치명타 피해가 50% 증가한다.
2968	PerkTitle.GhostArrow	5b6614ff9bd02a0c	유령 화살
2969	Perks.GhostArrow	c3d713a2b490e134	수정 화살이 적을 관통할 수 있게 한다.
2970	PerkTitle.ImmuneDuration1	9c42eedc39fda79a	무적 시간 증가
2971	Perks.ImmuneDuration1	8be2012455fa8bee	피격 후 무적 시간이 25% 증가한다.
2972	PerkTitle.HealSpeed1	53e3156098c61039	치유 속도
2973	Perks.HealSpeed1	0f8cdaeeaf45f3e8	치유 시전 시간이 감소한다.
2974	PerkTitle.BloodCost1	ef402bcc153127ce	소모량 감소
2975	Perks.BloodCost1	991fbdf519e2a789	피 능력의 소모량이 5% 감소한다 (치유에는 적용되지 않는다).
2976	PerkTitle.BloodOnDeath	689325e9c3d67aad	유혈
2977	Perks.BloodOnDeath	0a4187603a2edf1c	적이 죽을 때 흘리는 피가 증가한다.
2978	PerkTitle.HealKnockBack	4f78c1c8f0907f4b	치유 파동
2979	Perks.XXXHealKnockBack	dd85270abc8d4daf	치유를 완료하면 주변 적이 넉백된다.
2980	PerkTitle.BloodOnReceiveHit	47e00146f7d68d2d	피의 계약
2981	Perks.BloodOnReceiveHit	28d80938ff1fa6bd	피격 시 흘린 피의 일부를 회수할 수 있다.
2982	PerkTitle.MagnetBlood	8ace380948597f60	피의 자석
2983	Perks.MagnetBlood	91a87d5e9b3dea9a	자석이 흘린 피도 끌어당긴다.
2984	PerkTitle.AutoReloadWhenHeal	b9c26f87e8ce9316	즉시 치유
2985	Perks.AutoReloadWhenHeal	0f4549bc5a3f4afe	치유 시 피를 소모하지 않을 가능성이 생긴다.
2986	PerkTitle.GuardianAngel	eeb545e26ad09e63	수호천사
2987	Perks.GuardianAngel	7f4bbaa1d1b1d2a3	마무리 일격을 받아도 죽지 않고 생명력을 일부 회복한다. 한 번만 사용할 수 있으며 죽으면 재충전된다.
2988	PerkTitle.TheDoctor	737892b154e36908	의사
2989	Perks.XXXTheDoctor	7aca36f55e4f79db	치유하면 피를 최대한 소모해 그에 해당하는 수의 심장을 회복한다.
2990	PerkTitle.SlashAerialRecover	aa0380e212bd5455	빠른 베기
2991	Perks.XXXSlashAerialRecover	89b4b3e71290df03	즉시 낙법 후 1초 동안 다음 공격이 어둠 베기를 일으킨다.
2992	PerkTitle.DamageAfterDash	60e6a6a95ede360f	전투 돌진
2993	Perks.DamageAfterDash	b8ca171538a9c7c7	대시 후 2초 동안 무기 피해가 30% 증가한다.
2994	PerkTitle.KnockBackIncrease	538be77fd60e7fb9	강력한 타격
2995	Perks.KnockBackIncrease	07730c988d20bfda	공격받은 적이 더 멀리 넉백된다.
2996	PerkTitle.CritSlash	446d7b4099d3468c	치명타 베기
2997	Perks.XXXCritSlash	c0c6ea4ccdfe2bd4	무기의 치명타 적중 시 어둠 베기를 일으킨다.
2998	PerkTitle.MoreDamageWhenLowHP	38f581eba179164b	죽음의 문턱
2999	Perks.MoreDamageWhenLowHP	9b88de9da9b63afc	심장이 하나뿐일 때 무기 피해가 50% 증가한다.
3000	PerkTitle.BruteForce	5b109db9d6008884	완력
3001	Perks.BruteForce	d8975bf709477812	무기 피해가 25% 증가한다.
3002	PerkTitle.MoreDamageWhenFullHP	8838909877853063	강철의 생명력
3003	Perks.MoreDamageWhenFullHP	bca9cc31ed9d867e	심장이 최대일 때 무기 피해가 30% 증가한다.
3004	PerkTitle.XXKnockBackImmune	9bb89f17e26adfda	넉백 방지
3005	Perks.KnockBackImmune	a3c1096ba7202282	타격 시 넉백을 받지 않는다.
3006	PerkTitle.BigCritDamage2	9f9d10238c576463	무기 치명타 피해
3007	Perks.BigCritDamage2	49c3a69a6b452053	무기 치명타 피해가 50% 증가한다.
3008	PerkTitle.DarkPower	2a56c4e382ead038	무한한 힘
3009	Perks.XXXDarkPower	fa7c28236ea3b3c7	모든 무기 공격이 어둠 베기를 일으킨다.
3010	Perks.CrosshairBob.Name	465ec72969a9bbd7	천상의 렌즈
3011	Perks.CrosshairBob	c59e500b7d9959d0	가장 가까운 적을 자동으로 조준한다.
3012	Perks.ClawStatic.Name	977988785101e139	강철 발톱
3013	Perks.ClawStatic	caae6f01e430ee87	이제 벽을 타고 미끄러지는 동안 <sprite name="katana"> 누르면 벽에 고정되어 떨어지지 않는다.
3014	Perks.MeeleDamageGem1.Name	3225f77bfb2a6410	숫돌
3015	Perks.MeeleDamageGem1	d8975bf709477812	무기 피해가 25% 증가한다.
3016	Perks.BloodCostGem1.Name	993abb5f3ce351e2	촉매
3017	Perks.XXXBloodCostGem1	0e34666bd5a0d1d3	피 능력의 소모량이 4포인트 감소한다 (치유에는 적용되지 않는다).
3018	Perks.CritRateGem1.Name	1adb86b81502c89d	경합금
3019	Perks.CritRateGem1	cbcff44af29613d4	치명타 피해를 입힐 확률이 10% 증가한다.
3020	Perks.CritDamageGem1.Name	2c90939b0d1f32de	소형 증폭기
3021	Perks.CritDamageGem1	91fee3bb119b14e4	치명타 피해가 35% 증가한다.
3022	Perks.RangedDamageGem1.Name	395ce831c5a644b8	할로우 포인트
3023	Perks.RangedDamageGem1	1c5d549a68769707	화살 피해가 10% 증가한다.
3024	Perks.XXCooldownDarkShield.Name	331677c5893f9b44	자철석 심장
3025	Perks.XXCooldownDarkShield	0017825e5d80760a	자석의 작동 범위와 끌어당기는 속도가 증가한다.
3026	Perks.SnipedArrow.Name	481aca61173df055	열 감지기
3027	Perks.SnipedArrow	2a337af6af4fdfa9	화살이 유도 투사체가 된다.
3028	Perks.PierceArrow.Name	9d1b5b9e7cbb1c30	관통 촉
3029	Perks.PierceArrow	5b7fb260ec030a2b	투사체가 적을 관통한다 (수정 화살에는 적용되지 않는다).
3030	Perks.MultiShot.Name	90f6b64b7fe9fc46	세 갈래
3031	Perks.MultiShotXXX	6a249e1a0e3d4e0d	한 발 대신 투사체 세 발을 동시에 발사한다.
3032	Perks.InverseTPArrow.Name	f1a0f6fd46154399	시간의 사파이어
3033	Perks.InverseTPArrow	3ee9a09353cd8632	수정 화살을 발사하면 1초 동안 시간의 흐름이 절반으로 느려진다.
3034	Perks.CritSoul.Name	148ef36d91f7cafd	중합금
3035	Perks.CritSoul	81ebc8beca8b3c77	치명타 피해를 입힐 확률이 20% 증가한다.
3036	Perks.MegaMagnet.Name	fd956bc780dc10e4	순수 자철석
3037	Perks.WarlockSoul.Name	4fa9bd9b403bbd83	술사의 계약
3038	Perks.WarlockSoul	d04c5d61f60f6644	사용 가능한 피가 충분하면 자동으로 치유한다.
3039	Perks.TheVampire.Name	766d42ef8aa6ff59	거머리
3040	Perks.TheVampire	dcb8dd3c7cb8a41b	이제 피가 자동으로 천천히 차오른다.
3041	Perks.XXParryShield.Name	c74276ce3e65608e	결정 핵
3042	Perks.XXParryShield	a4e9b9836353e808	순간이동 후 1초 동안 모든 피해가 25% 증가한다.
3043	Perks.SwordRange1.Name	a51a1ff5f87bbf6f	심연의 목소리
3044	Perks.SwordRange1	695bd45c6552b9ef	검으로 공격하면 자신의 속도에 따라 나아가는 어둠의 파동을 발사한다 (심연의 외침을 장착하면 효과가 증가한다).
3045	Perks.SwordRange2.Name	b8c32cbc067a55b8	심연의 외침
3046	Perks.SwordRange2	b424c3c16dbd9560	검으로 공격하면 자신의 속도에 따라 나아가는 어둠의 파동을 발사한다 (심연의 목소리를 장착하면 효과가 증가한다).
3047	Perks.ScytheInstant.Name	a7ebc3e4d3177cee	피의 빚
3048	Perks.ScytheInstant	53f389632551e07d	낫의 공격이 즉시 발동하지만, 공격할 때마다 피를 소모한다.
3049	Perks.ScytheMoreBlood.Name	37d7977162952c37	피의 갈증
3050	Perks.ScytheMoreBlood	675d35bf652dfbb7	낫이 적에게 더 많은 출혈을 일으킨다.
3051	Perks.AxeRechargeTime.Name	f2b1a0f85b7b6172	야만의 분노
3052	Perks.AxeRechargeTime	076725b475c80367	야만의 도끼 공격이 더 빨리 충전된다.
3053	Perks.AxeDamage.Name	fd02034718f7bb42	야만의 돌진
3054	Perks.AxeDamage	0a69fc092c9cde66	야만의 도끼가 가하는 피해량이 100% 증가한다.
3055	Perks.SpearSpikeDamage.Name	fcd2e81e8f222121	무한의 칼날
3056	Perks.SpearSpikeDamage	2b45545b194fda09	적에게 내려찍을 때 순환의 창이 항상 치명타를 가한다.
3057	Perks.SpearWave.Name	778b67b49f1bf086	무한의 화염
3058	Perks.SpearWave	a80f9b0ad7742ea0	이제 순환의 창을 사용해도 피를 소모하지 않는다.
3059	Perks.ShurikenExtraHit1.Name	38dd4d3ec2dfabda	찢는 음
3060	Perks.ShurikenExtraHit1	bf0bb95cd1c7a5b2	피의 수리검 지속 시간이 한 번 더 적중할 만큼 증가한다 (찢는 양을 장착하면 효과가 강화된다).
3061	Perks.ShurikenExtraHit2.Name	558f87167947b9fc	찢는 양
3062	Perks.ShurikenExtraHit2	391e85643f380d1f	피의 수리검 지속 시간이 한 번 더 적중할 만큼 증가한다 (찢는 음을 장착하면 효과가 강화된다).
3063	Perks.KatanaHardAttack.Name	3dde0138ffcf608f	아마테라스의 혼
3064	Perks.KatanaHardAttack	1962383513d670ee	명인의 칼날로 더 크고 강력한 베기를 가한다.
3065	Perks.KatanaNoStun.Name	7141634833c80c43	스사노오의 혼
3066	Perks.KatanaNoStun	47101a0849931cfb	페인트로 가하는 피해가 2배가 된다.
3067	Perks.Cronofragment.Name	afb34c79747fd284	크로노 파편
3068	Perks.Cronofragment	cae0d5d79d0c0aa6	화살의 재사용 대기시간이 50% 감소한다.
3069	Perks.TheImperator.Name	ff11b4b84f4542ab	임페라토르
3070	Perks.TheImperator	e0936e08b83cf871	무기 피해가 100% 증가한다.
3071	Perks.Archer.Name	01d7f90e4d6cec0c	궁수자리의 눈
3072	Perks.Archer	e01850b652d2700c	발사할 때마다 추가 투사체를 하나 발사한다.
3073	Perks.BigBloodCost.Name	5d46efcb8a0af947	목마른 루비
3074	Perks.BigBloodCost	28c4bdc047c177fd	피 능력의 소모량이 50% 감소한다 (치유에는 적용되지 않는다).
3075	Perks.DashReloadArrow.Name	33c850a18f5e2429	손재주
3076	Perks.DashReloadArrowXXX	7eacad25a3f56dda	지상에서 대시하면 탄약이 즉시 재장전된다.
3077	Perks.TheLordVampire.Name	c41a4b5a66e7145e	흡혈귀의 혼
3078	Perks.TheLordVampire	e5cbad0dd3941b8c	이제 피가 자동으로 빠르게 차오른다.
3079	Perks.ItemEquipped	a3c209fcf492e853	장착
3080	Perks.ItemNew	069d9fe0de77566d	신규
3081	SAY.AltarMecanics.15.TheKingOfDarknessWOTFTown	1c98a5ca3db4c828	마지막 조각은 왕들의 제단에 놓여 있군... 운명은 이미 결정됐다.
3082	SAY.AltarMecanics.7.TheKingOfDarknessWOTFTown	7d5009abcf3ff59d	시작한 일을 끝낼 때다... 순환의 시대도 곧 끝나겠군...
3083	SAY.Flowchart.13.TheKingOfDarkness-WOTF-West-6	ff8f1dabff15e758	이 제단의 조각은 어둠의 재료로 보호되고 있군...
3084	SAY.Flowchart.14.TheKingOfDarkness-WOTF-West-6	87c2d5396dcd0070	손쉽게 꺼낼 수 있겠군.
3085	SAY.Flowchart.107.MapSeller-Random	a320ecc2db386014	마지막으로 한 가지 부탁이 있습니다, 폐하... 폐하를 향한 제 경의의 표시로 {b}{color=#9523d8}이 보석{/color}{/b}을 받아 주십시오...
3086	SAY.Flowchart.109.MapSeller-Random	0134cc12f67c0982	언젠가 몸에 지녀 주신다면 영광이겠습니다.
3087	SAY.Flowchart.XXX.MapSeller-Random	11f08e7983fd82dd	스킬 트리 메뉴로 가셔서 <sprite name="specialmenu"> 눌러 제가 선물한 보석을 선택하기만 하시면 됩니다.
3088	SAY.Flowchart.112.TheKingOfDarkness-Map-Seller	2179de231e8562d6	선물이라고? 좋은 왕은 선물을 거절하지 않는다... 계속해라.
3089	SAY.Flowchart.13.TheKingOfDarkness-SoulKing	aabc2a53fa8b9ed0	이 조각은 왕들의 제단에 속한 것이고, 엄청난 힘도 간직하고 있다...
3090	SAY.Flowchart.16.TheKingOfDarkness-SoulKing	60e35b365c02c307	밤의 장막...
3091	SAY.Flowchart.14.TheKingOfDarkness-SoulKing	a598756ed6be8d54	이걸로 어둠에 뒤덮인 지역들을 통과할 수 있겠군.
3092	SAY.Flowchart.15.TheKingOfDarkness-SoulKing	4e34a6c323730f28	하지만 {b}{color=#9523d8}이 지역에 머무는 동안에는{/color}{/b} 천상의 동반자를 쓸 수 없다...
3093	SAY.Flowchart.17.TheKingOfDarkness-SoulKing	196823b072a358a9	천상의 동반자의 빛의 정수는 어둠과 양립할 수 없다.
3094	SAY.Flowchart.268.Oracle-InfiniteSea-O	cd7fd981a019f09f	{b}{color=#9523d8}왕들의 제단을 이루는 마지막 조각{/color}{/b}이 해방되었다... 그것을 가져가라.
3095	TMPRO.Text_Icons.-803968	194fd31239075e87	왕들의 제단 조각 (주 임무)
3096	TMPRO.Text_Icons (1).-803978	f654bcaef49adfed	현재 위치
3097	TMPRO.Text_Icons (2).3468444	a6898d15e0a66d72	잃어버린 영혼
3098	TMPRO.Text_Icons (3).-803998	7492c7f5ed7e57b3	조각 위치
3099	TMPRO.Text_Icons (4).-804008	7f3c4594e55c8668	현재 위치 표시
3100	TMPRO.Text_Icons (5).-804018	289ccb6299bd3429	잃어버린 영혼 위치
3101	TMPRO.Text_Icons (6).-804028	19ab938417be7313	왕좌 (고속 이동 및 스킬 강화)
3102	TMPRO.Text_Icons (7).-804038	1276ff388d07dbc8	주요 인물 및 관심 대상
3103	TMPRO.Text_Markers.-804160	33596abe676c54ea	지도 표식
3104	TMPRO.Text_Location.3817214	5e242c77ce643a7b	현재 지역
3105	TMPRO.Text_Icons.3817188	0dd7aee37361a8ba	길 찾는 법
3106	TMPRO.TextAutoSave.469476xxxx	d23f9f92a9e2dc00	화면에 이 기호가 나타날 때마다 게임이 저장됩니다.
3107	SAY.Flowchart.55.TheKingOfDarkness-Cosmos-Lobby	71db6f2f23fe6184	이 구조는... {b}{color=#9523d8}만유 원소 하나를...{/color}{/b} 담기 위한 그릇처럼 보이는군.
3108	SAY.Flowchart.56.TheKingOfDarkness-Cosmos-Lobby	d356f1c758cce627	만유 원소 하나가 줄었군...
3109	SAY.Flowchart.62.TheKingOfDarkness-Cosmos-Lobby	cc5612abfff8bb1c	이게 마지막이었군... 모든 만유 원소가 함께 잠들었군...
3110	SAY.Flowchart.18.TheKingOfDarkness-Cosmos-Fragment	fd333e658f4942af	코스모스는 끝이 없군... 더 많은 비밀이 내 앞에 모습을 드러내고 있어...
3111	SAY.Flowchart.19.TheKingOfDarkness-Cosmos-Fragment	f6e7166f417f732a	이 왕들의 제단 조각은 {b}{color=#9523d8}이곳에 숨겨진 수많은 비밀 중 하나일 뿐이군...{/color}{/b}
3112	SAY.Flowchart.18.TheKingOfDarkness-After-Chase	ca78f2ce10461eef	모든 순환에 걸고! 간신히 살아남았군...
3113	SAY.Flowchart.19.TheKingOfDarkness-After-Chase	cca516db8a1676ec	은하 두 개를 충돌시켰던 때보다도 긴장되는군...
3114	SAY.Flowchart.20.TheKingOfDarkness-After-Chase	364b1d7f4ac65c8b	중요한 건 카오스의 결정이 다시 에너지를 얻었다는 거다.
3115	SAY.Flowchart.78.TheKingOfDarkness-UF-Bunker	7427b083b099b53c	이 힘의 보석에 누군가 손을 댔군. 흥미롭군...
3116	SAY.Flowchart.79.TheKingOfDarkness-UF-Bunker	10b8f9513cde6a33	보석의 성질이 바뀐 모양이군...
3117	SAY.Flowchart.80.TheKingOfDarkness-UF-Bunker	b3f674f983bf3792	시험해 봐야겠군...
3118	SAY.Flowchart.24.TheKingOfDarkness-WOTF-TowerEast6	85d3724731f0009b	이 보석으로 피 능력도 제한 없이 강화할 수 있겠군!
3119	SAY.Flowchart.25.TheKingOfDarkness-SoulQueenRoom	0d35384e4112fd66	그 힘은 너무 순수해서 화살 능력을 한없이 강화할 수 있겠군...
3120	Quest.QuestXXX.stage_XXX.description	5c8b3ec554157045	임무를 완료했다.
3121	SAY.Flowchart.69.TheGuardian-TempleEntrance	26535ec209871500	거울은 관대합니다... 형태를 되찾아 갈수록 폐하께 보답할 것입니다...
3122	SAY.Flowchart.70.TheGuardian-TempleEntrance	0cbc0f974eb044cb	조각이 많을수록 보상도 커집니다...
3123	SAY.Flowchart.48.TheKingOfDarkness-TempleEntrance	e4e4c3e86bdf5c29	그건 내게 달렸다는 거군.
3124	SAY.Flowchart.7.TheKingOfDarkness-PurpleGem	bf6a03136e7a874f	새 순환이 시작될 때마다 보석은 생기를 모두 잃는다...
3125	SAY.Flowchart.33.TheKingOfDarkness-PurpleGem	ed96e573fd07a421	{b}{color=#9523d8}힘의 보석을 되살릴 수 있는{/color}{/b} 사람을 찾아야 한다.
3126	TMPRO.XXXXText_OnlyThrones.-400854	7a1819a0076c7849	왕좌에 앉아야만 스킬을 강화할 수 있습니다.
3127	TMPRO.Text_TitleSecNode.-400912	942c99721c1b931b	보조 노드
3128	TMPRO.Text_DescSecNode.-405624	53534eaad4f49dd7	보조 스킬 잠금 해제
3129	TMPRO.Text_TitleBigNode.-406308	5ad4a9db9b725a49	주요 노드
3130	TMPRO.Text_DescBigNode.-406290	c54a34586626cf9d	주요 스킬 잠금 해제
3131	TMPRO.Text_DescSoulUsed.-407262	1bd43a3652e0b669	사용한 스킬 포인트
3132	TMPRO.Text_DescNotUsed.-407782	aa10668eaf5b6ebc	미사용 스킬 포인트
3133	TMPRO.Text_TitleGemsMenu.-466020	6969b28d77f26529	보석 메뉴
3134	TMPRO.Text_DescGemsMenu.-466038	a3118275321853ea	보석을 장착해 스킬 강화
3136	SAY.Flowchart.39.TheKingOfDarkness-HR-Main3-B	f5fbd4cb002c3ee3	묘지 반대편 끝까지 왔군... {b}{color=#9523d8}출구가 가까울 거다.{/color}{/b}
3137	SAY.Flowchart.30.TheKingOfDarkness-WOTF-West-6	053e5db7a8e8b497	이 문은 {b}{color=#9523d8}열쇠{/color}{/b}를 찾기 전에는 열 수 없겠군...
3138	SAY.Flowchart.31.TheKingOfDarkness-WOTF-West-6	48ae537c7779ecf2	어디에 있는 거지?
3139	SAY.Flowchart.87.TheKingOfDarkness-HR-Crypt6-Piano	7c8fa7d9a88fc7f2	오르간이라... 연주한 지 몇 순환이나 됐군...
3140	SAY.Flowchart.80.TheKingOfDarkness-EndWorld-Mid	b6461020173c787b	이제 그자의 신성한 마력이 깃들었군... 저 창들을 찾으면 될지도 모르겠군...
3141	SAY.Flowchart.63.TheKingOfDarkness-Quest-Source	d3af06c9febfc355	솜씨가 훌륭하군... 신을 위해 벼린 무기처럼 보인다...
3142	SAY.Flowchart.64.TheKingOfDarkness-Quest-Source	f4d577d1024b6890	아름다운 건 분명하지만... 나 같은 자가 다루기엔 버겁군.
3143	SAY.Flowchart.65.TheKingOfDarkness-Quest-Source	4e58eab4c1f4f0bc	이건 아코리아스의 무덤을 지키는 창 중 하나군....
3144	SAY.Flowchart.66.TheKingOfDarkness-Quest-Source	4fdf6d5719c4c1e2	이게 마지막 아코리아스의 창이군...
3145	SAY.Flowchart.67.TheKingOfDarkness-Quest-Source	6468a246ef7da4fe	{b}{color=#9523d8}무덤으로 돌아가야겠군.{/color}{/b}
3146	Quest.Quest19.stage_3.description	4db5e805a004eaf5	열쇠를 손에 넣었다. 상인에게 돌아가야 한다.
3147	Quest.Quest19.stage_4.description	5c8b3ec554157045	임무를 완료했다.
3148	Quest.Quest34.stage_2.description	5c8b3ec554157045	임무를 완료했다.
3149	TMPRO.TitleAeternum.1484692	9742de002e2dbe03	스러진 자들의 황야
3150	TMPRO.TitleAeternum.1710328	bc62c9739ccb1fe5	왕들의 신전
3151	TMPRO.TitleAeternum.-287696	9e479e91bb7e5538	동쪽 성벽
3152	TMPRO.TitleAeternum.1944798	79dee2206bdce398	대장간
3153	TMPRO.TitleAeternum.703876	d52ac68615afe3c3	영웅의 안식처
3154	TMPRO.TitleAeternum.222688	56beee3716cdff09	승천의 동굴
3155	TMPRO.TitleAeternum.575914	56beee3716cdff09	승천의 동굴
3156	TMPRO.TitleAeternum.689108	56beee3716cdff09	승천의 동굴
3157	TMPRO.TitleAeternum.883490	9279405b7ad3e84e	빛의 탑
3158	TMPRO.TitleAeternum.951402	7bc511da4df0aa45	영묘
3159	TMPRO.TitleAeternum.1055942	fcd951898a76c78b	빛의 요람
3160	PerkTitle.CritDamage2	a043324daed2c0ff	치명타 피해
3161	Perks.CritDamage2	d9d3c3a514f6aa4b	모든 무기의 치명타 피해가 10% 증가한다.
3162	PerkTitle.CritRate2	85a31fc747924453	치명타 확률
3163	Perks.CritRate2	4a2baff474fac4c3	치명타 피해를 입힐 확률이 5% 증가한다.
3164	PerkTitle.CritRate3	85a31fc747924453	치명타 확률
3165	Perks.CritRate3	fc5f8ef812efc920	치명타 피해를 입힐 확률이 10% 증가한다.
3166	PerkTitle.MeleeDamage1	bfd31645062f02b1	무기 피해
3167	Perks.MeleeDamage1	d6aa826a857953d2	근접 무기 피해가 20% 증가한다.
3168	PerkTitle.DashCD2	7f10dd8335a00e2b	빠른 대시
3169	Perks.DashCD2	f5222ccead5a58f4	대시의 재사용 대기시간이 감소한다.
3170	PerkTitle.CritRate4	85a31fc747924453	치명타 확률
3171	Perks.CritRate4	4a2baff474fac4c3	치명타 피해를 입힐 확률이 5% 증가한다.
3172	PerkTitle.MeleeDamage3	bfd31645062f02b1	무기 피해
3173	Perks.MeleeDamage3	d6aa826a857953d2	근접 무기 피해가 20% 증가한다.
3174	PerkTitle.CritDamage3	a043324daed2c0ff	치명타 피해
3175	Perks.CritDamage3	d12a99cf7a2e0e22	모든 무기의 치명타 피해가 20% 증가한다.
3176	PerkTitle.CritRate5	85a31fc747924453	치명타 확률
3177	Perks.CritRate5	4a2baff474fac4c3	치명타 피해를 입힐 확률이 5% 증가한다.
3178	PerkTitle.CritRate6	85a31fc747924453	치명타 확률
3179	Perks.CritRate6	4a2baff474fac4c3	치명타 피해를 입힐 확률이 5% 증가한다.
3180	PerkTitle.MoneyOnDeath2	b2f91a39909e189d	왕의 탐욕
3181	Perks.MoneyOnDeath2	226bda25fda16e7a	적 처치 시 획득하는 도그마가 증가한다.
3182	PerkTitle.CritRate7	85a31fc747924453	치명타 확률
3183	Perks.CritRate7	4a2baff474fac4c3	치명타 피해를 입힐 확률이 5% 증가한다.
3184	PerkTitle.RangedDamage2	2b6709a11702e92f	화살 피해
3185	Perks.RangedDamage2	9c51585ec7074ae9	화살 피해가 10% 증가한다.
3186	PerkTitle.RangedDamage3	2b6709a11702e92f	화살 피해
3187	Perks.RangedDamage3	9c51585ec7074ae9	화살 피해가 10% 증가한다.
3188	PerkTitle.RangedDamage4	2b6709a11702e92f	화살 피해
3189	Perks.RangedDamage4	9c51585ec7074ae9	화살 피해가 10% 증가한다.
3190	PerkTitle.RangedDamage5	2b6709a11702e92f	화살 피해
3191	Perks.RangedDamage5	9c51585ec7074ae9	화살 피해가 10% 증가한다.
3192	PerkTitle.BulletTimeDuration2	71404c3ec0098907	슬로 모션
3193	Perks.BulletTimeDuration2	ac8d0c5604a38c5a	슬로 모션 조준 시간이 33% 증가한다.
3194	PerkTitle.ArrowCD2	ae814825a9c83c9c	빠른 재장전
3195	Perks.ArrowCD2	41df26c4693cf09a	투사체 충전 시간이 10% 감소한다.
3196	PerkTitle.DashCD3	7f10dd8335a00e2b	빠른 대시
3197	Perks.DashCD3	f5222ccead5a58f4	대시의 재사용 대기시간이 감소한다.
3198	PerkTitle.BloodCost2	ef402bcc153127ce	소모량 감소
3199	Perks.BloodCost2	991fbdf519e2a789	피 능력의 소모량이 5% 감소한다 (치유에는 적용되지 않는다).
3200	PerkTitle.ImmuneDuration2	9c42eedc39fda79a	무적 시간 증가
3201	Perks.ImmuneDuration2	8be2012455fa8bee	피격 후 무적 시간이 25% 증가한다.
3202	PerkTitle.BloodCost3	ef402bcc153127ce	소모량 감소
3203	Perks.BloodCost3	991fbdf519e2a789	피 능력의 소모량이 5% 감소한다 (치유에는 적용되지 않는다).
3204	PerkTitle.BloodCost4	ef402bcc153127ce	소모량 감소
3205	Perks.BloodCost4	991fbdf519e2a789	피 능력의 소모량이 5% 감소한다 (치유에는 적용되지 않는다).
3206	PerkTitle.HealSpeed2	53e3156098c61039	치유 속도
3207	Perks.HealSpeed2	0f8cdaeeaf45f3e8	치유 시전 시간이 감소한다.
3208	PerkTitle.MeleeAttackSpeed1	ab33dd0cbfeec6cb	빠른 공격
3209	Perks.MeleeAttackSpeed1	051860a09d2c7463	검의 공격 속도가 증가한다.
3210	PerkTitle.CritDamage4	a043324daed2c0ff	치명타 피해
3211	Perks.CritDamage4	d9d3c3a514f6aa4b	모든 무기의 치명타 피해가 10% 증가한다.
3212	PerkTitle.MeleeDamage4	bfd31645062f02b1	무기 피해
3213	Perks.MeleeDamage4	39054f71998986e2	근접 무기 피해가 10% 증가한다.
3214	PerkTitle.CritDamage5	a043324daed2c0ff	치명타 피해
3215	Perks.CritDamage5	d9d3c3a514f6aa4b	모든 무기의 치명타 피해가 10% 증가한다.
3216	PerkTitle.MeleeDamage5	bfd31645062f02b1	무기 피해
3217	Perks.MeleeDamage5	39054f71998986e2	근접 무기 피해가 10% 증가한다.
3218	PerkTitle.MeleeAttackSpeed2	ab33dd0cbfeec6cb	빠른 공격
3219	Perks.MeleeAttackSpeed2	051860a09d2c7463	검의 공격 속도가 증가한다.
3220	Perks.MegaMagnet	0017825e5d80760a	자석의 작동 범위와 끌어당기는 속도가 증가한다.
3221	Quest.Quest29.stage_3.description	5c8b3ec554157045	임무를 완료했다.
3222	Quest.Quest30.stage_3.description	5c8b3ec554157045	임무를 완료했다.
3223	Quest.Quest31.stage_3.description	5c8b3ec554157045	임무를 완료했다.
3224	Quest.Quest32.stage_2.description	5c8b3ec554157045	임무를 완료했다.
3225	Quest.Quest33.stage_2.description	5c8b3ec554157045	임무를 완료했다.
3226	Quest.Quest17.stage_13.description	5c8b3ec554157045	임무를 완료했다.
3227	SAY.Flowchart.80.TheKingOfDarkness-Abyss-Monolith	3d01bb440d91344f	그녀를 끝장낼 수도 있었지만, 그러지 않았다...
3228	SAY.Flowchart.81.TheKingOfDarkness-Abyss-Monolith	fe6f06b7ca02e2d5	증오에 휩쓸렸어야 했는데, 대신...
3229	SAY.Flowchart.82.TheKingOfDarkness-Abyss-Monolith	95bb30feedc48fc0	이게 뭐지? 그 일이 있기 전부터 이런 기분을 느껴 본 적이 없는데... 말도 안 돼...
3230	SAY.Flowchart.83.TheKingOfDarkness-Abyss-Monolith	8be983244a5e3ab8	어둠의 왕은 사랑할 수 없다...
3231	SAY.Flowchart.80.TheQueenOfLight-Abyss-Monolith	2e0b025f7b59b3dc	마지막 일격을 가할 수 있었는데... 그러지 않았다...
3232	SAY.Flowchart.81.TheQueenOfLight-Abyss-Monolith	524a5af41042f4b3	그의 눈빛이 달라졌다. 그 눈에 서린 것은 더 이상 증오가 아니라, 더 따뜻한 무언가였다...
3233	SAY.Flowchart.82.TheQueenOfLight-Abyss-Monolith	e35b37d54c877fe5	시간이 너무 흘렀다. 이제는 옥좌를 되찾으러 돌아왔어야 한다...
3234	SAY.Flowchart.84.TheKingOfDarkness-Abyss-Monolith	8ea3fd38ef50ea70	빛이 어둠을 이기고 있다... 약해지는 게 느껴진다...
3235	SAY.Flowchart.85.TheKingOfDarkness-Abyss-Monolith	a7464e7edd1d59db	내 힘이 시시각각 사라지고 있다... 더는 버틸 수 없다...
3236	SAY.Flowchart.86.TheKingOfDarkness-Abyss-Monolith	4ea9806cd5b11fcc	뭔가 해야 한다, 아니면... 소멸하고 말 거다.
3237	SAY.Flowchart.87.TheKingOfDarkness-Abyss-Monolith	88a0e73350d6c2a0	왜 다시 카오스 앞에 무릎 꿇어야 하지?
3238	SAY.Flowchart.89.TheKingOfDarkness-Abyss-Monolith	525b8886552a76a8	내 힘을 원한다... 더 많은 힘을...
3239	SAY.Flowchart.88.TheKingOfDarkness-Abyss-Monolith	837761306d8be0a2	순환의 시대가 끝날 때가 온다...
3240	SAY.Flowchart.83.TheQueenOfLight-Abyss-Monolith	58feb105604c175a	침대는 비어 있었고, 궁전에는 그의 흔적이 없다...
3241	SAY.Flowchart.84.TheQueenOfLight-Abyss-Monolith	052e465697336b80	그가 어디로 갔든 무사하리라 믿는다. 언젠가는 돌아올 것이다...
3242	SAY.Flowchart.85.TheQueenOfLight-Abyss-Monolith	6a3dd3616fde2308	탐험가들이 그를 발견했다... 그는 아이테르나의 이 영역을 모두 지나 궁전에 다가오고 있다...
3243	SAY.Flowchart.90.TheKingOfDarkness-Abyss-Monolith	166fc0de762bcf35	계획은 이미 시작됐다. 이제 돌아갈 수 없다... 시작한 일은 끝내겠다.
3244	SAY.Flowchart.93.TheKingOfDarkness-Abyss-Monolith	1d32f118f715adb3	창조주는 모든 것을 빈틈없이 준비해 두었다... 언제나 한발 앞서 있군...
3245	SAY.Flowchart.94.TheKingOfDarkness-Abyss-Monolith	58201ebb019bc7e1	위험을 감수할 순 없다... 내 존재가 위험에 처했다... 행동해야 한다... 지금...
3246	SAY.Flowchart.88.TheQueenOfLight-Abyss-Monolith	7134cbf0ea4b038d	배신당했다... 이용당했다... 무슨 일이 일어났는지 이해할 수 없다... 우리가 함께 행복하지 않았던가?
3247	SAY.Flowchart.89.TheQueenOfLight-Abyss-Monolith	5942976656aa42ad	우리 사랑의 결실은 그의 아버지에게 먹혀 버렸다...
3248	SAY.Flowchart.90.TheQueenOfLight-Abyss-Monolith	b97dd889f71f3df1	내가 어떻게 그렇게 순진할 수 있었을까?
3249	SAY.Flowchart.91.TheQueenOfLight-Abyss-Monolith	aa09b1ea5409f796	대가를 치르게 하겠다... 빛이 다시 군림할 것이다... 오랫동안.
3250	SAY.Flowchart.93.TheQueenOfLight-Abyss-Monolith	f1b2b8a4b2ac8054	카오스의 저주 이전부터 이렇게 행복했던 적은 없었다...
3251	SAY.Flowchart.94.TheQueenOfLight-Abyss-Monolith	3e77f4255de45a60	우리 사랑의 결실은 빛과 어둠에 감싸여 태어날 것이다...
3252	SAY.Flowchart.95.TheQueenOfLight-Abyss-Monolith	5c6ab112c0ff5813	그토록 많은 증오와 싸움의 순환을 지나... 상상도 못 했지만, 사실이다... 우리 사랑은 진짜다...
3253	SAY.Flowchart.22.Tomb-TempleChaos	264edfef1ecc902a	존재의 창조주, 테트라데오스에게 영광을.
3254	SAY.Flowchart.23.Tomb-TempleChaos	2e9b7470974a77c1	언제나 공정하기를.
3255	SAY.Flowchart.24.Tomb-TempleChaos	ba1641df5696dfdd	언제나 어디에나 임하기를.
3256	SAY.Flowchart.25.Tomb-TempleChaos	dba75484235261be	언제나 전능하며, 자신이 창조한 세계의 균형을 지키기를.
3257	SAY.Flowchart.26.Tomb-TempleChaos	264edfef1ecc902a	존재의 창조주, 테트라데오스에게 영광을.
3258	SAY.Flowchart.27.Tomb-TempleChaos	2e9b7470974a77c1	언제나 공정하기를.
3259	SAY.Flowchart.28.Tomb-TempleChaos	ba1641df5696dfdd	언제나 어디에나 임하기를.
3260	SAY.Flowchart.29.Tomb-TempleChaos	dba75484235261be	언제나 전능하며, 자신이 창조한 세계의 균형을 지키기를.
3261	SAY.Flowchart.30.Tomb-TempleChaos	264edfef1ecc902a	존재의 창조주, 테트라데오스에게 영광을.
3262	SAY.Flowchart.31.Tomb-TempleChaos	2e9b7470974a77c1	언제나 공정하기를.
3263	SAY.Flowchart.32.Tomb-TempleChaos	ba1641df5696dfdd	언제나 어디에나 임하기를.
3264	SAY.Flowchart.33.Tomb-TempleChaos	dba75484235261be	언제나 전능하며, 자신이 창조한 세계의 균형을 지키기를.
3265	TMPRO.MenuLeft.-2107232	e34d74b9f5cfa952	임무
3266	TMPRO.MenuRight.-2107230	1f5e6d240313d986	수집품
3267	TMPRO.TitleProgress.-2214752	91858db92839a3f2	진행도
3268	SAY.Flowchart.78.TheKingOfDarkness-Cosmos-Lobby	71db6f2f23fe6184	이 구조는... {b}{color=#9523d8}만유 원소 하나를...{/color}{/b} 담기 위한 그릇처럼 보이는군.
3269	SAY.Flowchart.79.TheKingOfDarkness-Cosmos-Lobby	d356f1c758cce627	만유 원소 하나가 줄었군...
3270	SAY.Flowchart.80.TheKingOfDarkness-Cosmos-Lobby	cc5612abfff8bb1c	이게 마지막이었군... 모든 만유 원소가 함께 잠들었군...
3271	SAY.Flowchart.74.TheKingOfDarkness-Cosmos-Lobby	71db6f2f23fe6184	이 구조는... {b}{color=#9523d8}만유 원소 하나를...{/color}{/b} 담기 위한 그릇처럼 보이는군.
3272	SAY.Flowchart.75.TheKingOfDarkness-Cosmos-Lobby	d356f1c758cce627	만유 원소 하나가 줄었군...
3273	SAY.Flowchart.76.TheKingOfDarkness-Cosmos-Lobby	cc5612abfff8bb1c	이게 마지막이었군... 모든 만유 원소가 함께 잠들었군...
3274	SAY.Flowchart.81.TheKingOfDarkness-Cosmos-Lobby	71db6f2f23fe6184	이 구조는... {b}{color=#9523d8}만유 원소 하나를...{/color}{/b} 담기 위한 그릇처럼 보이는군.
3275	SAY.Flowchart.82.TheKingOfDarkness-Cosmos-Lobby	d356f1c758cce627	만유 원소 하나가 줄었군...
3276	SAY.Flowchart.83.TheKingOfDarkness-Cosmos-Lobby	cc5612abfff8bb1c	이게 마지막이었군... 모든 만유 원소가 함께 잠들었군...
3277	XXXItem.SwordRange1	b79ec65944a55b2f	힘을 잃은 보석 - 심연의 목소리
3278	XXXItem.SwordRange2	ef70fb82c8f6fb7d	힘을 잃은 보석 - 심연의 외침
3279	Item.DashReloadArrow	1248057e0135c0e3	보석 - 손재주
3280	Item.CrosshairBob	f40d5333d7c7d235	보석 - 천상의 렌즈
3281	Item.ClawStatic	e660bed44b46bf6c	보석 - 강철 발톱
3282	Item.MeeleDamageGem1	703f1b627f8ef9ed	보석 - 숫돌
3283	Item.BloodCostGem1	1d12268d1a90f44e	보석 - 촉매
3284	Item.CritRateGem1	a1a535dd1093e1fe	보석 - 경합금
3285	Item.CritDamageGem1	696f90161f720fcb	보석 - 소형 증폭기
3286	Item.RangedDamageGem1	3f90b5fc4c47d40d	보석 - 할로우 포인트
3287	Item.XXCooldownDarkShield	3835863d8452ed70	보석 - 자철석 심장
3288	Item.SnipedArrow	acca493b6ee0c627	보석 - 열 감지기
3289	Item.PierceArrow	af73c62fc9f36fed	보석 - 관통 촉
3290	Item.MultiShot	c05c83016046deea	보석 - 세 갈래
3291	Item.InverseTPArrow	2e5c2042960abcc7	보석 - 시간의 사파이어
3292	Item.CritSoul	a7150088fa35a711	보석 - 중합금
3293	Item.MegaMagnet	000abcfd15286801	보석 - 순수 자철석
3294	Item.WarlockSoul	9ca985b3b837d11e	보석 - 술사의 계약
3295	Item.TheVampire	19d4223c4d156b4e	보석 - 거머리
3296	Item.SwordRange1	b79ec65944a55b2f	힘을 잃은 보석 - 심연의 목소리
3297	Item.SwordRange2	ef70fb82c8f6fb7d	힘을 잃은 보석 - 심연의 외침
3298	Item.ScytheInstant	7c80ffe0073c5174	힘을 잃은 보석 - 피의 빚
3299	Item.ScytheMoreBlood	b6e38e574ac7d6a3	힘을 잃은 보석 - 피의 갈증
3300	Item.AxeRechargeTime	d79a195c61317e2a	힘을 잃은 보석 - 야만의 분노
3301	Item.AxeDamage	0c531a38e991dfc7	힘을 잃은 보석 - 야만의 돌진
3302	Item.SpearSpikeDamage	ef656b32c650239b	힘을 잃은 보석 - 무한의 칼날
3303	Item.SpearWave	fc748cb9df5dc566	힘을 잃은 보석 - 무한의 화염
3304	Item.ShurikenExtraHit1	8965db3392c4a441	힘을 잃은 보석 - 찢는 음
3305	Item.ShurikenExtraHit2	33ffad8f2329c863	힘을 잃은 보석 - 찢는 양
3306	Item.KatanaHardAttack	3bf3c2606ca3d179	힘을 잃은 보석 - 아마테라스의 혼
3307	Item.KatanaNoStun	1e830171756a81c9	힘을 잃은 보석 - 스사노오의 혼
3308	Item.Cronofragment	715f289655e75752	보석 - 크로노 파편
3309	Item.TheImperator	58cc427270896fba	보석 - 임페라토르
3310	Item.Archer	94cd22a538d14609	보석 - 궁수자리의 눈
3311	Item.BigBloodCost	c84d751a130fdd72	보석 - 목마른 루비
3312	Item.DashReloadArrow	1248057e0135c0e3	보석 - 손재주
3313	Item.TheLordVampire	a8f9041fb9574564	보석 - 흡혈귀의 혼
3314	SAY.Flowchart.111.MapSeller-Random	34c4237d2a704305	행운을 빕니다. 곧 다시 뵐 수 있기를 바랍니다.
3315	ShopItem.ShopHeart1.Name	7987ff76fda38524	심장 조각
3316	ShopItem.ShopHeart2.Name	7987ff76fda38524	심장 조각
3317	ShopItem.ShopHeart2.Description	2feca7ad777ed76a	활력의 심장 조각 하나다. 3개를 모으면 온전한 심장이 된다.
3318	ShopItem.ShopHeart3.Name	7987ff76fda38524	심장 조각
3319	ShopItem.ShopHeart3.Description	2feca7ad777ed76a	활력의 심장 조각 하나다. 3개를 모으면 온전한 심장이 된다.
3320	ShopItem.DarkMaterial1.Name	7b2a8109a6187e4b	어둠의 재료
3321	ShopItem.DarkMaterial2.Name	7b2a8109a6187e4b	어둠의 재료
3322	ShopItem.DarkMaterial2.Description	516fdd1913ed3a89	어둠이 깃든 원소로, 힘의 보석을 되살리는 데 매우 유용하다.
3323	ShopItem.DarkMaterial3.Name	7b2a8109a6187e4b	어둠의 재료
3324	ShopItem.DarkMaterial3.Description	516fdd1913ed3a89	어둠이 깃든 원소로, 힘의 보석을 되살리는 데 매우 유용하다.
3325	ShopItem.DarkMaterial4.Name	7b2a8109a6187e4b	어둠의 재료
3326	ShopItem.DarkMaterial4.Description	516fdd1913ed3a89	어둠이 깃든 원소로, 힘의 보석을 되살리는 데 매우 유용하다.
3327	ShopItem.SkillPoint1.Name	2e46a752b8eba63b	스킬 포인트
3328	ShopItem.SkillPoint2.Name	2e46a752b8eba63b	스킬 포인트
3329	ShopItem.SkillPoint2.Description	ddf841a34ed68161	스킬 트리를 강화할 스킬 포인트 1점을 부여한다.
3330	ShopItem.Ticket TAL.Name	2fb0610569daf9c3	TAL 레일 시스템 승차권
3331	ShopItem.Vessel.Name	df5beea1db66cecc	피의 그릇
3332	ShopItem.BlueGemMagnetitaPura.Name	fd956bc780dc10e4	순수 자철석
3333	ShopItem.BlueGemMagnetitaPura.Description	0017825e5d80760a	자석의 작동 범위와 끌어당기는 속도가 증가한다.
3334	ShopItem.XXXBlueGemNucleoCristalino.Name	c74276ce3e65608e	결정 핵
3335	ShopItem.XXXBlueGemNucleoCristalino.Description	a4e9b9836353e808	순간이동 후 1초 동안 모든 피해가 25% 증가한다.
3336	ShopItem.BlueGemPuntaPerforadora.Name	9d1b5b9e7cbb1c30	관통 촉
3337	ShopItem.BlueGemPuntaPerforadora.Description	5b7fb260ec030a2b	투사체가 적을 관통한다 (수정 화살에는 적용되지 않는다).
3338	ShopItem.PurpleGemFuriaSalvaje.Name	f2b1a0f85b7b6172	야만의 분노
3339	ShopItem.PurpleGemFuriaSalvaje.Description	076725b475c80367	야만의 도끼 공격이 더 빨리 충전된다.
3340	ShopItem.PurpleGemFiloInfinito.Name	fcd2e81e8f222121	무한의 칼날
3341	ShopItem.PurpleGemFiloInfinito.Description	2b45545b194fda09	적에게 내려찍을 때 순환의 창이 항상 치명타를 가한다.
3342	ShopItem.PurpleGemYingDesgarrador.Name	38dd4d3ec2dfabda	찢는 음
3343	ShopItem.PurpleGemYingDesgarrador.Description	04111f082fc650b2	피의 수리검 지속 시간이 한 번 더 적중할 만큼 증가한다 (찢는 양을 장착하면 효과가 강화된다).
3344	ShopItem.RedGemRubiSediento.Name	5d46efcb8a0af947	목마른 루비
3345	ShopItem.RedGemRubiSediento.Description	a1f1002bec8d035e	피 능력의 소모량이 50% 감소한다 (치유에는 적용되지 않는다).
3346	SAY.Flowchart.133.MapSeller-Random	4a454129fe367994	총 {b}{$Cost} 도그마{/b}입니다.
3347	MENU.Flowchart.134	5192da8be5f4bc60	구매
3348	MENU.Flowchart.135	bb9dbb406dcbd524	취소
3349	TMPRO.Text (TMP).-274334	5192da8be5f4bc60	구매
3350	TMPRO.Text (TMP).1891848	5192da8be5f4bc60	구매
3351	TMPRO.Text (TMP).2815602	5192da8be5f4bc60	구매
3352	SAY.Flowchart.91.TheKingOfDarkness-Abyss-Monolith	271d3eb40340099d	시간은 내 편이 아니다... 선택지가 바닥나고 있다... 신탁을 완전히 믿을 수는 없지만, 다른 방법이 없다...
3353	SAY.Flowchart.86.TheQueenOfLight-Abyss-Monolith	4e9d85f8ab0dcb01	내 장군들이 이미 경고했다... 어둠의 왕은 사랑할 수 없으며, 증오만 품을 뿐이다...
3354	SAY.Flowchart.23.TheKingOfDarkness-WOTF-TowerEast6	287f0c0bde83f910	가득 차면 <sprite name="heal"> 길게 눌러 보석을 소모하고 체력을 회복할 수 있겠군. 여기서 나가기 전에 치유해야겠다.
3356	Item.OxyniteDagger	5f765a406a1a7bdb	옥시나이트 단검
3357	Item.MauKey	ab985df987ddc93c	영묘의 열쇠
3358	Item.RoyalGoblinCane	3758153666479223	고블린 왕홀
3359	SAY.Flowchart.15.TheChronicler-Library	04e4c86d5cea229a	열쇠 잊지 마, 폐하.
3360	SAY.Flowchart.59.TheGuardian-TempleEntrance	fb7c6f3ae45673d2	되찾은 조각에 대한 보상입니다...
3361	SAY.Flowchart.153.TheKingOfDarkness-Map-Seller	9ab9ab1b296b0602	욕심 많은 건 미덕이지... 하지만 더는 짐을 짊어질 수 없다.
3362	Quest.Quest17.stage_1.description	1c2f193f65113467	영혼의 거울로 가는 문은 굶주린 도시에 있다.
3363	Quest.Quest17.stage_2.description	22713429752007f7	영혼의 거울 조각을 최소 10개 되찾고 수문장에게 돌아가야 한다.
3364	Quest.Quest17.stage_12.description	7f6252e313f0b4f6	영혼의 거울 조각을 모두 되찾았다. 수문장과 이야기해야 한다.
3365	SAY.Flowchart.42.TheGuardian-TempleEntrance	9138e5557761f477	영혼의 거울 조각을 최소 10개 되찾으신 뒤 다시 오십시오, 어둠의 왕이시여.
3366	Item.DragonMusic	a935182ebd6d6ccd	천상룡의 소나타
3367	ShopItem.Partitura1.Name	a935182ebd6d6ccd	천상룡의 소나타
3368	ShopItem.Partitura1.Description	f7447504145bd421	천상룡의 고대 언어로 쓰인 악보다.
3369	ShopItem.ItemSlot.Name	5600d04f1f2a89eb	보석 슬롯
3370	SAY.Flowchart.120.MapSeller-Random	7ea7c9dbcebf05a0	관심 가는 상품이 있으십니까?
3371	SAY.Flowchart.14.TheKingOfDarkness-PotionTaken	c1e69f2e48c4e1e5	이런 물약은 <sprite name="upcross"> 눌러 심장 하나를 즉시 회복할 수 있게 해 준다
3372	SAY.Flowchart.15.TheKingOfDarkness-PotionTaken	f7a9cfc87bb1eb53	{b}{color=#9523d8}한 번만 사용할 수 있다...{/color}{/b} 내가 마시면, 더 찾아야 한다.
3373	Item.HealPotionItem	2898257799fea05f	회복 물약
3374	Item.PurpleGemItem	eaadd4c8414dd18a	힘의 보석
3375	Item.PotionSlot	9ae9d703ba506e4c	물약 슬롯
3376	Item.DarkPortalSlot	8a74400830581328	차원 유리병 슬롯
3377	ShopItem.Potion.Name	2898257799fea05f	회복 물약
3378	ShopItem.Potion.Description	ba560db5560729e9	마시면 심장 하나를 회복한다. 한 번만 사용할 수 있다.
3379	TMPRO.Text (TMP).-315924	dafb13eebe06b0f6	상점 닫기
3380	DarkMatter.MaxDarkMatter	a1a5936d3b0f8a69	최대
3381	Quest.Quest29.stage_1.description	afcd524c7dce99a6	손잡이를 찾아 도살자를 쓰러뜨려야 한다. 놈은 수치심에 사로잡혀 외딴 동굴에 숨어 있을 거다. 놈의 연인이 쓴 일기로 도발할 수 있다.
3382	Quest.Quest35.title	1a78f72624fc9911	스페이스 오디세이
3383	Quest.Quest35.stage_1.description	2d07898e2caa6a96	이상한 문자가 새겨진 유물을 찾았다. 누군가는 이 문자를 번역할 수 있을 거다.
3384	Quest.Quest35.stage_2.description	74bc1ffc017788ff	이 유물은 일종의 스타게이트를 작동시키는 데 쓰인다. 하지만 정확한 좌표가 필요하다.
3385	Quest.Quest35.stage_3.description	af318ca2b8aa0958	필요한 건 모두 갖췄다. 이제 스타게이트에 유물을 넣고 좌표를 입력하기만 하면 된다.
3386	ShopItem.SwordHilt.Name	99d6b487694c439e	검의 손잡이
3387	ShopItem.SwordHilt.Description	90c78a3d6fe256b1	멸종한 생물의 뼈로 만든 검 손잡이다. 어떤 종류의 칼날에도 장착할 수 있다.
3388	TMPRO.Text_Title.5658144	b4dabbcb376c3199	왕의 스킬
3389	TMPRO.Text_Desc.5657158	256ed05169235e90	획득 가능한 각 스킬
3390	TMPRO.Text_Title.5657032	0fba1f4b22504227	왕의 무기
3391	TMPRO.Text_Desc.5658468	203bc1fba86c1195	획득 가능한 각 무기
3392	TMPRO.Text_Title.5657042	35359cc752a6a2eb	보석 슬롯
3393	TMPRO.Text_Desc.5657584	ea121ed6e8ccc47c	보석을 장착할 수 있는 각 갑옷 슬롯
3394	TMPRO.Text_Title.5657184	1bafd87ca3678632	왕들의 신전 열쇠
3395	TMPRO.Text_Title.5658124	15a05db838345e5e	피의 그릇
3396	TMPRO.Text_Title.5657122	65ad84a0a2db11f4	어둠의 재료
3397	TMPRO.Text_Title.5657978	0dfa793330cb8ba9	스킬 포인트
3398	TMPRO.Text_Title.5657688	a226c2def9ecf7d1	심장 조각
3399	TMPRO.Text_Title.5658274	c252fe20246b775a	붉은 보석
3400	TMPRO.Text_Title.5657694	f2e3e55c18de612e	보라 보석
3401	TMPRO.Text_Title.5658060	1bcde7733d7434d9	푸른 보석
3402	TMPRO.Text_Title.5656788	58d543fc6171e336	추가 강화
3403	TMPRO.Text_Title.5658322	74eb3d073f333f3f	게임 완료율
3404	TMPRO.Text_Title.5656796	535d3a1c81f328ac	제단의 조각
3405	TMPRO.Text_Title.5656688	91a1fcd2f7e8ad7e	발견한 스테인드글라스
3406	TMPRO.Text_Title.5658260	afb6ecf82c29f478	발견한 상자
3407	TMPRO.Text_Title.5658480	1f5e6d240313d986	수집품
3408	TMPRO.Text_Title.5657138	3ccbcb5238392661	완료한 임무
3409	TMPRO.Text_Title.5658448	6ef7b7afd37d28fa	왕의 도달 레벨
3410	TMPRO.Text_Title.5657854	f2db296a39ef6f3b	도그마
3411	TMPRO.Text_Title.5657936	ccbaf8a1d38f1499	패배
3412	TMPRO.Text_Title.5657322	a7c714d470c1d846	플레이 시간
3413	TMPRO.Text_Title.5657358	899d340666368487	차원 유리병
3414	TMPRO.Text_Title.5656518	77cea6202e64c7b7	회복 물약
3415	TMPRO.Text_TitleStats.7648814	bb847bb458b26936	통계
3416	TMPRO.Text_DescStats.7634928	d4866e59720c6167	모든 노드 특성 요약
3417	TMPRO.Text_TitleExp.7632150	2dba6bf7c79f75d2	경험치
3418	TMPRO.Text_DescExp.7639648	68317ffd9601c682	다음 레벨에 도달하면 스킬 포인트를 얻는다
3419	TMPRO.MustActivate.7640184	e7ce88fd3c667991	장착하려면 먼저 힘을 되찾아야 합니다.
3420	SAY.Flowchart.13.TheKingOfDarkness-EndMonologue	7e4343e8a98f9d7e	순환이 끝나려 한다...
3421	SAY.Flowchart.15.TheKingOfDarkness-EndMonologue	983175caa457ae0f	끝나고 나면 마지막으로 방문한 왕좌로 돌아가 아이테르나를 계속 탐험하며 임무를 수행할 수 있겠군.
3422	SAY.Flowchart.14.TheKingOfDarkness-EndMonologue	1321674fd155cb81	뭘 해야 하지?
3423	MENU.Flowchart.16	090c9f593790a984	여왕과 맞선다
3424	MENU.Flowchart.17	29adb4248879f757	나중에 다시
3425	SAY.Flowchart.20.TheKingOfDarkness-EndMonologue	dd678d4746c46d1e	시작한 일을 끝낼 때다...
3426	SAY.Flowchart.21.TheKingOfDarkness-EndMonologue	78e0c98bee37551d	아직 준비가 안 됐다...
3427	SAY.Flowchart.572.TheChronicler-Library	8d528c2e439d7132	자기 자신과 싸우는 기분이 어때, 어둠의 왕?
3428	SAY.Flowchart.574.TheKingOfDarkness-Library	3742d5ca262a03f2	만족감... 내면의 악마와 맞서는 것만큼 좋은 건 없지.
3429	SAY.Flowchart.571.TheChronicler-Library	5a8593e24ecdd380	정말 대단한 장면이었어... 내가 최근에 쓴 것 중 손꼽히는 장이야.
3430	SAY.Flowchart.575.TheChronicler-Library	037a043e9e7dbff4	빛의 여왕 폐하의 장보다 훨씬 흥미진진했어.
3431	SAY.Flowchart.576.TheKingOfDarkness-Library	1f39f0410c14e399	그녀도 두려움과 싸웠나?
3432	SAY.Flowchart.573.TheChronicler-Library	f5832492b27fa27e	맞아, 여왕은 너만큼 무사하진 못했지, 오랜 친구.
3433	SAY.Flowchart.577.TheKingOfDarkness-Library	b0799142d74bce9c	모두가 그런 싸움을 치를 수 있는 건 아니지...
3434	SAY.Flowchart.578.TheChronicler-Library	6643fd9f8f40125e	아예 치르지 않는 편이 나은 싸움도 있는 법이야...
3435	SAY.Flowchart.64.SwordMaster-Crossroads	d11493cc02572b0b	아니면 구름의 신전의 종을 하나 가져와도 되네.
3436	SAY.Flowchart.188.Blacksmith-Forge-3	cc3a340e1c07d8bf	폐하께는 보라 보석이 하나도 없습니다.
3437	TMPRO.Text (TMP).1966432	b08a3dca39b63fe7	화면에 이 기호가 나타날 때마다 게임이 저장됩니다.\\n시스템을 끄거나 게임을 종료하지 마세요. 진행 상황을 잃을 수 있습니다.
3438	TMPRO.TextAutoSave.469476	b08a3dca39b63fe7	화면에 이 기호가 나타날 때마다 게임이 저장됩니다.\\n시스템을 끄거나 게임을 종료하지 마세요. 진행 상황을 잃을 수 있습니다.
3439	Perks.HealKnockBack	e95f3a1e006cad15	치유를 완료하면 주변 적에게 피해를 주는 파동이 생성된다.
3440	TMPRO.Text_OnlyThrones.-400854	108e7ebfa208e250	왕좌에 앉아야 스킬 트리를 초기화하거나 보석 설정을 변경할 수 있습니다.
3441	TMPRO.Text_OnlyThronesGem.-373282	108e7ebfa208e250	왕좌에 앉아야 스킬 트리를 초기화하거나 보석 설정을 변경할 수 있습니다.
3442	Item.HoloKey	1709926cc9697f1e	기동 메모리
3443	SAY.Flowchart.36.TheKingOfDarkness-HR-Main3-B	ae798a6d9b100544	묘지 반대편 끝까지 왔군... 출구가 가까울 거다.
3444	ZONEMAP.Cruce de Caminos.Cueva de la Ascensión y Mausoleo.2356646	b5823cf56e150e63	폐광#모독자들의 은신처
3445	ZONEMAP.TransitionArea.ACHRNexus.-1458932	df5a0e794b53422b	폐광#세 갈래 노드
3446	SAY.Flowchart.153.Merchant-Shop	6bd6aa73994dc325	착한 아스누르 공짜 주기 안 좋아해, 하지만 너 가게 구했어... 너 예외 될 거야.
3447	Item.PotionsChance	78fad80ab3a07895	보석 - 현자의 돌
3448	Perks.PotionsChance	1a65bf508ef834cd	적 처치 시 물약이 등장할 확률이 3배가 된다.
3449	WF.GhostMaceHard.Name	3dfa5da13539b742	부패한 징벌의 망령
3450	WF.GhostSwordHard.Name	aa5fd2632b492a98	부패한 유령 검객
3451	WF.GhostAxeHard.Name	81ef3119316563af	부패한 저주받은 사형집행인
3452	WF.GhostSamuraiHard.Name	3c09414c06e0fd0e	부패한 부시도의 정령
3453	Perks.ItemUnequipped	1091a4a188d7cb87	미장착
3454	TMPRO.Text (TMP).2016376	82ed3d66abc8fb7f	장착
3455	TMPRO.UnequipGems.1270440	5c6157d38f1a118c	해제
3456	SAY.Flowchart.82.TheKingOfDarkness-CorruptionQuest	78728ef186235083	순수한 어둠의 핵이라... 이렇게 짙은 악과 타락의 원천을 마주치는 건 언제나 마음이 놓이는군...
3457	SAY.Flowchart.83.TheKingOfDarkness-CorruptionQuest	f368495258bede40	지금은 아무 데도 쓸 수 없으니, 어떻게 활용할지 알게 되면 돌아오겠다.
3458	SAY.Flowchart.37.TheKingOfDarkness-QuestMirror	28fb83fd5bba4973	이건 영혼의 거울 조각이다...
3459	SAY.Flowchart.38.TheKingOfDarkness-QuestMirror	1f77a750a607335d	거울에는 패배한 군주가 영혼 깊이 갈망하는 것이 비친다.
3460	SAY.Flowchart.39.TheKingOfDarkness-QuestMirror	69b1b2c53964e0f4	영혼의 거울로 들어가는 입구는 {b}{color=#9523d8}굶주린 도시{/color}{/b}에 있다... 거기에 들러야겠다.
3461	SAY.Flowchart.13.TheQueenOfLight-After-Final-Battle	5302987ebab4a19d	어서, 날 끝장내! 우리가 함께 살아온 모든 걸 파괴해! 계속 카오스의 꼭두각시로 살자고!
3462	SAY.Flowchart.14.TheKingOfDarkness-After-Final-Battle	bba5551767da3049	날 믿어... 할 수 있는 건 다 해 봤어... 하지만 우린 그에게서 벗어날 수 없어...
3463	SAY.Flowchart.16.TheKingOfDarkness-After-Final-Battle	cf22de89c57767e1	그의 규칙을 바꾸는 건 불가능해... 하지만 운명은 바꿀 수 있어.
3464	SAY.Flowchart.15.TheQueenOfLight-After-Final-Battle	4030010d7f215212	네가 불쌍해. 힘이 널 이토록 눈멀게 했구나...
3465	SAY.Flowchart.17.TheQueenOfLight-After-Final-Battle	cbafd4116e0c2445	네 어둠이 네가 사랑하던 모든 걸 끝장냈어... 우리... 우리 아들...
3466	SAY.Flowchart.18.TheQueenOfLight-After-Final-Battle	de1b8adbed246b97	넌 영원히 혼자 살아가게 될 거야... 그게 네 진짜 형벌이야...
3467	SAY.Flowchart.19.TheQueenOfLight-After-Final-Battle	dd8079ec9de2c55a	만족해?
3468	SAY.Flowchart.20.TheKingOfDarkness-After-Final-Battle	5e612ab090bf0d28	이보다 더 나을 수는 없어... 모든 일을 처리했어... 이제 너희는 무사할 거라는 걸 알아.
3469	SAY.Flowchart.22.TheQueenOfLight-After-Final-Battle	a3fec46499d379fd	이해가 안 돼...
3470	SAY.Flowchart.21.TheKingOfDarkness-After-Final-Battle	4c828a1b96d3e7a9	진정해... 내가 보여 줄게.
3471	Quest.Quest36.title	8c1913890c55d718	마지막 난관
3472	Quest.Quest36.stage_1.description	5821f3c09e1ebc78	왕들의 제단을 사용한 뒤 능력이 약해졌다. 어둠의 관문을 사용할 힘이 없다. 쉴 왕좌를 찾아 힘을 되찾아야 한다.
3473	SAY.Flowchart.43.Wiseman-HR-Main3-B	46b6afd5cebac75b	그 악보를 찾아내셔서 제 일을 대신해 주셨군요... 저는 그것을 되찾으러 이 세계에 왔습니다.
3474	SAY.Flowchart.44.TheKingOfDarkness-HR-Main3-B	3f8bb1325d3d857c	그래, 하지만 순순히 해 주진 않겠다. 싸우자.
3475	SAY.Flowchart.45.Wiseman-HR-Main3-B	2c9f230fc8340d6a	그럴 필요는 없습니다... 우리가 싸운다면 이 세계를 파괴하게 됩니다. 그리고 그건 제 역할이 아닙니다.
3476	SAY.Flowchart.46.Wiseman-HR-Main3-B	c5ee7297f809d386	폐하께 필요한 증거를 드리겠습니다...
3477	SAY.Flowchart.47.TheKingOfDarkness-HR-Main3-B	df545d0a02fa6f2e	눈을 뽑을 셈인가?
3478	SAY.Flowchart.48.Wiseman-HR-Main3-B	e24ec81cf59a88ae	우리의 유산을 되찾고 이 세계를 지키기 위해서라면 무엇이든 하겠습니다.
3479	SAY.Flowchart.49.TheKingOfDarkness-HR-Main3-B	137eeabd7ace751b	힘이 그리 큰데 낭비만 하는군... 천상룡답게 이름값은 하는군.
3480	SAY.Flowchart.50.Wiseman-HR-Main3-B	9a9b32816a109be0	높이 날아 무사히 가십시오, 어둠의 왕... 우리의 길이 다시는 교차하지 않기를 바랍니다...
3481	SAY.Flowchart.38.TheKingOfDarkness-Quest36	16200df97af4b392	후... 앉지 못한 지 영원이라도 된 것 같군... 이제 어둠의 관문을 다시 쓸 수 있겠군...
3482	SAY.Flowchart.33.TheKingOfDarkness-Quest36	777946e87d09ab06	왕들의 제단을 통해 하늘에 닿는 데는 대가가 따른다...
3483	SAY.Flowchart.34.TheKingOfDarkness-Quest36	fc08b301102166bc	쉴 수 있는 {b}{color=#9523d8}왕좌를 찾아야 한다{/color}{/b}... 그래야만 이 능력을 되찾을 수 있다.
3484	SAY.Flowchart.35.TheKingOfDarkness-Quest36	b580d5d1082c3bd2	올라오는 동안 약해졌다... 어둠의 관문을 쓸 능력을 잃었다...
3485	SAY.Flowchart.244.TheKingOfDarkness-Random	3b357ac02fea9442	상인이 준 악보가 그의 주의를 끄는 데 도움이 될 것 같군.
3486	ZONEMAP.EoWTopB.Cosmos.9930552	1551b11a8ffdde52	무대기권#별로 향하는 다리
3487	ZONEMAP.Aeterna Palace.0.9937830	d3011427b04ed1e3	왕궁 정면#두 왕관의 광장
3488	ZONEMAP.Templo de los Reyes.Espejo del alma.-18869602	60f72b95762de4a6	왕들의 신전#영혼의 거울
3489	Item.ImperialSignature	d161629ce82b53c0	황제의 서명
3490	Item.Spear	8c414839d6366291	아코리아스의 창
3491	SAY.AltarMecanics.13.TheKingOfDarknessWOTFTown	1ed777ada762a410	왕의 계단으로 올라갈까?
3492	AC.GoblinMace.Name	8c511c160ccc0e68	트롤 노예
3493	CO.DarkWorm.Name	cfbb5ecbb84bfedf	암흑물질 벌레
3494	ShopItem.MapArea.Description	a3921c207b30b98a	현재 있는 지역의 안개에 가려진 영역을 지도에 드러낸다.
3495	MusicSheet.Improvise.Name	cafdb3a939b58524	즉흥 연주
3496	MusicSheet.AllNotesTaken.Name	8a863ee389e3b893	모험가의 악보
3497	MusicSheet.DragonMusicScoreTaken.Name	a935182ebd6d6ccd	천상룡의 소나타
3498	TMPRO.Text (TMP).2558938	fdafc95a9be9f7a0	악보 선택
3499	TMPRO.Text (TMP).2557642	f9618693ab0e05f9	뒤로
3500	TMPRO.Text (TMP).2557852	354f3defb0620105	한 옥타브 낮추기
3501	TMPRO.Text (TMP).2558228	4c48f3e08fef758f	한 옥타브 높이기
3502	TMPRO.Text (TMP).2559064	188a697c43eca11d	반음 올리기
3503	TMPRO.Text (TMP).2558686	5b1bd7052c480930	연주 중지
3504	Quest.Quest13.stage_7.description	10c15141ae0f2756	궁전이 점점 가까워지고 있다... 왕의 계단 꼭대기에 입구가 있다.
3505	Quest.Quest13.stage_8.description	b68cbbf64c473a6e	왕좌에 도달해 여왕을 쓰러뜨려야 한다... 순환의 끝이 다가온다.
3506	SAY.Flowchart.13.TheKingOfDarkness-HeartFragment	c17701e911b77797	심장 조각 하나... {b}{color=#9523d8}세 개를 모을 때마다{/color}{/b} 체력 1점을 더 얻겠군.
3507	Quest.Quest30.stage_2.description	e113d353d9f1dc22	종을 손에 넣었다. 노인장에게 돌아가야 한다.
3508	SAY.Flowchart.74.TheKingOfDarkness-CorruptionQuest	5be5343b243bf920	너무 강력하군... 완전한 심장 아홉 개를 모으기 전에는 쓸 수 없다.
3509	MENU.Flowchart.88	6baa76e9059f3dae	이동하지 않음
3510	Perks.MultiShot	68428b2211932dde	투사체 세 발을 동시에 발사하지만, 각각의 피해량은 감소한다.
3511	Perks.DashReloadArrow	92c529d410aa45b0	지상에서 대시하면 탄약이 즉시 재장전된다. 일정 시간마다 한 번 발동한다.
3512	ACHIEVEMENT.LORE.visitoracle	ad82ab1e63ba740f	너 자신을 알라
3513	ACHIEVEMENT.LORE.endofhistory	bb374ae5ce2ad06f	왕이여, 영원하라!
3514	ACHIEVEMENT.TK.dungeon3	c736d359cafe173f	내 실력은 압도적이다
3515	ACHIEVEMENT.TK.dungeon6	c96ae2266ab2f88c	이런, 그렇게 쉽진 않겠군
3516	ACHIEVEMENT.UF.AI.nodamage	29907151f050e345	처리되지 않은 예외
3517	ACHIEVEMENT.AP.queen.nodamage	4a1e48b3615eb0d9	쇼는 계속되어야 한다
3518	ACHIEVEMENT.TF.phoenix.noteleport	6c2fcb802942b84d	꼼짝 마!
3519	ACHIEVEMENT.UF.AI.nohealing	c971cf00b51112cd	고철상
3520	ACHIEVEMENT.LT.sword.nopuzzlefail	fe43aa28a1ae63b1	검의 에이스
3521	ACHIEVEMENT.LORE.heroesrest	d96362d025ecc94a	편히 잠들어라
3522	ACHIEVEMENT.LORE.heroesrest.description	88dab14f82327a88	영웅의 안식처에서 가리발디를 처치하라
3523	ACHIEVEMENT.LORE.ascensioncave	f14de1b6d1dab199	어둠 속에 홀로
3524	ACHIEVEMENT.LORE.ascensioncave.description	bc91c5f3a58fc128	승천의 동굴에서 워모록을 처치하라
3525	ACHIEVEMENT.WF.devourer.west.nodamage	fc9fa30102057c1b	검은 웅덩이만 남았다
3526	ACHIEVEMENT.WF.devourer.west.nodamage.description	625ab2c5d42fd011	전투 중 피해를 입지 않고 서쪽 성벽에서 포식자를 처치하라 (Noctis)
3527	ACHIEVEMENT.AC.arena	3642d77753498f8e	투기장의 대가
3528	ACHIEVEMENT.AC.arena.description	33885e8bf614d7a8	고블린 투기장 이벤트를 완료하라
3529	ACHIEVEMENT.SECRET.complete	46be6616230aec59	결정의 제왕
3530	ACHIEVEMENT.SECRET.complete.description	e96d9d3170ad45d1	영혼의 거울을 완성하라
3531	ACHIEVEMENT.GAME_complete_history	d9dfce52060c3f98	순환의 끝
3532	ACHIEVEMENT.GAME_complete_history.description	43701318b06b81fc	본편 스토리의 모든 업적을 완료하라
3533	ACHIEVEMENT.IS.beholder	4e69031da9318f1e	응시자의 눈
3534	ACHIEVEMENT.IS.beholder.description	ec49a4bfe3b81abb	무한의 바다에서 응시자를 처치하라
3535	ACHIEVEMENT.HR.slime	fa77d942b828b8fd	끈적한 손버릇
3536	ACHIEVEMENT.HR.slime.description	c801227892b721a0	하수도 슬라임을 처치하라
3537	ACHIEVEMENT.UF.AI.advanced	c85286526edf5476	배터리 방전
3538	ACHIEVEMENT.UF.AI.advanced.description	4da13d2a2dae863b	고급 작동 모드인 AI를 처치하라 (Noctis)
3539	ACHIEVEMENT.CL.robot.advanced	106547a6c1768cd9	부서지지 않는다
3540	ACHIEVEMENT.CL.robot.advanced.description	87b630747956540a	고급 작동 모드인 빛의 요람 로봇을 처치하라 (Noctis)
3541	ACHIEVEMENT.HR.garibaldi.noarrow	d5542ebf26a1b8de	내 검이면 충분하다
3542	ACHIEVEMENT.HR.garibaldi.noarrow.description	8e515d681a801ce3	빛의 화살을 얻기 전에 가리발디를 처치하라 (Noctis)
3543	ACHIEVEMENT.WF.devourer.30min	443ad33fe853b68f	로드러너
3544	ACHIEVEMENT.WF.devourer.30min.description	4dd2ff670113acab	게임 시작부터 30분 이내에 동쪽 탑에서 포식자를 처치하라 (Noctis)
3545	ACHIEVEMENT.WF.devourer.west.noarrow	81371cd1c610febd	내 검에서 점액이 뚝뚝
3546	ACHIEVEMENT.WF.devourer.west.noarrow.description	d6eaba00f270a716	화살을 하나도 사용하지 않고 서쪽 탑에서 포식자를 처치하라 (Noctis)
3547	ACHIEVEMENT.AB.kingclone.noheal.description	55d14ee087b47634	왕의 그림자가 치유하지 못하게 하고 처치하라 (Noctis)
3548	ACHIEVEMENT.CO.chaos.1sttry	69ead28964588400	리셋 버튼은 절대 안 쓴다
3549	ACHIEVEMENT.CO.chaos.1sttry.description	1a9ff284f2753fbf	첫 시도에 카오스에게서 탈출하라 (Noctis)
3550	ACHIEVEMENT.AP.queen.fulllight	701c42ab65a1595f	홀인원
3551	ACHIEVEMENT.AP.queen.fulllight.description	af3d662d92032b95	강렬한 빛에서 한 번도 실패하지 않고 빛의 여왕을 처치하라 (Noctis)
3552	ACHIEVEMENT.GAME.shrine	153602ecd9f3d8b2	정상까지는 먼 길
3553	ACHIEVEMENT.GAME.shrine.description	7a54aec41a3691e0	왕들의 제단 조각을 모두 얻고 왕의 계단으로 가는 길을 열어라
3554	ACHIEVEMENT.GAME.chests	1cecbcd0dfe15d77	내 보오오옥물
3555	ACHIEVEMENT.GAME.chests.description	f1ca52ee9590c8ad	상자 75개를 열어라
3556	ACHIEVEMENT.LORE.points	7c6c802c976ce60a	관광객 안내 지점
3557	ACHIEVEMENT.LORE.points.description	ef8aad8c57ce0645	게임의 모든 스토리 지점을 찾아 읽어라
3558	ACHIEVEMENT.GAME.chronicler	2c10369064ab0dde	수다쟁이
3559	ACHIEVEMENT.GAME.chronicler.description	059df6c733065b30	기록자의 대사를 모두 들어라
3560	ACHIEVEMENT.GAME.allweapons	cd6792e5f8ecb9a3	무기, 무기, 또 무기
3561	ACHIEVEMENT.GAME.allweapons.description	3ec4fdeb56f6617d	모든 무기를 얻어라
3562	ACHIEVEMENT.GAME.allabilities	866f26affa7f2bba	배럴 롤을 해라
3563	ACHIEVEMENT.GAME.allabilities.description	eae4ab687ab1a0bb	모든 능력을 얻어라
3564	ACHIEVEMENT.GAME.allgems	dc6a20d90c664ba6	무한의 보석
3565	ACHIEVEMENT.GAME.allgems.description	d7620e1aee82f49b	모든 힘의 보석을 얻어라
3566	ACHIEVEMENT.GAME.level20	91e84d18472b80d8	이제 어른이다
3567	ACHIEVEMENT.GAME.level20.description	98f5e96a8ecf8406	레벨 20에 도달하라
3568	ACHIEVEMENT.GAME.allskillpoints	c45f5d7d48ae526b	재능이 넘친다
3569	ACHIEVEMENT.GAME.allskillpoints.description	524f02136cd89c49	획득 가능한 스킬 포인트를 모두 얻어라
3570	ACHIEVEMENT.GAME.fastrun	f6fc35eea80c91e7	후딱 해치우자
3571	ACHIEVEMENT.GAME.fastrun.description	d70d9a3e317e0acd	5시간 이내에 게임을 완료하라 (Noctis)
3572	ACHIEVEMENT.GAME.asnur	0d3723b5aade71df	퀵-E-마트
3573	ACHIEVEMENT.GAME.asnur.description	ceb561500d6f7873	아스누르가 판매하는 모든 아이템을 구매하라
3574	ACHIEVEMENT.GAME.allhearts	00df3453f2cece12	내 심장 조각을 하나 더
3575	ACHIEVEMENT.GAME.allhearts.description	5ed61efe6e5d7e18	모든 심장 조각을 얻어라
3576	ACHIEVEMENT.GAME.recoversoul	745e5105df9b4b45	내 영혼은 믿음직한 손에
3577	ACHIEVEMENT.GAME.recoversoul.description	4f9e3870cf0e3935	수문장에게서 네 영혼을 되사라
3578	ACHIEVEMENT.GAME.piano	6a548f37aca4edc1	다시 한 번 연주해 줘, 샘
3579	ACHIEVEMENT.GAME.piano.description	952a40bbba677870	오르간을 연주하라
3580	ACHIEVEMENT.AC.wilhelm	b0c17994bc58b30c	먼 북소리
3581	ACHIEVEMENT.AC.wilhelm.description	7c2822b282927c18	빌헬름을 처치하라
3599	TMPRO.Text (TMP).-92432	f38a2c7577c7c99a	저장 시스템 오류가 발생해 계속할 수 없습니다. X를 눌러 다시 시도하세요.
3601	TMPRO.Text (TMP).-138096	5458e6d7128e7651	게임
3602	TMPRO.Text (TMP).-138146	4fd4e5094d952e45	그래픽
3603	TMPRO.Text (TMP).-138194	4cdb40b1553e09dd	사운드
3604	TMPRO.Text (TMP).-138242	d23e4bc17a4f3906	조작
3605	TMPRO.Text (TMP).-138302	ac58fb6060cee3a0	언어
3606	TMPRO.Text (TMP).-138440	08dbb7308b9ef464	자막
3607	TMPRO.Text (TMP).-138502	c3b1b4b31358264a	진동
3608	TMPRO.Text (TMP).-138564	4aa71eee44f3db70	피해 표시
3609	TMPRO.Text (TMP).-138648	f55f35df3507118a	해상도
3610	TMPRO.Text (TMP).-138786	1588cc0beea4bd10	FPS 제한
3611	TMPRO.Text (TMP).-138924	9a048910b7aeaa91	전체 화면
3612	TMPRO.Text (TMP).-138986	dd39f1e43297cb68	MOTION BLUR
3613	TMPRO.Text (TMP).-139048	e0ca9830d069bd74	ANTIALIASING
3614	TMPRO.Text (TMP).-139110	7eb4e8d92f68e5ca	VSYNC
3615	TMPRO.Text (TMP).-139172	3b7892170777a55a	선명도
3616	TMPRO.Text (TMP).-139270	5a9ccc75b9f6890e	밝기
3617	TMPRO.Text (TMP).-139410	30e7724015a1f378	전체 음량
3618	TMPRO.Text (TMP).-139508	5939ea45e07aede1	환경음
3619	TMPRO.Text (TMP).-139606	0eb59d005cccdea8	효과음
3620	TMPRO.Text (TMP).-139704	095f012844709e1f	대사
3621	TMPRO.Text (TMP).-139802	2d6fa3d56c91d842	음악
3622	TMPRO.Text (TMP).-139900	96d8f421b9fc712d	인터페이스
3623	TMPRO.RetryText.-1273242	91d8ae68fad6f055	다시 시도
3624	TMPRO.NetworkError.-15771540	817e3734de42c2af	네트워크 오류 발생
3625	TMPRO.TextController.1397048	18fedeed8c2d0d23	원활한 플레이를 위해 컨트롤러 사용을 강력히 권장합니다.
3626	TMPRO.InputLag.-1919878	5f3a3ad7de9d0e4b	입력 지연이 발생하나요? 그래픽 설정에서 VSYNC를 꺼 보세요.
3627	SAY.Flowchart.102.Blacksmith-Forge-3	e9a7146199178530	불사조의 힘으로 어둠의 재료를 빚을 수 있습니다.
3628	Item.MusicScore	fe656b6bb506f027	악보
3629	TMPRO.Text_Title.-245710	be6f9545c8ae3e18	악보
3630	HR.SlimeQueen.Name	7d09e9e7f29fe6ab	여왕 슬라임
3631	Perks.CooldownDarkShield.Name	f10618ee50876383	원석 강옥
3632	Perks.CooldownDarkShield	96319dd2e6e63a0c	어둠의 방패 재사용 대기시간이 절반으로 감소한다.
3633	Item.ParryShield	83dcee3ebbc9b281	보석 - 옥시나이트 결정
3634	Perks.ParryShield.Name	65ff0bb615bc2243	옥시나이트 결정
3635	Perks.ParryShield	7b08d76309aa4a78	이제 어둠의 방패는 잠시만 유지되지만, 공격을 받으면 지속 시간이 늘어나고 재사용 대기시간이 크게 줄어든다.
3636	SAY.FlowchartDarkShield.45.TheKingOfDarkness-AC-Cave16	736e69fba81c50be	사용할 때마다 자동으로 재충전되지만, 속도가 느리군... 너무 자주 쓰지 않길 바라야겠군.
3637	ZONEMAP.No Man's Land.Limbo.13129528	c1042404745689bf	무인지대#림보
3638	SAY.Flowchart.116.TheKingOfDarkness-HR-Crypt6-Piano	9a219cbcc70681e6	관객들이 열광하는군. 여기 모인 영혼들이 감사의 뜻으로 내게 보석을 줬다.
3639	CO.DarkWormHatchling.Name	dd9a77e338a65138	암흑물질 벌레 새끼
3640	SAY.Flowchart.57.TheKingOfDarkness-CorruptionQuest	77b6fc9a4ab9d6dd	이제 천상의 동반자에게 피를 주입해 적들을 분해할 에너지 광선을 쏠 수 있겠군...
3641	SAY.Flowchart.87.TheKingOfDarkness-CorruptionQuest	b49548615ef41127	그걸 사용하려면 <sprite name="shotarrow"> 길게 누른 채 <sprite name="katana"> 사용해 피를 주입해야 한다
3642	SAY.FlowchartDarkShield.44.TheKingOfDarkness-AC-Cave16	10de100b7bcc334c	이건 <sprite name="darkshield"> 눌러 발동하면 적의 공격에 무적이 되지만, 함정과 광역 공격에는 효과가 없군.
3643	Item.CooldownDarkShield	c49da531fb1af191	보석 - 원석 강옥
3644	SAY.Flowchart.26.TheKingOfDarkness-HR-UG2	d634a84023e9359f	이렇게 강력한 무기는 {b}{color=#9523d8}피를 소모한다...{/color}{/b} {b}{color=#9523d8}피 저장량이 충분할 때만 쓸 수 있겠군...{/color}{/b}
3645	SAY.Flowchart.152.SwordMaster-Crossroads	34f455ea818f9d4c	아주 강력한 무기라네... {b}{color=#9523d8}피 저장량이 충분해야만 사용할 수 있네,{/color}{/b} 새파란 제자여...
3646	SAY.Flowchart.154.SwordMaster-Crossroads	2cdb797c05ecd42a	이 기술에는 피를 바쳐야 한다네... 축적된 피 저장량이 충분해야만 사용할 수 있네, 새파란 제자여...
3647	SAY.Flowchart.110.MapSeller-Random	f7eb5c24b483edf7	{b}{color=#9523d8}보석 메뉴{/color}{/b}로 가셔서 제가 선물한 보석을 선택하셔야 합니다.
3648	PerkTitle.KnockBackImmune	9bb89f17e26adfda	넉백 방지
3649	SAY.Flowchart.43.TheKingOfDarkness-Cosmos-Lobby	de54dff7956ff9a9	무슨 일이 벌어지기 전에 신탁에게 돌아가야겠군...
3650	HR.RoyalLich.Name	b556556e7ed3aaae	왕실 리치
3651	AC.SuperCrystalGeode.Name	cefab9db5773e26c	거상 정동석
3652	SAY.Flowchart.41.TheKingOfDarkness-MusicSheet	7ca9ff0dddb19a83	음... 이 화음은 익숙한데... 내 악보 중 하나다!
3653	SAY.Flowchart.42.TheKingOfDarkness-MusicSheet	7d373519029a4068	추억이 참 많군... 나머지도 찾아 예전처럼 피아노로 연주하고 싶다...
3654	SAY.Flowchart.234.TheKingOfDarkness-HR-Main3-B	161fb0da26cca5d0	상인이 내게 악보를 팔았다. 이게 왜 그렇게 중요한 거지?
3655	SAY.Flowchart.47.TheKingOfDarkness-MusicSheet	7ca9ff0dddb19a83	음... 이 화음은 익숙한데... 내 악보 중 하나다!
3656	SAY.Flowchart.48.TheKingOfDarkness-MusicSheet	7d373519029a4068	추억이 참 많군... 나머지도 찾아 예전처럼 피아노로 연주하고 싶다...
3657	TMPRO.Text_Title.-1486794	46fdb20d59e0308d	피격 횟수
3658	TMPRO.Text_Keys.-1420686	5ac1b1b93ae94c7e	미사용 신전 열쇠
3659	TMPRO.Text_Recover.-1428084	e7e372ceadc707e3	힘 되찾기
3660	ShopItem.BlueGemNucleoCristalino.Name	65ff0bb615bc2243	옥시나이트 결정
3661	ShopItem.BlueGemNucleoCristalino.Description	7b08d76309aa4a78	이제 어둠의 방패는 잠시만 유지되지만, 공격을 받으면 지속 시간이 늘어나고 재사용 대기시간이 크게 줄어든다.
3662	SAY.Flowchart.16.TheKingOfDarkness-AC5	ad7c059106ac5561	이렇게 강력한 무기는 {b}{color=#9523d8}피를 소모한다...{/color}{/b} {b}{color=#9523d8}내 피 저장량이 충분할 때만{/color}{/b} 쓸 수 있겠군...
3663	SAY.Flowchart.153.SwordMaster-Crossroads	d4adcb3af8b4c2cb	아주 강력한 무기라네... 피 저장량이 충분해야만 사용할 수 있네, 새파란 제자여...
3664	Perks.BloodCostGem1	991fbdf519e2a789	피 능력의 소모량이 5% 감소한다 (치유에는 적용되지 않는다).
3665	TMPRO.Texto1.2156618	52af3b051f7e6901	축하합니다
3666	TMPRO.Texto2.2157116	5ccc661f216e0ef3	Aeterna Noctis 완료율:
3667	TMPRO.Texto3.2157530	4688cb8ec3eb5e83	플레이해 주셔서 감사합니다
3668	TMPRO.Texto4.2157436	48bfe3a30b0c8322	게임을 계속 플레이하며 아이테르나의 모든 비밀을 발견해 보세요.
3669	TMPRO.Text (TMP).-1306582	3907e0a8b64141e8	빨리 감기
3670	CO.ElementalBomDark.Name	e0e279d99940cc7a	어둠의 원소 구체
3671	CO.ElementalBomFire.Name	bac3339133ecfa65	화염 원소 구체
3672	CO.ElementalBomIce.Name	bba2ccc39bab8ec8	빙결 원소 구체
3673	CO.ElementalBomLight.Name	721a825d847b229b	빛의 원소 구체
3674	CO.ElementalBomWind.Name	4642f4510b2d3fd8	원소 허리케인
3675	TMPRO.Text (TMP).-2582930	73c61085ae02a50e	세계 지도
3676	SAY.Flowchart.25.SwordMaster-Crossroads	674923080aee08ea	새파란 제자여, 손잡이를 가져와 도살자를 쓰러뜨리면 이 검은 네 것이네...
3677	SAY.Flowchart.76.SwordMaster-Crossroads	16284125484d1f4b	피의 수리검을 원하신다면 먼저 민첩성을 증명하셔야 합니다. 구름의 신전에 숨겨진 종 중 하나를 가져오십시오
3678	SAY.Flowchart.100.SwordMaster-Crossroads	b1a887098c50933d	새파란 제자여, 명인의 칼날에 대해 더 알고 싶으시다면 먼저 적 43명을 처치하셔야 한다는 걸 기억하십시오... 하나도 더도 덜도 안 됩니다... 뭐, 하나쯤 더라면 괜찮습니다...
3679	Perks.SlashAerialRecover	aac053913f8025bd	즉시 낙법 후 1초 동안 다음 공격이 적중 지점에 추가 어둠 베기를 일으킨다.
3680	Perks.CritSlash	de5aa5033dafd475	무기의 치명타 적중 시 적중 지점에 추가 어둠 베기를 일으킨다.
3681	Perks.DarkPower	65ab8068b26b8d12	모든 무기 공격이 적중 지점에 추가 어둠 베기를 일으킨다.
3682	SAY.Flowchart.107.TheKingOfDarkness-EndWorld-Mid	e775a79a906c4ab1	무덤 같은데... 누군가를 묻기엔 참 이상한 곳이군...
3683	SAY.Flowchart.110.TheKingOfDarkness-EndWorld-Mid	e77ce9113e74f841	여기 묻힌 자는 아주 강력한 전사였던 모양이군... 이 무덤이 무언가를 숨기고 있는 건 분명하지만, 무덤을 지키는 마법은 모르겠군.
3684	ShopItem.MusicScore.Description	f48e9ea036b293ff	신들조차 떨게 할 수 있는 악보다.
3685	Perks.TheDoctor	0148455110a34322	치유하면 심장을 하나가 아닌 두 개 회복한다.
3686	SAY.Flowchart.34.Oracle-JokeOracle	8fa4466c87e151ee	어둠의 왕, 이제 아이테르나 플러스 모드를 해금해 무한한 힘을 지녔다는 걸 기억해 두게...
3687	SAY.Flowchart.35.Oracle-JokeOracle	3e9d01becf36244f	아... 미안하군. 사실 그건 다른 시간선에서 일어난 일이었다... 지금 이 시간선에서는 여전히 같은 힘을 지니고 있다.
3688	SAY.Flowchart.38.Oracle-JokeOracle	8b77e2c99ca345aa	참 어이없는 착각이었군...
3689	SAY.Flowchart.36.TheKingOfDarkness-JokeOracle	b40f20b6c54b0509	순환마다 똑같은 농담이라니...
3690	SAY.Flowchart.37.TheKingOfDarkness-JokeOracle	98fcc495d8ec8a76	어쨌든 그 농담을 들어도 질리지가 않는군...
3691	SAY.Flowchart.39.Oracle-JokeOracle	a759cc2d62d5f433	그리고 기억해 두게... 꽃병은 걱정하지 마라.
3692	SAY.Flowchart.40.Oracle-JokeOracle	6e43b3ac1dd5509a	꽃병은 걱정하지 마라, 어둠의 왕.
3693	Controls.Jump	b73999eafb1a96b2	점프
3694	Controls.Up	60099afac8e37df3	위
3695	Controls.Down	b5112afc67b898a1	아래
3696	Controls.Left	4c3c1258fbbf7a2d	왼쪽
3697	Controls.Right	81964b7683994548	오른쪽
3698	Controls.Interact	e4dd1e06fae706c0	상호작용
3699	Controls.Attack	ec090a775820f486	공격
3700	Controls.MouseAttack	5145d36872da7491	마우스 공격
3701	Controls.Dash	3b53c77a8c93bf7b	대시
3702	Controls.UseBow	cace91a7a5166a6a	조준
3703	Controls.MouseBow	88dfab4a39625928	마우스 조준
3704	Controls.CurrentArrowAction	91ab0c5751f7f828	순간이동
3705	Controls.SwitchArrow	338e11d263c36437	화살 전환
3706	Controls.BowFreeze	fa73421b42e1b31b	조준 중 이동 정지
3707	Controls.BloodArrow	de73a708f4acd521	피의 화살
3708	Controls.DarkArrow	8fc6939ba98e7f56	빛/어둠 화살 전환
3709	Controls.HealAbility	a2470b2599e5d230	치유
3710	Controls.UsePotion	8ba22bd127bf444a	물약 마시기
3711	Controls.DarkPortal	d00658c3e779576d	어둠의 관문
3712	Controls.ShurikenAttack	fd4fcbf0a14e6280	수리검 투척
3713	Controls.ScytheAttack	c8e3b2a1d744c8a5	낫
3714	Controls.KatanaAttack	2a35ee9463d44929	카타나
3715	Controls.SpearAttack	ef5d0b37b2a9804e	창
3716	Controls.DarkShield	83e1a609a8403992	어둠의 방패
3717	Controls.Mapper.Yes	739215889580345e	예
3718	Controls.Mapper.No	1ea442a134b2a184	아니오
3719	Controls.Mapper.Add	7542a5e800f9280a	추가
3720	Controls.Mapper.Replace	74e59f0166de0061	교체
3721	Controls.Mapper.Remove	d50a3d4468356132	삭제
3722	Controls.Mapper.Swap	b322167924121f7b	교환
3723	Controls.Mapper.Cancel	bb9dbb406dcbd524	취소
3724	Controls.Mapper.None	9e3fc69d0d9cdcd5	없음
3725	Controls.Mapper.Okay	640d6761c178f2ad	확인
3726	Controls.Mapper.Done	cfcc6ad6edac1325	완료
3727	Controls.Mapper.Default	075253d0f723231d	기본값
3728	Controls.Mapper.AssignControllerWindowTitle	ceb437b6c977971b	컨트롤러 선택
3729	Controls.Mapper.AssignControllerWindowMessage	7c83ea11d2b97066	사용할 컨트롤러에서 아무 버튼이나 누르거나 조이스틱을 움직이세요
3730	Controls.Mapper.ControllerAssignmentConflictWindowTitle	eccbf550b024e849	컨트롤러 할당
3731	Controls.Mapper.ControllerAssignmentConflictWindowMessage	26c4416102318d19	이미 할당됨: {0} → {1}. 이 컨트롤러를 {2}에 할당할까요?
3732	Controls.Mapper.ElementAssignmentPrePollingWindowMessage	92670a318a3a2863	먼저 모든 조이스틱을 중앙 또는 0으로 맞춘 뒤 아무 버튼이나 누르거나 타이머가 끝날 때까지 기다리세요
3733	Controls.Mapper.JoystickElementAssignmentPollingWindowMessage	d72a9870eef47927	버튼을 누르거나 조이스틱을 움직여 {0}에 할당하세요
3734	Controls.Mapper.JoystickElementAssignmentPollingWindowMessage_fullAxisFieldOnly	2dfc2f70cccbc777	축을 움직여 {0}에 할당하세요
3735	Controls.Mapper.KeyboardElementAssignmentPollingWindowMessage	101bc52dddd00ea2	키를 눌러 {0}에 할당하세요. 보조 키도 사용할 수 있습니다. 보조 키만 할당하려면 1초 동안 누르고 있으세요
3736	Controls.Mapper.MouseElementAssignmentPollingWindowMessage	bb6292f574b36857	마우스 버튼을 누르거나 축을 움직여 {0}에 할당하세요
3737	Controls.Mapper.MouseElementAssignmentPollingWindowMessage_fullAxisFieldOnly	62e212ff8a076f71	축을 움직여 {0}에 할당하세요
3738	Controls.Mapper.ElementAssignmentConflictWindowMessage	e92aa42e482b9ecc	할당 충돌
3739	Controls.Mapper.ElementAlreadyInUseBlocked	0872bc16f8187be0	{0}: 이미 사용 중. 교체할 수 없습니다
3740	Controls.Mapper.ElementAlreadyInUseCanReplace	662546597aa8d394	{0}: 이미 사용 중. 변경할까요?
3741	Controls.Mapper.ElementAlreadyInUseCanReplace_conflictAllowed	28d60f39ef072f11	{0}: 이미 사용 중. 변경할까요? 그래도 할당을 추가할 수 있습니다
3742	Controls.Mapper.MouseAssignmentConflictWindowTitle	df20569ad89310b4	마우스 할당
3743	Controls.Mapper.MouseAssignmentConflictWindowMessage	268f820f4c501353	마우스는 이미 {0}에 할당되어 있습니다. 대신 마우스를 {1}에 할당할까요?
3744	Controls.Mapper.RestoreDefaultsWindowTitle	95a700916f2ac9b9	기본값 복원
3745	Controls.Mapper.RestoreDefaultsWindowMessage_onePlayer	39a88f2dfcfdc4bd	기본 설정으로 복원됩니다. 정말 진행할까요?
3746	Controls.Mapper.ActionColumnLabel	fb89a30ba7f64d18	동작
3747	Controls.Mapper.KeyboardColumnLabel	f023f7dd89c894c9	키보드
3748	Controls.Mapper.MouseColumnLabel	2384716817b83ec6	마우스
3749	Controls.Mapper.ControllerColumnLabel	754e89b73dc07c1e	컨트롤러
3750	Controls.Mapper.RemoveControllerButtonLabel	d50a3d4468356132	삭제
3751	Controls.Mapper.CalibrarControllerButtonLabel	dd38cd830034d7d3	보정
3752	Controls.Mapper.AssignControllerButtonLabel	6e88a2a74356015c	컨트롤러 할당
3753	Controls.Mapper.InputBehaviorSettingsButtonLabel	809853d64fec84f5	감도
3754	Controls.Mapper.DoneButtonLabel	cfcc6ad6edac1325	완료
3755	Controls.Mapper.RestoreDefaultsButtonLabel	c899f6c551056278	기본값 복원
3756	TMPRO.Continuara text.1723222	3728f95b7cf1269c	계속됩니다...
3758	Controls.Custom	4fd9b0cb33bf2737	사용자 지정
3759	Quest.Quest18.stage_1.description	a41d75ad898db3f8	오래된 악보를 모두 되찾아 피아노로 다시 연주하고 싶다.
3760	Quest.Quest18.stage_2.description	4e0aa75d9faaa21c	악보 1/16개를 연주했다.
3761	Quest.Quest18.stage_3.description	87fd61ca4c2dba70	악보 2/16개를 연주했다.
3762	Quest.Quest18.stage_4.description	66460a298e7c9aab	악보 3/16개를 연주했다.
3763	Quest.Quest18.stage_5.description	3516b579d0e48053	악보 4/16개를 연주했다.
3764	Quest.Quest18.stage_6.description	486b1c68b087f810	악보 5/16개를 연주했다.
3765	Quest.Quest18.stage_7.description	5919bdaa50fe80dd	악보 6/16개를 연주했다.
3766	Quest.Quest18.stage_8.description	018173839e558e7d	악보 7/16개를 연주했다.
3767	Quest.Quest18.stage_9.description	f9d01b212128e818	악보 8/16개를 연주했다.
3768	Quest.Quest18.stage_10.description	91da8cb59d8bb73a	악보 9/16개를 연주했다.
3769	Quest.Quest18.stage_11.description	cc5dd68bb972bd09	악보 10/16개를 연주했다.
3770	Quest.Quest18.stage_12.description	2b9cb26895decf53	악보 11/16개를 연주했다.
3771	Quest.Quest18.stage_13.description	62fe804216b21294	악보 12/16개를 연주했다.
3772	Quest.Quest18.stage_14.description	40c6399d25b0cb49	악보 13/16개를 연주했다.
3773	Quest.Quest18.stage_15.description	c096f53f39b8ea98	악보 14/16개를 연주했다.
3774	Quest.Quest18.stage_16.description	6fa3ed881034c6cf	악보 15/16개를 연주했다.
3775	Quest.Quest18.stage_17.description	5c8b3ec554157045	임무를 완료했다.
3776	SAY.Flowchart.97.TheQueenOfLight-Abyss-Monolith	0c71a09a7b25090c	그들은 그가 결국 본능에 굴복하리라고 말했다... 그가 돌아오면, 내가 기억하는 그와는 다른 모습일까 두렵다...
3777	TMPRO.Title.446568	2b37c2b71830904e	코스모스
3778	TMPRO.Title.479686	3ff89413a996be2d	해저 요새
3779	TMPRO.Title.677116	1e5d1e9f35dd55e8	심연
3780	TMPRO.Title.777260	83a3253a4bed5e1a	왕의 계단
3781	TMPRO.Title.1045726	ea5d916232e8b1b2	아이테르나 궁전
3782	TMPRO.Title.1234150	10ae27daa2504532	세상의 끝
3783	TMPRO.Title.6687364	b1f75170387e74b4	무한의 바다
3784	WF.GhostSamuraiGrey.Name	2567393ee9bf3649	도살자
3785	CL.RobotV2.Name	3ddfcaef10f2d802	전투 로봇 T-900
3786	UF.AIV2.Name	d3b38e8dd586add4	주모자
3787	MusicSheet.UnKnow	2669e033a1213e64	알 수 없음
3788	Item.SwordRange1Forged	3d283b37687dc149	보석 - 심연의 목소리
3789	Item.SwordRange2Forged	4ca83855b881e939	보석 - 심연의 외침
3790	Item.ScytheInstantForged	a6b1de163ce197eb	보석 - 피의 빚
3791	Item.ScytheMoreBloodForged	f5b22f4feb0741bf	보석 - 피의 갈증
3792	Item.AxeRechargeTimeForged	3aed43f2fb182ce5	보석 - 야만의 분노
3793	Item.AxeDamageForged	807b8dc1bf5fa2f5	보석 - 야만의 돌진
3794	Item.SpearSpikeDamageForged	306a30b9c7c792d7	보석 - 무한의 칼날
3795	Item.SpearWaveForged	5ed7c9ff79136672	보석 - 무한의 화염
3796	Item.ShurikenExtraHit1Forged	14369f0d6bf845b3	보석 - 찢는 음
3797	Item.ShurikenExtraHit2Forged	9957f0c8d05facd2	보석 - 찢는 양
3798	Item.KatanaHardAttackForged	ae948e633dc6b974	보석 - 아마테라스의 혼
3799	Item.KatanaNoStunForged	6d0557b2a18eead2	보석 - 스사노오의 혼
3800	TMPRO.Text (TMP).1892084	dafb13eebe06b0f6	상점 닫기
3801	TMPRO.Text (TMP).2814822	dafb13eebe06b0f6	상점 닫기
3802	Quest.Quest10.stage_9.description	5c8b3ec554157045	임무를 완료했다.
3803	Item.RewardSagitariusEye	94cd22a538d14609	보석 - 궁수자리의 눈
3804	Perks.PotionsChance.Name	9147d1eff936c075	현자의 돌
3805	SAY.Flowchart.35.TheGuardian-Library	c5b03f512b44deeb	<sprite name="sit"> 눌러 앉으신 뒤, <sprite name="select"> 눌러 지도 메뉴를 여십시오. <sprite name="specialmenu"> 누르면 이용 가능한 위치를 확인하실 수 있습니다.
3806	SAY.Flowchart.36.TheGuardian-Library	1c8de639f95d17bb	<sprite name="UIThrone"> 눌러 이동할 왕좌를 선택하실 수 있습니다.
3807	SAY.Flowchart.37.TheGuardian-Library	c93cfa90aeaab294	이것을 사용해 스러진 자들의 황야로 돌아가 여정을 계속하십시오.
3808	SAY.Flowchart.38.TheKingOfDarkness-Library-2	32b45ec684268434	내 어둠의 관문은 어쩌고? 내 능력 중에서도 가장 유용한 것 중 하나인데... 차원 유리병도 하나 없군.
3809	SAY.Flowchart.39.TheGuardian-Library	3cf7b80f9ed8e4cb	여기 하나 받으십시오. <sprite name="leftcross"> 몇 초간 누르면 어둠의 관문을 사용해 마지막으로 방문한 왕좌로 돌아가실 수 있습니다.
3810	SAY.Flowchart.40.TheGuardian-Library	4583b00c919f8740	기억하십시오. 이 차원 유리병은 한 번만 사용할 수 있습니다... 다시 사용하려면 충전할 방법을 찾으셔야 합니다.
3811	SAY.Flowchart.41.TheGuardian-Library	c5b03f512b44deeb	<sprite name="sit"> 눌러 앉으신 뒤, <sprite name="select"> 눌러 지도 메뉴를 여십시오. <sprite name="specialmenu"> 누르면 이용 가능한 위치를 확인하실 수 있습니다.
3812	SAY.Flowchart.42.TheGuardian-Library	1c8de639f95d17bb	<sprite name="UIThrone"> 눌러 이동할 왕좌를 선택하실 수 있습니다.
3813	SAY.Flowchart.43.TheGuardian-Library	c93cfa90aeaab294	이것을 사용해 스러진 자들의 황야로 돌아가 여정을 계속하십시오.
3814	SAY.Flowchart.44.TheKingOfDarkness-Library-2	32b45ec684268434	내 어둠의 관문은 어쩌고? 내 능력 중에서도 가장 유용한 것 중 하나인데... 차원 유리병도 하나 없군.
3815	SAY.Flowchart.45.TheGuardian-Library	3cf7b80f9ed8e4cb	여기 하나 받으십시오. <sprite name="leftcross"> 몇 초간 누르면 어둠의 관문을 사용해 마지막으로 방문한 왕좌로 돌아가실 수 있습니다.
3816	SAY.Flowchart.46.TheGuardian-Library	4583b00c919f8740	기억하십시오. 이 차원 유리병은 한 번만 사용할 수 있습니다... 다시 사용하려면 충전할 방법을 찾으셔야 합니다.
3817	MENU.AltarMecanics.11	739215889580345e	예
3818	MENU.AltarMecanics.14	1ea442a134b2a184	아니오
3819	MENU.Flowchart.80	7a4f6e09b06a2a56	측면 창고
3820	ShopItem.VozDelAbismo.Name	a51a1ff5f87bbf6f	심연의 목소리
3821	ShopItem.VozDelAbismo.Description	695bd45c6552b9ef	검으로 공격하면 자신의 속도에 따라 나아가는 어둠의 파동을 발사한다 (심연의 외침을 장착하면 효과가 증가한다).
3822	ShopItem.GritoDelAbismo.Name	b8c32cbc067a55b8	심연의 외침
3823	ShopItem.GritoDelAbismo.Description	b424c3c16dbd9560	검으로 공격하면 자신의 속도에 따라 나아가는 어둠의 파동을 발사한다 (심연의 목소리를 장착하면 효과가 증가한다).
3824	ShopItem.DeudaDeSangre.Name	a7ebc3e4d3177cee	피의 빚
3825	ShopItem.DeudaDeSangre.Description	53f389632551e07d	낫의 공격이 즉시 발동하지만, 공격할 때마다 피를 소모한다.
3826	ShopItem.SedDeSangre.Name	37d7977162952c37	피의 갈증
3827	ShopItem.SedDeSangre.Description	675d35bf652dfbb7	낫이 적에게 더 많은 출혈을 일으킨다.
3828	ShopItem.FuriaSalvaje.Name	f2b1a0f85b7b6172	야만의 분노
3829	ShopItem.FuriaSalvaje.Description	076725b475c80367	야만의 도끼 공격이 더 빨리 충전된다.
3830	ShopItem.EmbestidaSalvaje.Name	fd02034718f7bb42	야만의 돌진
3831	ShopItem.EmbestidaSalvaje.Description	0a69fc092c9cde66	야만의 도끼가 가하는 피해량이 100% 증가한다.
3832	ShopItem.FiloInfinito.Name	fcd2e81e8f222121	무한의 칼날
3833	ShopItem.FiloInfinito.Description	2b45545b194fda09	적에게 내려찍을 때 순환의 창이 항상 치명타를 가한다.
3834	ShopItem.LlamaradaInfinita.Name	778b67b49f1bf086	무한의 화염
3835	ShopItem.LlamaradaInfinita.Description	a80f9b0ad7742ea0	이제 순환의 창을 사용해도 피를 소모하지 않는다.
3836	ShopItem.YingDesgarrador.Name	38dd4d3ec2dfabda	찢는 음
3837	ShopItem.YingDesgarrador.Description	04111f082fc650b2	피의 수리검 지속 시간이 한 번 더 적중할 만큼 증가한다 (찢는 양을 장착하면 효과가 강화된다).
3838	ShopItem.YangDesgarrador.Name	558f87167947b9fc	찢는 양
3839	ShopItem.YangDesgarrador.Description	a82cc9ccc3690221	피의 수리검 지속 시간이 한 번 더 적중할 만큼 증가한다 (찢는 음을 장착하면 효과가 강화된다).
3840	ShopItem.AlmaDeAmaterasu.Name	3dde0138ffcf608f	아마테라스의 혼
3841	ShopItem.AlmaDeAmaterasu.Description	1962383513d670ee	명인의 칼날로 더 크고 강력한 베기를 가한다.
3842	ShopItem.AlmaDeSusanoo.Name	7141634833c80c43	스사노오의 혼
3843	ShopItem.AlmaDeSusanoo.Description	3d5c8bb78b608c97	페인트를 사용해도 경직되지 않는다.
3844	SAY.Flowchart.190.TheKingOfDarkness-Forge-Quest	3a6b036546e94e45	이 엘리베이터로 대장간을 빠르게 오갈 수 있겠군.
3845	SAY.Flowchart.44.TheKingOfDarknessMainForge	3a6b036546e94e45	이 엘리베이터로 대장간을 빠르게 오갈 수 있겠군.
3846	SAY.Flowchart.25.Wiseman-Random	2fbb0d65357c0425	포기하시지요, 어둠의 왕.
3847	SAY.Flowchart.47.TheQueenOfLight-AP-BossRoom	fe9b7319533577de	넌 이기적인 짐승일 뿐이야. 지워져야 해.
3848	SAY.Flowchart.54.Computer-UF-Bunker	525e5a8dd390936a	<오류> 오래된 인증 정보. 접근 코드를 갱신하십시오.
3849	SAY.Flowchart.65.Merchant-Shop	5d48046991a5f569	아스누르 보관함에 너한테 쓸모 있을 물건 하나 있어, 어둠 왕.
3850	SAY.Flowchart.66.Merchant-Shop	0781374fabc326fc	오래된 폐허에서 찾았어.
3851	SAY.Flowchart.68.TheKingOfDarkness-Shop	d2b6da33bef9090d	이 기호들... 천상룡의 언어 같은데...
3852	SAY.Flowchart.69.TheKingOfDarkness-Shop	7e4cf1200f88713e	좋은 생각이 있다.
3853	SAY.Flowchart.240.Blacksmith-Forge-3	2992f561ecf3e0b6	원하시는 대로 하십시오, 폐하.
3854	SAY.Flowchart.336.TheChronicler-Library	82794283f17c3c7e	어둠의 왕, 네가 정말 부러워.
3855	SAY.Flowchart.337.TheChronicler-Library	8f1be116b5d83929	창조된 모든 것을 담은 그릇, 코스모스 그 자체를 다녀왔구나.
3856	SAY.Flowchart.338.TheChronicler-Library	0ea936537be9fdcd	내가 쓴 글에 묘사한 만큼 아름다워?
3857	SAY.Flowchart.339.TheKingOfDarkness-Library	756ba7eb5d16177a	숨이 차는 데다 우리 창조주 카오스가 뒤를 바짝 쫓아와서, 자세히 살필 시간도 없었어.
3858	SAY.Flowchart.340.TheChronicler-Library	0d94738a029878ca	지고신이 장래가 촉망되던 세계 몇 곳을 쓸어버렸어.
3859	SAY.Flowchart.341.TheChronicler-Library	6716c2671d3119b3	곤충형 종족의 행성이 안타까워. 우리와 아주 비슷한 문명이었는데.
3860	SAY.Flowchart.342.TheKingOfDarkness-Library	016a58277efdd844	기록자, 불멸이라 해도 시간은 여전히 소중해.
3861	SAY.Flowchart.343.TheChronicler-Library	b7c365307e968616	어서 가, 친구여. 코스모스에서 찾은 열쇠를 써서 문 너머에서 기다리는 것을 되찾아.
3862	Item.RechargeDarkPortal	6ab4737ce2c82209	차원 유리병
3863	SAY.FlowchartTongue.40.TheKingOfDarkness-AC-Cave16	24d7e0aef1c1d79c	지독한 냄새가 나는군... 하지만 내게 쓸모가 있을지도 모르겠군.
3864	SAY.Flowchart.41.TheKingOfDarkness-AC-Cave16	24d7e0aef1c1d79c	지독한 냄새가 나는군... 하지만 내게 쓸모가 있을지도 모르겠군.
3865	SAY.FlowchartDarkShield.42.TheKingOfDarkness-AC-Cave16	d1b1afff68d13355	내 힘의 조각을 하나 먹었나? 어쩐지 그렇게 커졌더라니...
3866	SAY.FlowchartDarkShield.43.TheKingOfDarkness-AC-Cave16	ab37e102bc655921	개인적인 감정은 없지만, 어둠의 방패는 내 것이다. 몇 번이나 내 목숨을 구해 줬지...
3867	SAY.FlowchartDarkShield.1XX.TheKingOfDarkness-AC-Cave16	da5bd2857e5dfea0	이건 <sprite name="darkshield"> 눌러 발동하면 잠시 무적이 된다.
3868	SAY.FlowchartDarkShield.2XX.TheKingOfDarkness-AC-Cave16	43c3c51e1b5fd283	한 번만 쓸 수 있지만, 쓰러질 때마다 재충전된다... 너무 자주 쓰지 않길 바라야겠군.
3869	SAY.FlowchartAfterFirstCombat.30.TheKingOfDarkness-CL-BossRoom	0be384e53885a0fd	저 거대한 기계 녀석은 에너지가 다 떨어진 모양이군...
3870	SAY.FlowchartAfterFirstCombat.31.TheKingOfDarkness-CL-BossRoom	762406f862f03e75	그래도 멀쩡하군... 일어나지 않았으면 좋겠는데.
3871	SAY.QuestUFFlowchart.61.TheKingOfDarkness-CL-BossRoom	d3b5e63d13e9fe6a	이걸 네 시체에 넣으면 어떻게 될까, 덩치?
3872	SAY.QuestUFFlowchart.62.GiantRobot-CL-BossRoom	1c05c4531781ecc6	<판독 중> 방전된 마스터 카드.
3873	SAY.QuestUFFlowchart.63.GiantRobot-CL-BossRoom	abd582ec7ee05c1e	<충전 절차 개시>
3874	SAY.QuestUFFlowchart.65.GiantRobot-CL-BossRoom	ba261a406d552604	섬멸 개시.
3875	SAY.QuestUFFlowchart.66.TheKingOfDarkness-CL-BossRoom	d1483f6eb711d8cc	젠장!
3876	SAY.QuestUFFlowchart.64.GiantRobot-CL-BossRoom	725d8f76254be3c3	<경고> 비인가 접근 감지.
3877	SAY.QuestUFFlowchart.67.GiantRobot-CL-BossRoom	725d8f76254be3c3	<경고> 비인가 접근 감지.
3878	SAY.Flowchart.60.GiantRobot-CL-BossRoom	725d8f76254be3c3	<경고> 비인가 접근 감지.
3879	SAY.QuestUFFlowchart.68.TheKingOfDarkness-CL-BossRoom	a11adf0e10578fd5	그게 전부인가, 기계 거인?
3880	SAY.QuestUFFlowchart.69.TheKingOfDarkness-CL-BossRoom	a0f95ef81cbaa62a	음... {b}{color=#9523d8}카드에 에너지가 충전된 모양이군.{/color}{/b}
3881	SAY.QuestUFFlowchart.70.TheKingOfDarkness-CL-BossRoom	ac92c1d6c9edb865	이제 아무 단말기에나 문제없이 접근할 수 있겠군.
3882	SAY.CrystalArrowsFlowchart.75.TheKingOfDarkness-CL-BossRoom	d802379e7b2c40c9	결정화된 빛의 화살이라... 정말 그리웠군.
3883	SAY.CrystalArrowsFlowchart.76.TheKingOfDarkness-CL-BossRoom	36f9aabe3367f9ea	발사체 종류를 바꾸는 조작(<sprite name="changearrow2">)을 사용할 수 있다.
3884	SAY.CrystalArrowsFlowchart.77.TheKingOfDarkness-CL-BossRoom	603c760da6526412	화살 조작(<sprite name="shotarrow">)으로 화살을 충전하는 동안, 이동 조작(<sprite name="move">)으로 발사할 방향을 조준한다.
3885	SAY.CrystalArrowsFlowchart.78.TheKingOfDarkness-CL-BossRoom	3cf7994fea2e236e	수정 화살은 적에게 피해를 주지 않지만, 순간이동 조작(<sprite name="teleport">)으로 화살이 있는 곳까지 순간이동할 수 있다.
3886	SAY.CrystalArrowsFlowchart.79.TheKingOfDarkness-CL-BossRoom	634ede323a1a307a	이 투사체는 빛을 통과해 벽에 박히지만, 다른 장애물에 부딪히면 파괴된다.
3887	SAY.CrystalArrowsFlowchart.80.TheKingOfDarkness-CL-BossRoom	c3ad11d7ab5e479e	서둘러야 한다. 너무 늦게 순간이동하면 화살이 사라져 버릴 거다.
3888	SAY.Flowchart.81.TheKingOfDarkness-CL-BossRoom	d802379e7b2c40c9	결정화된 빛의 화살이라... 정말 그리웠군.
3889	SAY.Flowchart.82.TheKingOfDarkness-CL-BossRoom	36f9aabe3367f9ea	발사체 종류를 바꾸는 조작(<sprite name="changearrow2">)을 사용할 수 있다.
3890	SAY.Flowchart.83.TheKingOfDarkness-CL-BossRoom	603c760da6526412	화살 조작(<sprite name="shotarrow">)으로 화살을 충전하는 동안, 이동 조작(<sprite name="move">)으로 발사할 방향을 조준한다.
3891	SAY.Flowchart.84.TheKingOfDarkness-CL-BossRoom	3cf7994fea2e236e	수정 화살은 적에게 피해를 주지 않지만, 순간이동 조작(<sprite name="teleport">)으로 화살이 있는 곳까지 순간이동할 수 있다.
3892	SAY.Flowchart.85.TheKingOfDarkness-CL-BossRoom	634ede323a1a307a	이 투사체는 빛을 통과해 벽에 박히지만, 다른 장애물에 부딪히면 파괴된다.
3893	SAY.Flowchart.86.TheKingOfDarkness-CL-BossRoom	c3ad11d7ab5e479e	서둘러야 한다. 너무 늦게 순간이동하면 화살이 사라져 버릴 거다.
3894	TMPRO.MenuLeft.-477842	40ebb94aa54b1a03	수집품
3895	TMPRO.MenuRight.-477852	a1447b129b79461e	특성
3896	TMPRO.MenuLeft.3643946	91858db92839a3f2	진행도
3897	TMPRO.MenuLeft.856562	91858db92839a3f2	진행도
3898	TMPRO.MenuRight.3647438	a1447b129b79461e	특성
3899	TMPRO.MenuRight.859892	a1447b129b79461e	특성
3900	TMPRO.TitleProgress.856486	2e58ab21fd299896	보석
3901	TMPRO.Text (TMP) (1).-6336268	a1447b129b79461e	특성
3902	TMPRO.MenuRight.-6379748	2e58ab21fd299896	보석
3903	TMPRO.Text (TMP).7328348	2e58ab21fd299896	보석
3904	Quest.Quest17.stage_3.description	aa495d90716f1bbb	영혼의 거울 조각을 최소 20개 되찾고 수문장에게 돌아가야 한다.
3905	Quest.Quest17.stage_4.description	859cf427223a67c5	영혼의 거울 조각을 최소 29개 되찾고 수문장에게 돌아가야 한다.
3906	Quest.Quest17.stage_5.description	400ee28406e54fc2	영혼의 거울 조각을 최소 38개 되찾고 수문장에게 돌아가야 한다.
3907	Quest.Quest17.stage_6.description	4935bd7e5da519a9	영혼의 거울 조각을 최소 46개 되찾고 수문장에게 돌아가야 한다.
3908	Quest.Quest17.stage_7.description	743f34484ec68c05	영혼의 거울 조각을 최소 54개 되찾고 수문장에게 돌아가야 한다.
3909	Quest.Quest17.stage_8.description	d1b04094beaf2a7f	영혼의 거울 조각을 최소 61개 되찾고 수문장에게 돌아가야 한다.
3910	Quest.Quest17.stage_9.description	a1aa36c598b8160c	영혼의 거울 조각을 최소 66개 되찾고 수문장에게 돌아가야 한다.
3911	Quest.Quest17.stage_10.description	a363dd1a64272eb3	영혼의 거울 조각을 최소 71개 되찾고 수문장에게 돌아가야 한다.
3912	Quest.Quest17.stage_11.description	8c654872c8dc0492	영혼의 거울 조각을 최소 75개 되찾고 수문장에게 돌아가야 한다.
3913	SAY.Flowchart.92.TheGuardian-TempleEntrance	417672a2c517d54e	영혼의 거울 조각을 최소 20개 되찾으신 뒤 다시 오십시오, 어둠의 왕이시여.
3914	SAY.Flowchart.98.TheGuardian-TempleEntrance	76d40a66483c8534	영혼의 거울 조각을 최소 29개 되찾으신 뒤 다시 오십시오, 어둠의 왕이시여.
3915	SAY.Flowchart.95.TheGuardian-TempleEntrance	b107d5219768a445	영혼의 거울 조각을 최소 38개 되찾으신 뒤 다시 오십시오, 어둠의 왕이시여.
3916	SAY.Flowchart.104.TheGuardian-TempleEntrance	76e1e712e0d7dd71	영혼의 거울 조각을 최소 46개 되찾으신 뒤 다시 오십시오, 어둠의 왕이시여.
3917	SAY.Flowchart.101.TheGuardian-TempleEntrance	5b3ed4e2c33a71bb	영혼의 거울 조각을 최소 54개 되찾으신 뒤 다시 오십시오, 어둠의 왕이시여.
3918	SAY.Flowchart.110.TheGuardian-TempleEntrance	23134d64b9dcf2d5	영혼의 거울 조각을 최소 61개 되찾으신 뒤 다시 오십시오, 어둠의 왕이시여.
3919	SAY.Flowchart.107.TheGuardian-TempleEntrance	e8ffcf2b07a87482	영혼의 거울 조각을 최소 66개 되찾으신 뒤 다시 오십시오, 어둠의 왕이시여.
3920	SAY.Flowchart.116.TheGuardian-TempleEntrance	8debe7290554b6ae	영혼의 거울 조각을 최소 71개 되찾으신 뒤 다시 오십시오, 어둠의 왕이시여.
3921	SAY.Flowchart.144.TheGuardian-TempleEntrance	c09f5c46df0a0718	영혼의 거울 조각을 최소 75개 되찾으신 뒤 다시 오십시오, 어둠의 왕이시여.
3922	SAY.Flowchart.84.TheKingOfDarkness-CorruptionQuest	b9c1b3d2d2c6ecac	순수한 타락의 핵이라... 이렇게 짙은 악과 타락의 원천을 마주치는 건 언제나 마음이 놓이는군...
3923	SAY.Flowchart.85.TheKingOfDarkness-CorruptionQuest	f368495258bede40	지금은 아무 데도 쓸 수 없으니, 어떻게 활용할지 알게 되면 돌아오겠다.
3924	Quest.Quest35.stage_4.description	5c8b3ec554157045	임무를 완료했다.
3925	Quest.Quest36.stage_2.description	5c8b3ec554157045	임무를 완료했다.
4097	Cinematic1-Line1	fac12273b8d9ec07	시간은 화폭이고, 내 손은 그 붓이다...
4098	Cinematic1-Line2	b389457b0b73840a	태초에는 카오스만이 존재했다... 그 존재로 모든 것을 가득 채우며...
4099	Cinematic1-Line3	7246f6f1b6577139	전능자는 공간과 시간을 창조했다... 그리고 광활한 공허를 무수한 우주로 채웠다
4100	Cinematic1-Line4	bbf8262e138d030e	그는 자신의 창조물을 바라보고, 이름을 붙였다... 아이테르나
4101	Cinematic1-Line5	959b3b1f39abe44b	무수한 존재가 태어났다... 그리고 자랑스럽게도, 의지를 부여해 그들을 풀어 주었다
4102	Cinematic1-Line6	68403f5ad5e887af	시간은 그의 유토피아를 무너뜨렸다...
4103	Cinematic1-Line7	45317c6e4bc0522e	힘을 탐한 창조물들은 자신들의 존재를 파괴하는 일부터 시작했다
4104	Cinematic1-Line8	e29af337d0ce435f	두 거대 세력이 나타났다... 빛과 어둠
4105	Cinematic1-Line9	4dfb6b5cf5e58ca0	아이테르나의 힘을 차지하기 위한 전쟁을 시작하며...
4106	Cinematic1-Line10	097754da49e31976	그 힘은 애초에 그들의 것이 아니었다
4107	Cinematic1-Line11	e5219ce97b853950	분노한 카오스는 그 지도자들에게 불멸의 저주를 내렸다...
4108	Cinematic1-Line12	eecf60cb1ca2e11c	그들이 그토록 파괴하려 했던 균형을 유지하기 위해 영원히 싸우도록 강제했다
4109	Cinematic1-Line13	47cb08b529d45819	저주받은 빛의 여왕...
4110	Cinematic1-Line14	a30b2c147f08d47b	어둠의 왕. 두 군주는 아이테르나의 옥좌를 두고
4111	Cinematic1-Line15	65fbc92a08b5f6e8	균형을 되찾기 위해 목숨을 걸고 싸웠다
4112	Cinematic1-Line16	394542508cc13756	쓰러진 자는 승리를 거두고 전투에서 잃은 힘을 되찾을 때까지 되살아나야 했다
4113	Cinematic1-Line17	28fe3d2cb43a4ef4	만족한 카오스는...
4114	Cinematic1-Line18	eba611aa104925d4	빛과 어둠이 번갈아 지배하도록 해 균형을 유지했다...
4115	Cinematic1-Line19	f092edecafac7f57	시간의 끝까지
4116	Cinematic1-Line20	3eff7bfc81c7ecca	모든 생명이 끝날 때까지
4117	Cinematic1-Line21	8bbb11f3b5d2d109	삶에서 삶으로
4118	Cinematic1-Line22	8bbb11f3b5d2d109	영원이 소멸할 때까지, 모든 생명이 끝날 때까지
4119	Cinematic1-Line23	66848e9076010553	삶에서 삶으로, 삶에서 삶으로. 밤과... 낮의 영원한 순환.
4120	Cinematic2-Line1	fac12273b8d9ec07	시간은 화폭이고, 내 손은 그 붓이다...
4121	Cinematic2-Line2	b00ae82f6fcd2745	빛과 어둠으로부터... 혼돈스러운 조화를 이루며 아이테르나를 번갈아 지배하는 순환이 이어졌다
4122	Cinematic2-Line3	66848e9076010553	밤과... 낮의 영원한 순환.
4123	Cinematic2-Line4	66848e9076010553	밤과... 낮의 영원한 순환.
4124	Cinematic2-Line5	500554b34cb23ed5	전투에서 전투로...
4125	Cinematic2-Line6	5fe52212906008f4	죽음과 삶...
4126	Cinematic2-Line7	4c98836dfc234a15	전투가 절정에 이르러 여왕이 왕 앞에 무릎 꿇었을 때... 여왕은 왕의 눈에서 망설임의 그림자를 보았다
4127	Cinematic2-Line8	ca2e3f4107c00dc3	여왕은 남아 있던 마지막 빛을 한데 모았다... 발치에 놓인 검을 집었다... 그리고 마지막 움직임으로 숙적의 몸을 꿰뚫었다
4128	Cinematic2-Line9	77e8f725dcee0bac	왕은 무심한 눈빛을 한 채 사라져 갔다
4129	Cinematic2-Line10	3cebb9f502a69b57	놀란 여왕은 환희를 느끼지 못했다... 대신 기묘한 슬픔이 영혼을 옥죄었다
4130	Cinematic2-Line11	37fe011b3dab28c7	마치 시간 그 자체보다도 오래된 그리움이 내면에서 깨어난 듯했다
4131	Cinematic2-Line12	fe6cf6b667fcc09d	세월은 흘러 수백 년이 되었다... 그리고 왕은 끝내 돌아오지 않았다
4132	Cinematic2-Line13	dae3f908a75a63b4	균형은 깨진 듯했고, 세계는 비할 데 없는 빛의 시대에 잠겼다
4133	Cinematic2-Line14	927c505f84f7d2fa	한편 고통받는 여왕의 영혼 속에서는... 한 질문이 천둥 같은 메아리로 울려 퍼졌다
4134	Cinematic2-Line15	9829c902953b1f75	그 눈빛에서 느낀 그 망설임은 무엇이었을까?
4135	Cinematic2-Line16	562b3c3b87f856d2	혼란에 빠진 여왕은 그가 운명과의 약속에 나타나지 않으리라는 것을 알고, 답을 찾아 떠나기로 했다
4136	Cinematic2-Line17	3406d3e5b4594e1a	홀로, 모든 저항을 무릅쓰고, 불확실한 운명을 향해 떠났다
4137	Cinematic2-Line18	d78b4f441ea7d227	아이테르나 깊은 곳으로 들어갔다... 심연의 문 앞까지
4138	Cinematic2-Line19	ed1286eec1d0c51e	전투를 각오하고 검을 뽑았다... 그런데 놀랍게도 문이 열렸다
4139	Cinematic2-Line20	b6bb2b4587eea277	끔찍한 야수들이 그녀의 앞길을 비켜 주었다
4140	Cinematic2-Line21	0a937e66b19686ca	어두운 길 끝에 저주받은 왕의 영혼이 태어난 요람이 모습을 드러냈다
4141	Cinematic2-Line22	a367b01e66cb898c	그 안에는 스러진 군주가 기다리고 있었다... 무심한 모습으로 왕좌에 앉은 채였다
4142	Cinematic2-Line23	9a334bef9cccc559	삶에서 삶으로...
4143	Cinematic2-Line24	9a334bef9cccc559	삶에서 삶으로...
4144	Cinematic2-Line25	66848e9076010553	밤과... 낮의 영원한 순환.
4145	Cinematic2-Line26	6a87b10100c466e5	시선과 시선이 거듭 마주치고... 두 영혼이 맞닿았다... 그리고 그 순간, 모든 것을 깨달았다
4146	Cinematic2-Line27	1f799505af823231	여왕은 마음 깊은 곳에서 언제나 답을 알고 있었다... 하지만 받아들이기를 거부했다
4147	Cinematic2-Line28	6d77bfe23b8ce30e	순환이 이어지는 동안 두 사람을 맞서게 했던 경쟁은... 더욱 강렬하고 순수한 무언가로 바뀌었다
4148	Cinematic2-Line29	036b87fedd353541	영원히 맞서던 빛과 어둠은 서로의 힘을 융합해, 신비롭게 고동치는 새로운 존재를 탄생시켰다...
4149	Cinematic2-Line30	3d45bc471c3e8fe8	밤도 낮도 아니고... 빛도 어둠도 아니며...
4150	Cinematic2-Line31	7932d23084243c39	회색 영혼
4151	Animepost-Line1	0b3d3152f28035e9	아무도 몰랐던 사실은, 내가 내 뜻대로 영혼의 운명을 바꿨다는 것이다...
4152	Cinematic3-Line1	fac12273b8d9ec07	시간은 화폭이고, 내 손은 그 붓이다...
4153	Cinematic3-Line2	14156ef38bc0d88d	시간의 흐름은 회색 영혼을 흔들지 못했다... 아이테르나 궁전에서 무심히 쉬며
4154	Cinematic3-Line3	92301881e3045d1b	아무런 반응도 없이... 아무런 변화도 없이... 어떤 성장도 감정도 보이지 않은 채
4155	Cinematic3-Line4	0ab65470871360a8	일찍이 없었던 사랑이 두 군주를 맺었고, 그들은 셀 수 없는 세월 동안 사랑에 빠져 있었다
4156	Cinematic3-Line5	da0ab1ca7f1e960d	그로 인해 빛의 힘이 왕국에 영원히 머물렀고... 균형은 무너졌다
4157	Cinematic3-Line6	bf12c549b44cbd8d	그 영원 속 어느 순간, 무언가가 왕의 꿈을 잠식했다.
4158	Cinematic3-Line7	7b4ea61883ad7506	빛이 모든 것을 뒤덮었고, 왕의 힘은 약해져 갔다
4159	Cinematic3-Line8	5b7ce643b70ee706	조금씩 여왕의 지배는 왕의 존재를 소모하고 있었고, 왕은 이를 막을 수 없었다
4160	Cinematic3-Line9	cccbbff8a9942503	어둠 속에서 의심이 피어났다. 힘을 잃고 이기심에 판단이 흐려질까 하는 두려움이 점점 커졌기 때문이다
4161	Cinematic3-Line10	dbd073d953589dbd	그녀를 죽이고 새 순환을 시작하면 그의 고통도 끝날 터였다
4162	Cinematic3-Line11	0856877dcabcbc8a	상황에 짓눌린 왕은 다시는 카오스의 뜻에 굴복하지 않기로 하고, 답을 찾아 궁전을 떠났다
4163	Cinematic3-Line12	804585eae25e370c	그가 아는 한, 아이테르나에서 자신을 도울 수 있는 존재는 하나뿐이었다
4164	Cinematic3-Line13	ac5f42e7817d2fe7	왕은 시간보다 오래된 존재를 찾아 왕들의 신전까지 여행했다
4165	Cinematic3-Line14	320e994b0aae545e	기록자
4166	Cinematic3-Line15	956ffb573ab14386	전지한 기록자는 존재가 시작된 때부터 아이테르나에서 일어난 모든 일을 모아 기록했다
4167	Cinematic3-Line16	b10188bee961e043	가장 사소한 일부터 가장 영웅적인 일까지
4168	Cinematic3-Line17	33d5ff072b607f31	하지만 이번 일은 너무나 이례적이어서 기록자도 답을 내놓지 못했다
4169	Cinematic3-Line18	48025af25ccd5150	그럼에도 기록자는 그에게 무서운 진실을 밝혔다...
4170	Cinematic3-Line19	951a4e3e78087109	카오스의 계율, 우주의 원리를 지배하는 절대적인 법칙
4171	Cinematic3-Line20	72e312e05539a65e	그중 하나에는 이렇게 적혀 있었다: 빛의 존재 하나와 어둠의 존재 하나만이 존재할 것이다
4172	Cinematic3-Line21	52a7317eff488da4	그 명령은 단호했다. 카오스는 제3의 존재를 허락하지 않았다
4173	Cinematic3-Line22	98e72b19becd05bc	왕은 몸을 떨었고, 기록자는 그의 의심을 확인해 주었다... 두 군주의 창조물이 태어나는 순간... 두 사람 중 하나는 존재를 잃을 것이다
4174	Cinematic3-Line23	ca5c5728d2419057	겁에 질린 왕은 무너졌다... 회색 영혼은 어느 쪽에 속할까? 둘 중 누가 파멸할 운명인가?
4175	Cinematic3-Line24	0d1a97587ccad309	모든 것이 끝난 것은 아니었다. 또 다른 비밀이 그에게 모습을 드러냈다
4176	Cinematic3-Line25	02f8a9ab7a793779	시간을 해석하고, 지금껏 누구도 답하지 못한 질문에 답할 수 있는 존재가 있었다
4177	Cinematic3-Line26	57d524b48c4c1b82	어쩌면 그 존재가 해결책을 제시할 수도 있었다...
4178	Cinematic4-Line1	fac12273b8d9ec07	시간은 화폭이고, 내 손은 그 붓이다...
4179	Cinematic4-Line2	9dd012983db8daff	내려진 결정 하나는 다시 쓰인 미래다...
4180	Cinematic4-Line3	241590126ea06056	왕은 희망을 품고 신탁 앞에서 물었다. 그러나 질문이 끝나기도 전에, 신탁은 말없이 손을 들어 올렸다
4181	Cinematic4-Line4	443ada259b8645da	그리고 왕의 눈앞에 그가 가장 갈망하던 것을 보여 주었다... 회색 영혼의 본질
4182	Cinematic4-Line5	b85c9e87260f1930	마침내 그는 자신의 아이가 맞이할 운명을 알게 되었다. 그러나 이제 그 어느 때보다 임박한 현실에 대한 해결책이 필요했다
4183	Cinematic4-Line6	2e5c79a58cf777a5	진실은 두려움을 가라앉히기는커녕, 상상도 못 할 정도로 키웠다
4184	Cinematic4-Line7	a27ae1f4b99cbcd6	신탁은 미래를 바꿀 수 있다고 일러 주었다. 다만 어떤 일이 있어도 회색 영혼을 파괴해서는 안 된다고 경고했다
4185	Cinematic4-Line8	7f7c762d27bac5fb	이 경고 뒤, 신탁은 반드시 충족해야 할 세 가지 조건을 보여 주었다
4186	Cinematic4-Line9	bf93277a4eff8e35	지고신 카오스만이 다가올 일을 바꿀 수 있다. 그 힘은 너무나 강력해서, 그 정수의 조각 하나만으로도 미래를 다시 쓸 수 있다
4187	Cinematic4-Line10	e48dc933161f90f0	그것을 손에 넣어 내 앞에 가져와야 한다
4188	Cinematic4-Line11	be69ae44f5fff573	영혼의 본능을 바꾸려면, 그 영혼이 그 자리에 있어야 한다
4189	Cinematic4-Line12	61b03492a1bd18e8	영혼을 옮기려면, 요람에서 꺼내 다른 그릇에 담아야 한다
4190	Cinematic4-Line13	4e054dead066e615	마지막 조건으로, 의식이 진행되는 순간에는 아이테르나를 다스리고 있어서는 안 된다
4191	Cinematic4-Line14	5f5bbbb3c731c81d	영혼은 순환이 바뀌어야만 부화하므로, 그 변화를 직접 일으키는 자가 되어야 한다
4192	RenderScale.7	c7860c91edaee14a	고성능
4193	RenderScale.8	0fb6f5157a9090e0	성능
4194	RenderScale.9	f5c8dd1c124cc16b	최적
4195	RenderScale.10	aad67f106a0849a4	품질
4196	RenderScale.11	498e42411dadf5aa	고품질
4197	TMPRO.CurrentDiff.-5123338	46fe31b63d2982d9	(현재)
4198	TMPRO.Text (TMP).-7442540	75401696d8df4d7b	아이테르나 (보통)
4199	TMPRO.TitleDiff.-12905774	cda224150979ace4	난이도 선택
4200	TMPRO.ChangeDiff.-1632120	3595d7d8c57b202f	게임 중에도 변경할 수 있습니다
4201	TMPRO.Text (TMP) (1).-8695382	9aaa55cd9e278c5e	액션과 탐험 중심의 경험
4202	TMPRO.NotaAeterna.-1626600	676fd02ea7d63e45	(메인 스토리 도전 과제만 달성할 수 있습니다)
4203	TMPRO.NotaAeterna.-2327222	676fd02ea7d63e45	(메인 스토리 도전 과제만 달성할 수 있습니다)
4204	TMPRO.NotaAeternaPS.-761598	e2537d54d081bc96	(메인 스토리 도전 과제만 달성할 수 있습니다)
4205	TMPRO.NotaAeternaPS.-985032	e2537d54d081bc96	(메인 스토리 도전 과제만 달성할 수 있습니다)
4206	TMPRO.Text (TMP).-7442642	58f1f3b5a0e73feb	녹티스 (어려움)
4207	TMPRO.Text (TMP) (1).-8695958	0ad0186d54132d94	플랫포밍과 퍼즐, 고난도 액션 중심의 더욱 도전적인 경험.
4208	TMPRO.NotaNoctis.4270006	719e80e53b52cff1	(스토리 및 고난도 도전 과제를 모두 달성할 수 있습니다)
4209	TMPRO.NotaNoctis.-2349542	719e80e53b52cff1	(스토리 및 고난도 도전 과제를 모두 달성할 수 있습니다)
4210	TMPRO.NotaNoctisPS.-777052	cfb97073cb3f6e29	(스토리 및 고난도 도전 과제를 모두 달성할 수 있습니다)
4211	TMPRO.NotaNoctisPS.-986284	cfb97073cb3f6e29	(스토리 및 고난도 도전 과제를 모두 달성할 수 있습니다)
4212	TMPRO.Text (TMP).-7691612	bd62e781ec4eafb8	뒤로
4213	TMPRO.NotaDiffNoctis.-1762350	ed36d1ddc4751de8	어려운 도전이 있다면 진행도를 잃지 않고 난이도 모드를 전환할 수 있습니다.
4214	TMPRO.Text (TMP).4546930	902d807cc83343cf	난이도
4215	TMPRO.ChangeDiifTitle.4545522	2069419bf718d3b3	난이도 변경
4216	TMPRO.ChangeDiffDesc.-2331574	e91fe55202de3820	장면이 다시 시작되며 진행 상황은 저장됩니다.
4217	TMPRO.Text (TMP).579548	e34461011e0519fd	부드러운 조작
4219	Quest.Quest37.title	50d697c2582b2827	채찍도 모자도 없이
4220	Quest.Quest37.stage_1.description	57b868042118f736	가리발디는 무슨 뜻으로 그런 말을 한 걸까? 고고학자라면 더 많은 정보를 줄지도 모른다.
4221	Quest.Quest37.stage_2.description	f805160014c0c16d	드레이크 6세가 그 의문의 카타콤 중앙실에서 나를 기다리고 있다.
4222	Quest.Quest37.stage_3.description	1034ec3a0f04ff58	이곳을 탐험해 지도를 만드는 데 도움이 될 기준점을 찾아야 한다. 기준점: 0/3
4223	Quest.Quest37.stage_4.description	4e88c9df9d611cb5	이곳을 탐험해 지도를 만드는 데 도움이 될 기준점을 찾아야 한다. 기준점: 1/3
4224	Quest.Quest37.stage_5.description	ef7ed2acdeafc866	이곳을 탐험해 지도를 만드는 데 도움이 될 기준점을 찾아야 한다. 기준점: 2/3
4225	Quest.Quest37.stage_6.description	3bc4d09413ad407e	기준점을 충분히 찾았다. 드레이크 6세에게 돌아가야 한다.
4226	Quest.Quest37.stage_7.description	5c8b3ec554157045	임무를 완료했다.
4227	Quest.Quest38.title	b1aef9c783801bf8	저주받은 혈통의 유산
4228	Quest.Quest38.stage_1.description	0f6776ce165957b8	무덤 너머에 무엇이 기다리고 있는지 알아내야 한다.
4229	Quest.Quest38.stage_2.description	54da22086194c588	다시 한 번 널 끝장내겠다, 가리발디.
4230	Quest.Quest38.stage_3.description	bd938c8ed5f9d2ff	도망칠 수는 있어도 벗어날 수는 없다. 가리발디의 영혼이 어디로 가든 쫓겠다.
4231	Quest.Quest38.stage_4.description	0e811c07bf4b829e	기록자를 찾아가 그 수수께끼의 문에 관해 물어봐야 한다.
4232	Quest.Quest38.stage_5.description	0b00ff567fbc9fa7	좌표는 있다. 이제 어디서 어떻게 쓸지만 알아내면 된다.
4233	Quest.Quest38.stage_6.description	47bb0c32b39376ca	이 좌표가 이끄는 곳에서 쓸모 있는 것을 찾을 수 있기를 바란다.
4234	Quest.Quest38.stage_7.description	efad7df79dcda5b2	방금 손에 넣은 단검이 그 빌어먹을 살덩이 문을 열어 줄 것 같다.
4235	Quest.Quest38.stage_8.description	c3ea060cde2fe66c	다시 널 끝장내겠다, 가리발디... 이번이 마지막이다.
4236	Quest.Quest38.stage_9.description	4b53a9530f64ae36	기억이... 군데군데 비어 있다. 무슨 일이 있었든, 기록자에게 알려야 한다.
4237	Quest.Quest38.stage_10.description	5c8b3ec554157045	임무를 완료했다.
4238	Quest.Quest39.title	884773844f1f6365	매트릭스의 균열
4239	Quest.Quest39.stage_1.description	7f6943ecac2bac03	인공 차원의 입구를 모두 찾아야 한다. 1/13
4240	Quest.Quest39.stage_2.description	653d6811b03d28b7	인공 차원의 입구를 모두 찾아야 한다. 2/13
4241	Quest.Quest39.stage_3.description	e34354188be1a401	인공 차원의 입구를 모두 찾아야 한다. 3/13
4242	Quest.Quest39.stage_4.description	31a0500913494329	인공 차원의 입구를 모두 찾아야 한다. 4/13
4243	Quest.Quest39.stage_5.description	cde9d69cbf94bd9b	인공 차원의 입구를 모두 찾아야 한다. 5/13
4244	Quest.Quest39.stage_6.description	ce06bd886b8c8b13	인공 차원의 입구를 모두 찾아야 한다. 6/13
4245	Quest.Quest39.stage_7.description	4cf6506a162dad51	인공 차원의 입구를 모두 찾아야 한다. 7/13
4246	Quest.Quest39.stage_8.description	d519816e42e86ae3	인공 차원의 입구를 모두 찾아야 한다. 8/13
4247	Quest.Quest39.stage_9.description	8c2407ff94a92ff5	인공 차원의 입구를 모두 찾아야 한다. 9/13
4248	Quest.Quest39.stage_10.description	bb5a2381453acfb4	인공 차원의 입구를 모두 찾아야 한다. 10/13
4249	Quest.Quest39.stage_11.description	81e1eb67501bdaa3	인공 차원의 입구를 모두 찾아야 한다. 11/13
4250	Quest.Quest39.stage_12.description	baf9fd163ba6bf8b	인공 차원의 입구를 모두 찾아야 한다. 12/13
4251	Quest.Quest39.stage_13.description	5c8b3ec554157045	임무를 완료했다.
4252	TMPRO.Text (TMP).607504	26cdf6c3ed27e78b	조준 보조
4253	TMPRO.Text (TMP).-7561666	4d1e6caec77227ec	재시작
4254	TMPRO.Text (TMP).-8504606	4acf4878e557cbbf	리플레이 보기
4255	TMPRO.GoText.282056	7b498339783e7918	시작!
4256	TMPRO.ReadyText.281154	90d4b3603064694e	준비됐나요?
4257	TMPRO.Message.280512	6742107a4ab23761	도전 시간
4258	TMPRO.MedalsTitle.281042	dfa1054c2f19403a	메달
4259	TMPRO.RecordLabel.280706	f9085bf3a4e33576	PB
4260	TMPRO.SkillText.280680	006da31f9c296b36	화살
4261	TMPRO.SkillText.280914	9aae10352e4e16b7	화살 재사용 대기시간
4262	TMPRO.SkillText.281364	7dcaa02af3249f42	수정 화살
4263	TMPRO.SkillText.281438	2879b9fdd4432dd1	빛의 화살
4264	TMPRO.SkillText.281694	bae5550adfc564ca	벽 매달리기
4265	TMPRO.SkillText.280978	4274b048f813395f	점프
4266	TMPRO.SkillText.280602	f64d85ed2d138802	대시 재사용 대기시간
4267	TMPRO.SkillsTitle.280734	ccc4a465c3ef071d	스킬
4268	TMPRO.SkillsTitle.478908	ccc4a465c3ef071d	스킬
4269	TMPRO.TeleportText.311768	3bced4f22994de74	인공 차원으로 이동할까요?
4270	TMPRO.TMPText.311744	739215889580345e	예
4271	TMPRO.TMPText.311360	1ea442a134b2a184	아니오
4272	TMPRO.TitleText.2590200	68fb3ffb789aa422	순위표
4273	SAY.Flowchart.185.MapSeller-Random	fe132c97b6c88cb3	카오스의 축복이 함께하기를, 어둠의 왕이시여! 충심을 바치는 저희의 길을 그 존재만으로 밝혀 주시는군요.
4274	SAY.Flowchart.190.MapSeller-Random	f281e387bba6cd1a	문자 그대로는 아닙니다만, 어차피 순수한 어둠과 악의 존재이시니, 무슨 뜻인지 아시겠지요...
4275	SAY.Flowchart.191.TheKingOfDarkness-Map-Seller	803ef95c5597988f	왜 그렇게 들떠 있지? 설마 homo aeternus의 두개골이라도 찾은 건가?
4276	SAY.Flowchart.192.MapSeller-Random	c7db85544325ad75	더욱 좋은 소식입니다, 나의 주군! 제가 발견한 것은 화석 천 개보다도 대단합니다!
4277	SAY.Flowchart.193.MapSeller-Random	c40effc692fa2c51	마지막 탐사에서 스러진 자들의 황야 가장 깊은 곳까지 들어갔다가, 여러 순환 동안 묻혀 있던 구역을 발견했습니다...
4278	SAY.Flowchart.194.TheKingOfDarkness-Map-Seller	a734798b7f926fec	왜 이 얘기를 내게 하는 거지? 빙빙 돌리지 말고 지도 값을 얼마나 부를 건지 말해라.
4279	SAY.Flowchart.195.MapSeller-Random	2711e894dfc22aa2	그게 문제입니다, 폐하... 그곳은 척박하고 여러 순환 동안 버려진 데다, 통로와 회랑에는 위험한 생물들이 살고 있습니다...
4280	SAY.Flowchart.196.MapSeller-Random	e47641de6010d92b	감히 중앙실 너머까지 탐험하지 못했습니다... 이 발굴지를 지도에 담는 일을 도와주시겠습니까?
4281	SAY.Flowchart.197.TheKingOfDarkness-Map-Seller	47ddfb2065ea833f	고고학은 돈이 많이 드는 일이라고 말했던 게 기억나는데... 어떤 보상을 줄 생각이지?
4282	SAY.Flowchart.198.MapSeller-Random	82f8e1244432fdcb	음, 저는... 어... 도그마로 보상해 드릴 수는 없습니다. 지금은 제 금고가 조금 빈약해서요. 하지만 그 아래에서 발견하시는 것은 전부 가지셔도 됩니다.
4283	SAY.Flowchart.199.TheKingOfDarkness-Map-Seller	d593c6e98c049854	음... 값을 매길 수 없는 보물일 수도 있고, 먼지와 뼈 더미일 수도 있겠지... 거래 성립이다.
4284	SAY.Flowchart.200.MapSeller-Random	e472e41599d9e209	카오스의 영광을 위하여! 저 같은 보잘것없는 필멸자가 어둠의 왕과 어깨를 나란히 하고 일하다니? 여쭤 보고 싶은 것이 너무나 많습니다...
4285	SAY.Flowchart.201.TheKingOfDarkness-Map-Seller	0596b6681f3dd362	시작부터 이렇군, 후회하게 만들지 마라... 장소만 알려 줘라. 시간이 있으면 가서 손을 보태지.
4286	SAY.Flowchart.203.MapSeller-Random	09e018cd9735cba7	놀랍습니다! 입구는 스러진 자들의 황야에 있습니다. {b}{color=#9523d8}동쪽 성벽 근처에서 진입 터널을 찾으실 수 있습니다.{/color}{/b}
4287	SAY.Flowchart.204.MapSeller-Random	cc41a5fe2c2a8c5a	표지판을 잘 남겨 두었으니 길을 잃으실 일은 없습니다, 폐하. 중앙실에서 기다리겠습니다!
4288	SAY.Flowchart.192.MapSeller-Random2	bee33734854d694c	오, 어둠의 왕이시여! 그 존재만으로도 충심을 바치는 저희의 길을 밝혀 주시는군요.
4289	SAY.Flowchart.193.MapSeller-Random2	f281e387bba6cd1a	문자 그대로는 아닙니다만, 어차피 순수한 어둠과 악의 존재이시니, 무슨 뜻인지 아시겠지요...
4290	SAY.Flowchart.194.TheKingOfDarkness-Map-Seller2	803ef95c5597988f	왜 그렇게 들떠 있지? 설마 homo aeternus의 두개골이라도 찾은 건가?
4291	SAY.Flowchart.195.MapSeller-Random2	c7db85544325ad75	더욱 좋은 소식입니다, 나의 주군! 제가 발견한 것은 화석 천 개보다도 대단합니다!
4292	SAY.Flowchart.196.MapSeller-Random2	c40effc692fa2c51	마지막 탐사에서 스러진 자들의 황야 가장 깊은 곳까지 들어갔다가, 여러 순환 동안 묻혀 있던 구역을 발견했습니다...
4293	SAY.Flowchart.197.TheKingOfDarkness-Map-Seller2	a734798b7f926fec	왜 이 얘기를 내게 하는 거지? 빙빙 돌리지 말고 지도 값을 얼마나 부를 건지 말해라.
4294	SAY.Flowchart.198.MapSeller-Random2	2711e894dfc22aa2	그게 문제입니다, 폐하... 그곳은 척박하고 여러 순환 동안 버려진 데다, 통로와 회랑에는 위험한 생물들이 살고 있습니다...
4295	SAY.Flowchart.199.MapSeller-Random2	e47641de6010d92b	감히 중앙실 너머까지 탐험하지 못했습니다... 이 발굴지를 지도에 담는 일을 도와주시겠습니까?
4296	SAY.Flowchart.200.TheKingOfDarkness-Map-Seller2	47ddfb2065ea833f	고고학은 돈이 많이 드는 일이라고 말했던 게 기억나는데... 어떤 보상을 줄 생각이지?
4297	SAY.Flowchart.201.MapSeller-Random2	82f8e1244432fdcb	음, 저는... 어... 도그마로 보상해 드릴 수는 없습니다. 지금은 제 금고가 조금 빈약해서요. 하지만 그 아래에서 발견하시는 것은 전부 가지셔도 됩니다.
4298	SAY.Flowchart.202.TheKingOfDarkness-Map-Seller2	d593c6e98c049854	음... 값을 매길 수 없는 보물일 수도 있고, 먼지와 뼈 더미일 수도 있겠지... 거래 성립이다.
4299	SAY.Flowchart.203.MapSeller-Random2	e472e41599d9e209	카오스의 영광을 위하여! 저 같은 보잘것없는 필멸자가 어둠의 왕과 어깨를 나란히 하고 일하다니? 여쭤 보고 싶은 것이 너무나 많습니다...
4300	SAY.Flowchart.204.TheKingOfDarkness-Map-Seller2	0596b6681f3dd362	시작부터 이렇군, 후회하게 만들지 마라... 장소만 알려 줘라. 시간이 있으면 가서 손을 보태지.
4301	SAY.Flowchart.206.MapSeller-Random2	09e018cd9735cba7	놀랍습니다! 입구는 스러진 자들의 황야에 있습니다. {b}{color=#9523d8}동쪽 성벽 근처에서 진입 터널을 찾으실 수 있습니다.{/color}{/b}
4302	SAY.Flowchart.207.MapSeller-Random2	cc41a5fe2c2a8c5a	표지판을 잘 남겨 두었으니 길을 잃으실 일은 없습니다, 폐하. 중앙실에서 기다리겠습니다!
4303	SAY.Flowchart.192.MapSeller-Random3	bee33734854d694c	오, 어둠의 왕이시여! 그 존재만으로도 충심을 바치는 저희의 길을 밝혀 주시는군요.
4304	SAY.Flowchart.193.MapSeller-Random3	f281e387bba6cd1a	문자 그대로는 아닙니다만, 어차피 순수한 어둠과 악의 존재이시니, 무슨 뜻인지 아시겠지요...
4305	SAY.Flowchart.194.TheKingOfDarkness-Map-Seller3	803ef95c5597988f	왜 그렇게 들떠 있지? 설마 homo aeternus의 두개골이라도 찾은 건가?
4306	SAY.Flowchart.195.MapSeller-Random3	c7db85544325ad75	더욱 좋은 소식입니다, 나의 주군! 제가 발견한 것은 화석 천 개보다도 대단합니다!
4307	SAY.Flowchart.196.MapSeller-Random3	c40effc692fa2c51	마지막 탐사에서 스러진 자들의 황야 가장 깊은 곳까지 들어갔다가, 여러 순환 동안 묻혀 있던 구역을 발견했습니다...
4308	SAY.Flowchart.197.TheKingOfDarkness-Map-Seller3	a734798b7f926fec	왜 이 얘기를 내게 하는 거지? 빙빙 돌리지 말고 지도 값을 얼마나 부를 건지 말해라.
4309	SAY.Flowchart.198.MapSeller-Random3	2711e894dfc22aa2	그게 문제입니다, 폐하... 그곳은 척박하고 여러 순환 동안 버려진 데다, 통로와 회랑에는 위험한 생물들이 살고 있습니다...
4310	SAY.Flowchart.199.MapSeller-Random3	e47641de6010d92b	감히 중앙실 너머까지 탐험하지 못했습니다... 이 발굴지를 지도에 담는 일을 도와주시겠습니까?
4311	SAY.Flowchart.200.TheKingOfDarkness-Map-Seller3	e7142ad04dc34d0b	고고학은 돈이 많이 드는 일이라고 말했던 게 기억나는데... 어떤 보상을 줄 생각이지?
4312	SAY.Flowchart.201.MapSeller-Random3	82f8e1244432fdcb	음, 저는... 어... 도그마로 보상해 드릴 수는 없습니다. 지금은 제 금고가 조금 빈약해서요. 하지만 그 아래에서 발견하시는 것은 전부 가지셔도 됩니다.
4313	SAY.Flowchart.202.TheKingOfDarkness-Map-Seller3	265836b4342b3ec3	음... 값을 매길 수 없는 보물일 수도 있고, 먼지와 뼈 더미일 수도 있겠지... 거래 성립이다.
4314	SAY.Flowchart.203.MapSeller-Random3	e472e41599d9e209	카오스의 영광을 위하여! 저 같은 보잘것없는 필멸자가 어둠의 왕과 어깨를 나란히 하고 일하다니? 여쭤 보고 싶은 것이 너무나 많습니다...
4315	SAY.Flowchart.204.TheKingOfDarkness-Map-Seller3	0596b6681f3dd362	시작부터 이렇군, 후회하게 만들지 마라... 장소만 알려 줘라. 시간이 있으면 가서 손을 보태지.
4316	SAY.Flowchart.207.MapSeller-Random3	09e018cd9735cba7	놀랍습니다! 입구는 스러진 자들의 황야에 있습니다. {b}{color=#9523d8}동쪽 성벽 근처에서 진입 터널을 찾으실 수 있습니다.{/color}{/b}
4317	SAY.Flowchart.208.MapSeller-Random3	cc41a5fe2c2a8c5a	표지판을 잘 남겨 두었으니 길을 잃으실 일은 없습니다, 폐하. 중앙실에서 기다리겠습니다!
4318	SAY.Flowchart.192.MapSeller-Random4	bee33734854d694c	오, 어둠의 왕이시여! 그 존재만으로도 충심을 바치는 저희의 길을 밝혀 주시는군요.
4319	SAY.Flowchart.193.MapSeller-Random4	f281e387bba6cd1a	문자 그대로는 아닙니다만, 어차피 순수한 어둠과 악의 존재이시니, 무슨 뜻인지 아시겠지요...
4320	SAY.Flowchart.194.TheKingOfDarkness-Map-Seller4	803ef95c5597988f	왜 그렇게 들떠 있지? 설마 homo aeternus의 두개골이라도 찾은 건가?
4321	SAY.Flowchart.195.MapSeller-Random4	c7db85544325ad75	더욱 좋은 소식입니다, 나의 주군! 제가 발견한 것은 화석 천 개보다도 대단합니다!
4322	SAY.Flowchart.196.MapSeller-Random4	c40effc692fa2c51	마지막 탐사에서 스러진 자들의 황야 가장 깊은 곳까지 들어갔다가, 여러 순환 동안 묻혀 있던 구역을 발견했습니다...
4323	SAY.Flowchart.197.TheKingOfDarkness-Map-Seller4	a734798b7f926fec	왜 이 얘기를 내게 하는 거지? 빙빙 돌리지 말고 지도 값을 얼마나 부를 건지 말해라.
4324	SAY.Flowchart.198.MapSeller-Random4	2711e894dfc22aa2	그게 문제입니다, 폐하... 그곳은 척박하고 여러 순환 동안 버려진 데다, 통로와 회랑에는 위험한 생물들이 살고 있습니다...
4325	SAY.Flowchart.199.MapSeller-Random4	e47641de6010d92b	감히 중앙실 너머까지 탐험하지 못했습니다... 이 발굴지를 지도에 담는 일을 도와주시겠습니까?
4326	SAY.Flowchart.200.TheKingOfDarkness-Map-Seller4	e7142ad04dc34d0b	고고학은 돈이 많이 드는 일이라고 말했던 게 기억나는데... 어떤 보상을 줄 생각이지?
4327	SAY.Flowchart.201.MapSeller-Random4	82f8e1244432fdcb	음, 저는... 어... 도그마로 보상해 드릴 수는 없습니다. 지금은 제 금고가 조금 빈약해서요. 하지만 그 아래에서 발견하시는 것은 전부 가지셔도 됩니다.
4328	SAY.Flowchart.202.TheKingOfDarkness-Map-Seller4	265836b4342b3ec3	음... 값을 매길 수 없는 보물일 수도 있고, 먼지와 뼈 더미일 수도 있겠지... 거래 성립이다.
4329	SAY.Flowchart.203.MapSeller-Random4	e472e41599d9e209	카오스의 영광을 위하여! 저 같은 보잘것없는 필멸자가 어둠의 왕과 어깨를 나란히 하고 일하다니? 여쭤 보고 싶은 것이 너무나 많습니다...
4330	SAY.Flowchart.204.TheKingOfDarkness-Map-Seller4	0596b6681f3dd362	시작부터 이렇군, 후회하게 만들지 마라... 장소만 알려 줘라. 시간이 있으면 가서 손을 보태지.
4331	SAY.Flowchart.208.MapSeller-Random4	09e018cd9735cba7	놀랍습니다! 입구는 스러진 자들의 황야에 있습니다. {b}{color=#9523d8}동쪽 성벽 근처에서 진입 터널을 찾으실 수 있습니다.{/color}{/b}
4332	SAY.Flowchart.209.MapSeller-Random4	cc41a5fe2c2a8c5a	표지판을 잘 남겨 두었으니 길을 잃으실 일은 없습니다, 폐하. 중앙실에서 기다리겠습니다!
4333	SAY.Flowchart.235.MapSeller-PotD	5ee2e38943c405a7	어디로 가시는 겁니까, 어둠의 왕이시여? 상황을 알려 드려야 합니다.
4334	SAY.Flowchart.245.MapSeller-PotD	5ee2e38943c405a7	어디로 가시는 겁니까, 어둠의 왕이시여? 상황을 알려 드려야 합니다.
4335	SAY.Flowchart.185.MapSeller-PotD	bee5b514e37ad8cc	저희를 만나러 와 주실 줄 알았습니다! 이곳에는 어떤 비밀이 숨겨져 있을까요? 흥분해서 제 수염이 떨릴 지경입니다!
4336	SAY.Flowchart.211.TheKingOfDarkness-Map-Seller-PotD	0ad7f13b1f51f8d0	진정해라, 안 그러면 심장이 큰 대가를 치를 거다... 난 소생술은 잘 못한다.
4337	SAY.Flowchart.212.TheKingOfDarkness-Map-Seller-PotD	03648b456e123410	지금까지 뭘 알아냈지? 어디부터 탐험을 시작해야 하지?
4338	SAY.Flowchart.213.MapSeller-PotD	05493f666c28c727	아무래도 가족 납골당으로 보이는 곳의 중앙실에 있는 것 같습니다... 적어도 이 오래된 비문에서 추론한 바로는 그렇습니다.
4339	SAY.Flowchart.233.MapSeller-PotD	0c0f170102989a4b	""여기에 저주받은 자들이 잠들어 있다. 여기에 한 혈통의 끝이 잠들어 있다... 조상들에게 한 약속을 어겼다.""
4340	SAY.Flowchart.214.MapSeller-PotD	0be851b15887a975	더는 거의 해독하지 못했습니다... 너무 닳아 낱말 몇 개만 남아 있습니다... 더 많은 맥락이 필요합니다. 이제 폐하께서 나서 주셔야 합니다.
4341	SAY.Flowchart.215.TheKingOfDarkness-Map-Seller-PotD	21ccc7c3efd87a32	난 그저 그곳의 지도를 만들라는 줄 알았지!
4342	SAY.Flowchart.216.MapSeller-PotD	4ca03688b4151cca	바로 그것이 제가 필요한 것입니다, 전하. 하지만 탐험 중에 유물이나 {b}{color=#9523d8}이것과 비슷한 명문{/color}{/b}을 발견하시면 알려 주십시오.
4343	SAY.Flowchart.217.TheKingOfDarkness-Map-Seller-PotD	3eb3db4b3352f5bf	좋다, 하지만 우리 거래를 잊지 마라... 빛나거나 보석이 박혀 있으면 내가 챙긴다.
4344	SAY.Flowchart.190.MapSeller-PotD	aee7ab6fc3d524e1	조심하십시오, 폐하. 이곳에는 원한이 서려 있고... 뭔가 다른 것도 느껴집니다.
4345	SAY.Flowchart.194.MapSeller-PotD	7d025e4ac9bf9237	감사합니다, 폐하! 이 지점을 지도 제작의 기준점으로 삼을 수 있겠습니다...
4346	SAY.Flowchart.192.MapSeller-PotD	a33bacd3100ea5ef	훌륭합니다! 이제 두 곳이 되었으니, {b}{color=#9523d8}한 곳만 더{/color}{/b} 있으면 이곳 전체를 지도에 담을 수 있겠습니다.
4347	SAY.Flowchart.197.TheKingOfDarkness-Map-Seller-PotD	2c78cdb51a7d377a	찾아낸 건 이게 전부다, 드레이크. 이곳은 한참 전에 버려졌군... 할 수 있는 만큼 지도에 담았다.
4348	SAY.Flowchart.218.MapSeller-PotD	b087f45c42a991eb	훌륭합니다, 폐하! 어디 보자... 이건 아무래도 이 날짜를 가리키는 것 같습니다... 그리고 이 이름은 여기 적힌 것과 같으니, 그렇다면...
4349	SAY.Flowchart.219.MapSeller-PotD	3a1bac2e21973f89	모든 순환에 걸고, 나의 주군... 이곳은 단순한 가족 납골당이 아닙니다... 가리발디 가문의 사설 묘지입니다!
4350	SAY.Flowchart.220.TheKingOfDarkness-Map-Seller-PotD	38c4d813d9054794	가리발디... 그 묘지의 주인 아니었나? 여기에 묻혀 있나?
4351	SAY.Flowchart.221.MapSeller-PotD	86df2e1004e08c5e	폐하께서 찾아내신 명문들은 묘비였습니다... 지금까지 존재했던 모든 가리발디가 이곳에, 첫 사람부터 마지막 사람까지 묻혀 있습니다...
4352	SAY.Flowchart.222.TheKingOfDarkness-Map-Seller-PotD	a10b0479878eeee3	겨우 셋이었나? 그 가문이 오래 이어진 것 같지는 않군...
4353	SAY.Flowchart.223.MapSeller-PotD	b20ea83eeec0e875	그렇지 않습니다, 어둠의 왕이시여. 가리발디는 여럿이었습니다. 여러 순환 전에는 빛의 폐하께 가장 충성스러운 가문 중 하나였습니다.
4354	SAY.Flowchart.224.MapSeller-PotD	93f1a9283e4244f2	모두 장군으로서 여왕을 섬겼고, 결국 모두 전장에서 목숨을 잃어 이곳에 묻혔습니다...
4355	SAY.Flowchart.225.MapSeller-PotD	df6233b9f056f862	세 개의 무덤만 세월의 흐름을 견뎌 냈다는 것은 안타까운 일입니다.
4356	SAY.Flowchart.226.TheKingOfDarkness-Map-Seller-PotD	21a1b0924aa2eaee	아, 그래... 얼마 전 그들 중 하나의 영혼과 마주쳤지... 내가 자기 이름을 몰랐다고 꽤 열받아 있더군... 뭐, 자길 죽였다는 둥 그런 것들 때문에.
4357	SAY.Flowchart.227.MapSeller-PotD	772e4ec77ca95306	그렇습니다! 이제 모든 조각이 맞아떨어집니다... 폐하, 이 벽화는 단순한 명문이 아니라 묘비명입니다. 보십시오... "조상들에게 한 약속을 어겼다", 이제야 이해했습니다...
4358	SAY.Flowchart.228.MapSeller-PotD	a64da245ab332a90	또 다른 무덤 앞에 와 있습니다. 그런데 이건 마지막 가리발디의 것이군요... 제프리 가리발디의 무덤입니다!
4359	SAY.Flowchart.207.MapSeller-PotD	3fa6e4150a4206a8	천상룡이시여! 제 심장은 이토록 많은 충격을 감당할 준비가 되어 있지 않습니다...
4360	SAY.Flowchart.229.TheKingOfDarkness-Map-Seller-PotD	d7f37031b6ea4ae1	대체 방금 무슨 일이 벌어진 거지, 드레이크?
4361	SAY.Flowchart.230.MapSeller-PotD	10f305b451cda575	아무래도... 아무래도 마지막으로 존재했던 가리발디의 이름을 말하자 묘비가 열린 것 같습니다... 참으로 기묘한 장치입니다.
4362	SAY.Flowchart.231.TheKingOfDarkness-Map-Seller-PotD	3b46215b67e9d210	불길한 예감이 드는군... 이곳 지도는 이미 완성했다. 네가 원한 게 이거지, 그렇지? 이제 떠나는 게 좋겠다.
4363	SAY.Flowchart.232.MapSeller-PotD	666cbdc822ace1e7	기꺼이 그렇게 하겠습니다, 폐하! 다시 만나 뵙게 되기를 바랍니다... 폐하께서 그 아래에서 살아 나오신다면 말입니다.
4364	SAY.Flowchart.251.MapSeller-PotD	10182217a826cbca	그 아래에서 행운을 빕니다, 왕실 전하.
4365	SAY.Flowchart.222.Inscription-PotD	56fc2d91c3e13df3	""기억되기를, "불패자"... ...의 충실한 종, ...의 깃발을 든 자""
4366	SAY.Flowchart.223.Inscription-PotD	a61846ae8b3123e4	""창조 세계가 기억하는 가장 위대한 영웅... 그의 지휘를 받던 군단들... 겁쟁이의 손에 죽다...""
4367	SAY.Flowchart.224.Inscription-PotD	cd11d10f76d543d3	""장군이자 헌신적인 남편이며 아버지... 그를 위한 복수는 이루어지리라.""
4368	SAY.Flowchart.252.TheKingOfDarkness-Map-Seller-PotD	5774f28d0929b254	여기 묻힌 불쌍한 놈이 스스로를 "불패자"라고 불렀다니 우습군. 아이러니가 칼로 잘라 낼 수 있을 정도로 선명하군.
4369	SAY.Flowchart.250.TheKingOfDarkness-Map-Seller-PotD	5774f28d0929b254	여기 묻힌 불쌍한 놈이 스스로를 "불패자"라고 불렀다니 우습군. 아이러니가 칼로 잘라 낼 수 있을 정도로 선명하군.
4370	SAY.Flowchart.251.TheKingOfDarkness-Map-Seller-PotD	5774f28d0929b254	여기 묻힌 불쌍한 놈이 스스로를 "불패자"라고 불렀다니 우습군. 아이러니가 칼로 잘라 낼 수 있을 정도로 선명하군.
4371	SAY.Flowchart.239.TheKingOfDarkness-Map-Seller-PotD	b46f5204ec44b9a2	비문은 이미 읽었으니 여기서 더 시간을 낭비할 필요는 없겠군. 카타콤은 저절로 탐험되지 않으니까.
4372	SAY.Flowchart.238.TheKingOfDarkness-Map-Seller-PotD	e2c3a0ea00895178	드레이크가 지도를 그릴 수 있게 {b}{color=#9523d8}기준점을 충분히 찾은 것 같군{/color}{/b}.
4373	SAY.Flowchart.237.Inscription-PotD	5728755359737aa4	""여기 필멸자의 땅을 밟은 가장 뛰어난 전사 잠들다...""
4374	SAY.Flowchart.238.Inscription-PotD	f4488d0ee0125def	""민중에게 사랑받다... 그의 ...으로 존경받다. 비열하고 경멸스러운 자에게 비겁하게 살해되다.""
4375	SAY.Flowchart.239.Inscription-PotD	9e40d86de286fbfd	""...의 용사. 그와 그의 아버지를 위한 복수는 이루어지리라.""
4376	SAY.Flowchart.240.TheKingOfDarkness-Map-Seller-PotD	6f4117f041656f41	살아 있을 때 아무리 사랑받고 존경받았어도, 결국 잊힌 더러운 무덤에서 썩어 간다. 자기 뼈와 단둘이...
4377	SAY.Flowchart.241.TheKingOfDarkness-Map-Seller-PotD	6f4117f041656f41	살아 있을 때 아무리 사랑받고 존경받았어도, 결국 잊힌 더러운 무덤에서 썩어 간다. 자기 뼈와 단둘이...
4378	SAY.Flowchart.242.TheKingOfDarkness-Map-Seller-PotD	6f4117f041656f41	살아 있을 때 아무리 사랑받고 존경받았어도, 결국 잊힌 더러운 무덤에서 썩어 간다. 자기 뼈와 단둘이...
4379	SAY.Flowchart.244.TheKingOfDarkness-Map-Seller-PotD	b46f5204ec44b9a2	비문은 이미 읽었으니 여기서 더 시간을 낭비할 필요는 없겠군. 카타콤은 저절로 탐험되지 않으니까.
4380	SAY.Flowchart.243.TheKingOfDarkness-Map-Seller-PotD	e2c3a0ea00895178	드레이크가 지도를 그릴 수 있게 {b}{color=#9523d8}기준점을 충분히 찾은 것 같군{/color}{/b}.
4381	SAY.Flowchart.250.Inscription-PotD	126aa96a984ebd71	""민중에게 배척받았으나, ...에게 존경받다. 우리가 몇 번 쓰러지든 상관없다...""
4382	SAY.Flowchart.240.Inscription-PotD	110eb3415a871b12	""...을 마지막 숨이 다할 때까지 섬기다... 혐오스러운 자의 칼날이 그를 덮치다...""
4383	SAY.Flowchart.241.Inscription-PotD	9a5ad6cd9c19967a	""그의 증오는 후대의 이들을 고무하리라... 그와 그보다 앞서간 모든 이들을 위한 복수는 이루어지리라.""
4384	SAY.Flowchart.245.TheKingOfDarkness-Map-Seller-PotD	84ca3808e7c012c4	묘비에 글을 새겨 봐야 무슨 소용이지? 적힌 내용을 읽으러 나갈 수도 없는데 말이다. 필멸자들은 참 뒤틀렸군.
4385	SAY.Flowchart.246.TheKingOfDarkness-Map-Seller-PotD	84ca3808e7c012c4	묘비에 글을 새겨 봐야 무슨 소용이지? 적힌 내용을 읽으러 나갈 수도 없는데 말이다. 필멸자들은 참 뒤틀렸군.
4386	SAY.Flowchart.247.TheKingOfDarkness-Map-Seller-PotD	84ca3808e7c012c4	묘비에 글을 새겨 봐야 무슨 소용이지? 적힌 내용을 읽으러 나갈 수도 없는데 말이다. 필멸자들은 참 뒤틀렸군.
4387	SAY.Flowchart.249.TheKingOfDarkness-Map-Seller-PotD	b46f5204ec44b9a2	비문은 이미 읽었으니 여기서 더 시간을 낭비할 필요는 없겠군. 카타콤은 저절로 탐험되지 않으니까.
4388	SAY.Flowchart.248.TheKingOfDarkness-Map-Seller-PotD	e2c3a0ea00895178	드레이크가 지도를 그릴 수 있게 {b}{color=#9523d8}기준점을 충분히 찾은 것 같군{/color}{/b}.
4389	SAY.Flowchart.8.TheKingOfDarkness-BloodGate	3130ecce230ce7d7	살과 내장으로 된 이 관문은 뚫을 수 없다... 내 무기 중 어느 것으로도 부술 수 없다...
4390	SAY.Flowchart.18.TheKingOfDarkness-BloodGate	b473126f9de5c53d	이런 건 한 번도 본 적 없다. 아마 {b}{color=#9523d8}기록자{/color}{/b}라면 더 자세히 알려 줄 수 있을 거다. 그의 도서관에서 답을 찾을 수 있겠군.
4391	SAY.Flowchart.9.TheKingOfDarkness-BloodGate	f343d61c30cd856d	가리발디가 반대편에 숨어 있겠군... 이 관문에 단검이 통할까?
4392	SAY.Flowchart.14.TheKingOfDarkness-BloodGate	b3a601dbeba54d41	무기든 열쇠든, 이 빌어먹을 문을 열 수 있는 무언가가 필요하다. {b}{color=#9523d8}기록자가 답을 알고 있다{/color}{/b}
4393	SAY.Flowchart.19.TheKingOfDarkness-BloodGate	d2dfada452452a21	누군가 내가 들어오길 간절히 바라는 모양이군... 이렇게 솔깃한 초대를 거절하는 건 예의가 아니지.
4394	SAY.Flowchart.719.TheChronicler-Library	87493a8464a038ee	어둠의 왕! 와 줘서 기뻐. 작은 의문 하나만 풀어 줬으면 하는데...
4395	SAY.Flowchart.720.TheKingOfDarkness-Library	6a0e50d3270de5b2	나도 같은 말을 하려던 참인데, 네가 모르는 걸 내가 무슨 이야기를 해 주겠어?
4396	SAY.Flowchart.721.TheChronicler-Library	cd24a211e7cfeb2b	몇 페이지 앞에서 네가 무덤에 들어갔다가 곧바로 나오는 모습을 묘사했어... 하지만 안에서 무슨 일이 있었는지는 볼 수가 없었지.
4397	SAY.Flowchart.722.TheKingOfDarkness-Library	c2df86ae12d3f7f1	그 살로 된 벽과 저 관문이 네 힘을 막고 있다는 말인가?
4398	SAY.Flowchart.723.TheChronicler-Library	26346e0a06af2ae7	무슨 말인지 모르겠네, 폐하. 말했듯이, 그 무덤 안은 내 능력으로도 알 수가 없어...
4399	SAY.Flowchart.724.TheChronicler-Library	c903fe3c67de375a	음... 이걸 보니 몇 권 전쯤 있었던 일이 떠오르네. 어디 보자, 찾아볼게.
4400	SAY.Flowchart.725.TheChronicler-Library	cd6fe3b3fe4caa94	어디 보자... 살아 움직이기 시작한 산들, 물이 위로 내리던 날, 늘 등으로 떨어지던 고양이... 여기 있다! 심우주 탐험가.
4401	SAY.Flowchart.726.TheKingOfDarkness-Library	56a115d74410932d	기록자, 영원히 사는 나에게도 시간은 소중해... 코스모스의 여행자가 이 일과 무슨 상관이지?
4402	SAY.Flowchart.727.TheChronicler-Library	aff57176caaea816	그에게도 아주 비슷한 일이 있었어... 살로 이루어진 낯선 행성으로 내려갔다가 함선으로 돌아오는 모습을 묘사할 수 있었지.
4403	SAY.Flowchart.728.TheChronicler-Library	bf0d651aa2518d9b	그곳에서 무슨 일이 있었든, 그건 내 지식으로도 알 수 없어. 하지만 그 여행자가 항해 일지에 남긴 내용은 모을 수 있었지.
4404	SAY.Flowchart.729.TheKingOfDarkness-Library	3d85c285e91eb99a	항성일 - 3021.12.15. 놀랍군, 행성 규모의 생명체를 기록한 건 이번이 처음이다...""
4405	SAY.Flowchart.730.TheKingOfDarkness-Library	24ed7e573fdf4a9c	대상은 의심할 여지 없이 유기체지만, 동면한 듯 보인다. 표면에는 구조물의 흔적도, 지적 생명의 징후도 없었다.""
4406	SAY.Flowchart.731.TheKingOfDarkness-Library	a81bf84267761d9d	이 좌표를 저장해 두었다가 성채로 돌아갈 때 확인하겠다. 셰퍼드 사령관이다. 접속을 종료한다.""
4407	SAY.Flowchart.732.TheChronicler-Library	877824e6e48908ec	내가 보여 줄 수 있는 건 이게 전부야, 오랜 친구. 더 도움이 못 돼서 미안해.
4408	SAY.Flowchart.733.TheKingOfDarkness-Library	ddde3dbfcfef0fc5	충분해. 이 좌표면 행성을 찾아갈 수 있겠어. 왠지 저 빌어먹을 관문과 같은 물질로 이루어졌다는 생각이 드는군.
4409	SAY.Flowchart.734.TheChronicler-Library	99f8895df5cbd16a	행운을 빌게, 어둠의 왕. 내가 어디에나 존재할 수 없게 만든 게 무엇이든, 좋은 징조일 리는 없겠지...
4410	SAY.Flowchart.735.TheChronicler-Library	d0f15de82cd8f010	어둠의 왕! 무슨 일이 있었는지 말해 주러 온 거야? 네가 이렇게 배려해 주다니, 내 이야기도 더 정확해지겠어.
4411	SAY.Flowchart.736.TheKingOfDarkness-Library	0685d132927bb2df	나도 기억이 조금 비어 있지만, 기본적으로는 행성에서 찾은 단검으로 관문을 열었어...
4412	SAY.Flowchart.737.TheKingOfDarkness-Library	0b9e8a61e3a2b95c	안으로 들어가 제프리 가리발디를, 아니 그자의 잔재를 쓰러뜨렸지.
4413	SAY.Flowchart.738.TheChronicler-Library	2b9fbfc6e408948d	오, 전설에 쓰인 대로 어둠의 왕 손에 죽은 마지막 가리발디로군.
4414	SAY.Flowchart.739.TheChronicler-Library	056e3fbfa5215b67	한 가지만 말해 줘. 내가 어디에나 존재하는 걸 막던 게 보였어, 오랜 친구?
4415	SAY.Flowchart.740.TheKingOfDarkness-Library	08e79fedab14d62c	아무것도. 나와 뼛속까지 타락한 그 유령뿐이었어.
4416	SAY.Flowchart.741.TheChronicler-Library	567af8760a9df558	하지만 단순한 무덤 하나가 내 신성한 권능을 방해할 수는 없어. 게다가 그 행성도 내 힘을 막고 있고. 말이 안 돼...
4417	SAY.Flowchart.742.TheKingOfDarkness-Library	ffb582780a0acd82	내가 말한 게 실제로 일어난 일이야, 기록자. 가리발디가 관련됐을지도 모르지.
4418	SAY.Flowchart.743.TheChronicler-Library	35bbe839c76cc281	어쨌든, 아이테르나의 역사에 한 장을 더했네... 이제 펜촉에 잉크를 묻혀, 막 분화한 화산을 묘사해야겠어...
4419	SAY.Flowchart.744.TheChronicler-Library	7033b7899e4c5e10	난 내 일이 정말 좋아, 어둠의 왕! 너도 그래?
4420	SAY.Flowchart.745.TheKingOfDarkness-Library	bd9f64bf387e4108	뭐, 가끔은...
4421	SAY.Flowchart.58.TheKingOfDarkness-Cosmos-Station	b0ba76c6dba59fa5	난 순간이동 포털이 정말 싫다! 부정확하고, 냄새도 이상하고, 속까지 뒤집어 놓지. 이번에는 토하지 않았으면 좋겠군...
4422	SAY.Flowchart.230.Garibaldi-V2	8fd2fb336dd20efb	하하하... 이 꼴 좀 봐라! 왔군. 늘 겁쟁이였으니 도망칠 줄 알았는데...
4423	SAY.Flowchart.236.KingOfDarkness-Garibaldi-V2	e22e8d81f74a2a8e	지난번에 만났을 때 도망친 건 너였다... 내가 여기 온 것도 네 초대 때문이다.
4424	SAY.Flowchart.235.Garibaldi-V2	3c56ba9e6e33fc68	이제 네가 어디 있는지는 알겠지... 그리고 네 앞에 누가 서 있는지도.
4425	SAY.Flowchart.234.KingOfDarkness-Garibaldi-V2	2889956f7866cb8a	네놈과 네 조상들이 빛을 열렬히 섬겼다는 것만 안다... 그렇다면 네놈들 중 몇몇이 땅에 묻힌 건 나 때문이겠군.
4426	SAY.Flowchart.233.Garibaldi-V2	0dac2c8ccb6315fc	개자식! 우리 가문의 묘역인 이곳에서까지 감히 우리를 욕보이느냐?
4427	SAY.Flowchart.232.Garibaldi-V2	496b4687f79c78d8	모두다! 이곳에 묻힌 우리 모두가 네 타락한 검의 희생자다!
4428	SAY.Flowchart.231.KingOfDarkness-Garibaldi-V2	9b2ca754da06b089	그래서 어떻게 할 셈이냐? 아니면 거기서 징징대기나 할 테냐?
4429	SAY.Flowchart.239.Garibaldi-V2	0c6f443806303280	아, 물론 아니지... 내가 혈통의 마지막이라 해도, 우리 맹세를 처음으로 이루는 자가 되겠다... 어둠의 왕을 끝장내겠다!
4430	SAY.Flowchart.245.Garibaldi-V2	0ac77f4f455e95cd	이제 막 시작했을 뿐이다! 내 무덤에는 내 유해만 있는 게 아니다. 네게서 빼앗긴 기억도 숨겨져 있다.
4431	SAY.Flowchart.247.KingOfDarkness-Garibaldi-V2	00339a3ab79ce94a	내가 널 기억하지 못해 많이 상처받은 건 안다. 하지만 난 하찮은 건 잘 잊는 편이다.
4432	SAY.Flowchart.246.Garibaldi-V2	7c86cf86e0446d48	내 가문 얘기가 아니다. 네 옛 친구 얘기다. 나를 따라와 네 운명과 맞서라!
4433	SAY.Flowchart.230.Garibaldi-V3	8ab4f8c5d2031e73	전능하신 울티마여, 내 영혼을 축복하라! 도구를 데려왔다! 계약한 대로 내 몫을 다했다!
4434	SAY.Flowchart.231.KingOfDarkness-Garibaldi-V3	fd1b4a2b95cc755a	모든 순환에 걸고... 대체 뭐가...? 대체 넌 뭐냐?
4435	SAY.Flowchart.232.Garibaldi-V3	7729019e305b3d7f	나는 제프리 가리발디다! 내 핏줄의 마지막이다! 네놈이 우리 가문의 이름을 더럽혔다. 죽을 준비나 해라!
4436	SAY.Flowchart.239.Garibaldi-V3	9356461e354e1790	아니! 이건 우리가 약속한 게 아니다! 나를 필적할 자가 없게 해 주겠다고 약속하지 않았나!
4437	SAY.Flowchart.240.Garibaldi-V3	0edb01caa42de637	더! 더 많은 힘을 원한다! 내 모든 선조에 걸고 명령한다!
4438	SAY.Flowchart.241.Garibaldi-V3	1fb2d0a75c2c08d4	거짓말쟁이 여신! 네가 약속한 힘은 어디 있느냐?
4439	SAY.Flowchart.258.Ultima-Garibaldi-V3	5c1c4d037ef6a7fd	순종적이고 어리석은 꼭두각시 주제에, 감히 지고신에게 명령하는가? 내 눈앞에서 사라져라...
4440	SAY.Flowchart.243.Ultima-Garibaldi-V3	ad466b479fd0c2a6	여러 순환 동안 이 감옥에 갇혀 있었다. 증오에 사로잡힌 저 전사를 속여 널 내 앞에 데려오게 하지 않았다면, 아직도 번데기 안에 있었겠지...
4441	SAY.Flowchart.249.Ultima-Garibaldi-V3	fd897c9509144479	내 형제들의 사슬이 끊어졌다... 마침내 다시 자유로워졌다... 모두 네 덕분이다, 어둠의 왕.
4442	SAY.Flowchart.248.KingOfDarkness-Garibaldi-V3	afe9b87f4ad1c6f5	잠깐만... 카오스? 지고신이 왜 여기에...? 아니... 넌 카오스가 아니다. 하지만... 이게 어떻게 가능한 거냐?
4443	SAY.Flowchart.247.Ultima-Garibaldi-V3	7a1ef191ea6d092f	가련한 것... 만날 때마다 늘 같은 말만 할 셈인가? 기억상실이 완벽한 건 아니다... 이제쯤은 나에 대한 기억이 조금은 남아 있어야 한다.
4444	SAY.Flowchart.246.KingOfDarkness-Garibaldi-V3	91712ab0b359ad44	무슨 소리냐? 내 머릿속을 헤집은 자는 아무도 없다! 그랬다면 기억했을 텐데... 아, 심연의 악마들이여...
4445	SAY.Flowchart.245.Ultima-Garibaldi-V3	a3b53486009b6b5d	수십 번이나 설명한 걸 다시 말하지는 않겠다... 다만 여러 번 그랬듯, 네 불멸의 영혼이 아주 유용한 도구였다는 것만 말하겠다.
4446	SAY.Flowchart.250.KingOfDarkness-Garibaldi-V3	9559cfb65c25519b	무슨 소리냐? 날... 날 이용한 거냐?
4447	SAY.Flowchart.244.Ultima-Garibaldi-V3	25e5181014c5cce7	곧 다시 보자, 어둠의 왕. 내 형제의 도구들 중에서는 네놈을 가장 유용하게 써먹었다.
4448	SAY.Flowchart.251.Ultima-Garibaldi-V3	56323c050f089309	다시 만나게 될 것이다. 네 존재가 필요한 계획이 더 있다... 하지만 너에게는 또다시 첫 만남이 되겠지.
4449	SAY.Flowchart.27.TheKingOfDarkness-BloodGate	407fe553db59b7d8	대체 저게 뭐였던 거지!? 가리발디를 쓰러뜨린 건 기억나... 아니, 그 지옥 같은 생물이었나. 하지만 그 뒤에는... 그저 섬광 하나뿐이었다.
4450	SAY.Flowchart.34.TheKingOfDarkness-BloodGate	6b037ee05bc55869	전투에서 이긴 게 나라면... 이 모든 파괴를 일으킨 건 누구지?
4451	SAY.Flowchart.30.TheKingOfDarkness-BloodGate	d073792dc386ad05	아무튼... 맨정신에 이런 일을 겪는 것도 처음은 아니군... 하, 불멸이라도 늙기는 늙는 모양이다.
4452	SAY.Flowchart.29.TheKingOfDarkness-BloodGate	c42fdc04e6e45280	상관없다. 제프리 가리발디의 저주받은 영혼을 죽였으니, 가리발디 가문의 마지막 후손도 편히 쉬겠군. 참 아이러니하군...
4453	SAY.Flowchart.28.TheKingOfDarkness-BloodGate	29ece9c84e82e1ea	가서 {b}{color=#9523d8}기록자{/color}{/b}에게 이 모든 일을 이야기해야겠다.
4454	MENU.Flowchart.57	d7329750282591dd	영원의 샘
4455	MENU.Flowchart.62	d022b566aeb8e2d5	행성 생명체
4456	SAY.Flowchart.70.Teleport-Cosmos-Station	7a943859f4fc73ca	<판독 중> 새 좌표 설정 완료.
4457	SAY.Flowchart.71.Teleport-Cosmos-Station	77343ddbc9ca6e36	즐거운 여행 되시길 바랍니다. 포털을 통과할 때는 팔을 몸 가까이 붙여 주십시오.
4458	SAY.Flowchart.23.TheKingOfDarkness-DevourerPlanet	fc530bd583583f59	여기다... 살점 같은 질감이 저 벽과 관문과 똑같다... 이곳에 무엇이 숨었는지 보자.
4459	SAY.Flowchart.21.TheKingOfDarkness-DevourerPlanet	e97979bc66fb01b3	이건 뭐지? 의식용 검이나 단검처럼 보이는군. 이걸 쓰면 어떻게 될까...
4460	SAY.Flowchart.20.TheKingOfDarkness-DevourerPlanet	1be1fb7cfd324a93	이런... 행성을 깨운 것 같군. 후퇴가 굴욕적이라는 건 알지만, 패배보다는 나은 선택이다.
4461	ZONEMAP.Sistemas de Términus.Organismo Planetario.-30319094	65dce95464ab045f	테르미누스 시스템#행성 생명체
4462	ZONEMAP.Cavidad Orgánica.Faringe.-30410000	1306efc86d6065e0	생체 강(腔)#인두
4463	ZONEMAP.Corazón de la Bestia.Madriguera.3931682	1aee8d1a81747bd9	야수의 심장#굴
4464	ZONEMAP.Panteón Ancestral.Tumba de Geoffrey.3940174	d6ae699bd2994c02	선조의 성소#제프리의 무덤
4465	ZONEMAP.Cavidad Orgánica.Vientre.3932554	53d2379b44d1da73	생체 강(腔)#복부
4466	ZONEMAP.Cavidad Orgánica.Apéndice.3936152	3a4ded5dd87e368b	생체 강(腔)#충수
4467	ZONEMAP.Cavidad Orgánica.Primer Estómago.3938720	3c053d460223c6d3	생체 강(腔)#첫 번째 위
4468	ZONEMAP.Cavidad Orgánica.Segundo Estómago.3926868	77ab1dc931ac6e06	생체 강(腔)#두 번째 위
4469	ZONEMAP.Cavidad Orgánica.Ventrículo.3937678	6402eb94abd580ef	생체 강(腔)#심실
4470	ZONEMAP.Cavidad Orgánica.Via Intravenosa.3913808	1c9e847937200aa5	생체 강(腔)#정맥로
4471	ZONEMAP.Panteón Ancestral.Cámara Principal.3931898	c1e7b33c32353a9d	선조의 성소#중앙실
4472	ZONEMAP.Panteón Ancestral.Columnas de la Expiación.3921214	15b6aeef0875f84e	선조의 성소#속죄의 기둥
4473	ZONEMAP.Panteón Ancestral.Túnel Vertical.3942232	ef415bd49783bdac	선조의 성소#집단 매장지
4474	ZONEMAP.Panteón Ancestral.Ofrenda Perdida.3946020	9012960bd0aec90b	선조의 성소#잃어버린 봉헌물
4475	ZONEMAP.Panteón Ancestral.Senda de Admiradores.3917236	6a5d03f89b97f4d6	선조의 성소#추종자들의 길
4476	ZONEMAP.Panteón Ancestral.Santuario Enterrado.3917560	1c72c480d3da852b	선조의 성소#묻힌 성소
4477	ZONEMAP.Panteón Ancestral.Tumba del Invicto.3921418	8baf9bc09ebadd85	선조의 성소#불패자의 무덤
4478	ZONEMAP.Panteón Ancestral.Pesadilla de los Incautos.3923126	6abfeea1f59dee30	선조의 성소#방심한 자들의 악몽
4479	ZONEMAP.Panteón Ancestral.Vestíbulo en Ruinas.3939900	6197cf655324d35f	선조의 성소#폐허가 된 전실
4480	ZONEMAP.Panteón Ancestral.Raíces Secas.3929566	4894791f4abf60cc	선조의 성소#마른 뿌리
4481	ZONEMAP.Panteón Ancestral.Tumba del Campeón.3914314	86babca616044820	선조의 성소#챔피언의 무덤
4482	ZONEMAP.Panteón Ancestral.Jardines Sepultados.3930954	bd2d08e45e9beb33	선조의 성소#묻힌 정원
4483	ZONEMAP.Panteón Ancestral.Cavidad Natural.3935894	67dff9e8ceb2cffd	선조의 성소#천연 동굴
4484	ZONEMAP.Panteón Ancestral.Tumba del Repudiado.3923822	1bc0575108119317	선조의 성소#버림받은 자의 무덤
4485	ZONEMAP.Panteón Ancestral.Fachada Derrumbada.3924696	b99216baf1b39caa	선조의 성소#무너진 정면
4486	ZONEMAP.Dimensión Artificial.Simulación I.-30437358	dbf9c0c0589f741f	인공 차원#시뮬레이션 I
4487	ZONEMAP.Dimensión Artificial.Simulación II.-30780666	78b451806f6b68c6	인공 차원#시뮬레이션 II
4488	ZONEMAP.Dimensión Artificial.Simulación III.-30789876	a86910244acb2381	인공 차원#시뮬레이션 III
4489	ZONEMAP.Dimensión Artificial.Simulación IV.-30790054	06b7b4ab39156b96	인공 차원#시뮬레이션 IV
4490	ZONEMAP.Dimensión Artificial.Simulación V.-30790164	8f43d15be0da27fe	인공 차원#시뮬레이션 V
4491	ZONEMAP.Dimensión Artificial.Simulación VI.-30790282	d12d994b3710c611	인공 차원#시뮬레이션 VI
4492	ZONEMAP.Dimensión Artificial.Simulación VII.-30790368	3ff1c51df915236a	인공 차원#시뮬레이션 VII
4493	ZONEMAP.Dimensión Artificial.Simulación VIII.-30790462	9fdd666bb23a3eb8	인공 차원#시뮬레이션 VIII
4494	ZONEMAP.Dimensión Artificial.Simulación IX.-30790548	44703333d9735f8d	인공 차원#시뮬레이션 IX
4495	ZONEMAP.Dimensión Artificial.Simulación X.-30793186	c4f897a946fd71ed	인공 차원#시뮬레이션 X
4496	ZONEMAP.Dimensión Artificial.Simulación XI.-30793516	7644871e8d6a196c	인공 차원#시뮬레이션 XI
4497	ZONEMAP.Dimensión Artificial.Simulación XII.-30793854	8ccb4f7994a90d9b	인공 차원#시뮬레이션 XII
4498	ZONEMAP.Dimensión Artificial.Simulación XIII.-30794184	c18103905b4c3aae	인공 차원#시뮬레이션 XIII
4499	SAY.Flowchart.7.TheKingOfDarkness-Trial-Monolith	5bc3b0ea0d5d251d	수백 개의 국가와 제국이 아이테르나의 땅을 터전으로 삼았지... 이런 유적만이 그 영광스러운 과거에서 남은 유일한 흔적이다.
4500	SAY.Flowchart.10.TheKingOfDarkness-Trial-Monolith	7f535577e0bb204b	비문이 심하게 닳았지만, 아직 몇몇 문장은 읽을 수 있군...
4501	SAY.Flowchart.11.TheKingOfDarkness-Trial-Monolith	54554037b07b53c7	""...양심은 모든 이를... 하지만 가장 적합한 자에게만 상을 내리리라...""
4502	SAY.Flowchart.12.TheKingOfDarkness-Trial-Monolith	61de07e2e5bfd273	""...인공 차원... 시련을 극복하라. 그러면 양심의 망토가 너희를 거룩하게 하리라...""
4503	SAY.Flowchart.13.TheKingOfDarkness-Trial-Monolith	16a1b9461ce506f7	이 포털들은 시간 제한 시련 같은 곳으로 통하는 모양이군...
4504	SAY.Flowchart.15.TheKingOfDarkness-Trial-Monolith	5b86e34a36ad33b9	시련에 번호가 붙어 있다는 건, 이곳 말고도 {b}{color=#9523d8}훨씬 더 많다는 뜻이군{/color}{/b}.
4505	SAY.Flowchart.14.TheKingOfDarkness-Trial-Monolith	252df5bc3b17c639	건너편에서는 {b}{color=#9523d8}내 힘이 제한되겠지만{/color}{/b}, 상관없다. 디지털이든 실물이든, 모든 시련은 해 볼 가치가 있지.
4506	SAY.Flowchart.17.TheKingOfDarkness-Trial-Monolith	eb53ab98d9598053	참 묘하군. 이게 굶주린 도시에 몇 순환이나 있었는데, 이제야 눈에 들어오는군...
4507	SAY.Flowchart.18.TheKingOfDarkness-Trial-Monolith	8ec7461121be0af2	다른 문들과 비슷하고, 저 기묘한 문자로 새겨진 비문도 있군...
4508	SAY.Flowchart.19.TheKingOfDarkness-Trial-Monolith	5a930d8539710921	짐작했던 대로군. 이 포털은 내가 이미 방문한 모든 시련으로 통하는 연결점이다.
4509	SAY.Flowchart.20.TheKingOfDarkness-Trial-Monolith	fe80ecda486bc744	아주 유용하겠군. 이 시스템을 만든 자가 누구든 사용자를 염두에 두고 만들었어. 고마운 일이군.
4510	WOTFEastTrial.Name	b83c682888121931	시뮬레이션 I
4511	HeroesRestTrial.Name	3e5bbcd9e42ed280	시뮬레이션 II
4512	LightTowerTrial.Name	a74ba6b9ea91921c	시뮬레이션 III
4513	AscensionCaveTrial.Name	0a3f0e17215a4a27	시뮬레이션 IV
4514	ForgeTrial.Name	bbb3bdb566f35683	시뮬레이션 V
4515	CradleOfLightTrial.Name	54afcbb382d4c148	시뮬레이션 VI
4516	PitOfTheDammedTrial.Name	8b906a447be44544	시뮬레이션 VII
4517	UnderseaTrial.Name	81a4fb9735b4744a	시뮬레이션 VIII
4518	AbyssTrial.Name	17bdc46217f2054b	시뮬레이션 IX
4519	EndOfTheWorldTrial.Name	bb33dabe2177e821	시뮬레이션 X
4520	CosmosTrial.Name	07be36bf8095dac5	시뮬레이션 XI
4521	RoyalStairsTrial.Name	5058e6385ada356c	시뮬레이션 XII
4522	AeternaPalaceTrial.Name	75ec5bdefb1daa74	시뮬레이션 XIII
4523	PotD.FlyingSwordsGhost.Name	69b647c1fe7822ff	칼날 봉신
4524	PotD.ScytheGhostKnight.Name	22584f4706dbc726	왕조의 파수꾼
4525	PotD.ShieldGhostKnight.Name	5d33ae2d69f4a9b0	불패자의 수호자
4526	PotD.RollingInsect.Name	c61c9de651c887ad	무덤털이 설치류
4527	PotD.HornetNest.Name	9e72a0fee2d36a6e	두더지 말벌 둥지
4528	PotD.HornetEnemy.Name	6ef8553bd7e355ff	두더지 말벌
4529	PotD.Ohmunite.Name	dab06f7588cc49a9	벌레 왕
4530	PotD.TongueBall.Name	bd745effedb3401b	공생 구체
4531	PotD.Zerglink.Name	f8fb86f68e2ab1e4	장내 호염기구
4532	PotD.Garibaldi2.Name	1755b2b47b034999	부패한 가리발디
4533	PotD.Garibaldi3.Name	6157dd4b239e98a5	해방된 가리발디
4534	Perks.PersistentSoul.Name	a8b061b5fd2afb1d	결정화된 영혼
4535	Perks.PersistentSoul	bad1f4a661d257a9	패배해도 영혼을 잃지 않는다.
4536	Perks.AdderJump.Name	60fc48d73f105069	현기증
4537	Perks.AdderJump	ada30b95cfa74776	점프 가능 횟수가 1회 증가한다.
4538	Perks.BigDamageSmallResistance.Name	2fa2e0b90e652077	치명적 유혹
4539	Perks.BigDamageSmallResistance	a1b0db74e6fa610c	피해량이 100% 증가하지만, 한 방에 쓰러진다.
4540	Perks.BigDamageWhenFullBlood.Name	27be3387332ba2e3	탐식
4541	Perks.BigDamageWhenFullBlood	0da42a2157f0610b	피 저장량이 최대일 때 피해량이 50% 증가한다.
4542	Perks.AutoParried.Name	77bd8e12235bbe01	최후의 수단
4543	Perks.AutoParried	ee6cf7f9b0628c31	공격받으면 어둠의 방패가 자동으로 발동하지만, 재사용 대기시간이 2배가 된다.
4544	Perks.DodgeInvulnerable.Name	229ad590ea9cf479	유령 질주
4545	Perks.DodgeInvulnerable	a6c19149ede60d54	대시 중 무적이 되며, 이 효과에 4초의 재사용 대기시간이 적용된다.
4546	ShopItem.AutoParried.Name	77bd8e12235bbe01	최후의 수단
4547	ShopItem.AutoParried.Description	ee6cf7f9b0628c31	공격받으면 어둠의 방패가 자동으로 발동하지만, 재사용 대기시간이 2배가 된다.
4548	ShopItem.BigDamageWhenFullBlood.Name	27be3387332ba2e3	탐식
4549	ShopItem.BigDamageWhenFullBlood.Description	0da42a2157f0610b	피 저장량이 최대일 때 피해량이 50% 증가한다.
4550	ShopItem.RedGemPrestidigitacion.Name	33c850a18f5e2429	손재주
4551	ShopItem.RedGemPrestidigitacion.Description	92c529d410aa45b0	지상에서 대시하면 탄약이 즉시 재장전된다. 일정 시간마다 한 번 발동한다.
4552	Item.PersistentSoul	3d5b9a1b6887a479	보석 - 결정화된 영혼
4553	Item.AdderJump	28684da0ce0850bb	보석 - 현기증
4554	Item.BigDamageSmallResistance	084d64d1667280f2	보석 - 치명적 유혹
4555	Item.BigDamageWhenFullBlood	91fb45bd58f7b85b	보석 - 탐식
4556	Item.AutoParried	7f102d3e18478d99	보석 - 최후의 수단
4557	Item.DodgeInvulnerable	c815259078cd2fdb	보석 - 유령 질주
4558	Item.BigDamageWhenFullBloodForged	91fb45bd58f7b85b	보석 - 탐식
4559	Item.AutoParriedForged	7f102d3e18478d99	보석 - 최후의 수단
4561	SAY.Flowchart.39.TheKingOfDarkness-Boss-Rush	e32b60540471c115	음... 문이 열리는 소리가 났군... 녹슬고 기름칠도 안 한 경첩에서 나는 전형적인 삐걱거림이군. 수집가의 방에서 들려온 모양이다.
4562	SAY.Flowchart.34.Collector-Boss-Rush	3b0e9e28f61e435b	호기심이 고양이를 죽인다는 말도 모르세요, 어둠의 왕?
4563	SAY.Flowchart.53.TheKingOfDarkness-Boss-Rush	f99cfbfd5bbba047	여긴 뭐지? 반대편에 있는 병과 선반이 네 수집품 전부인 줄 알았는데.
4564	SAY.Flowchart.54.Collector-Boss-Rush	abae3a79e58175fc	아, 저곳은 그저 현관일 뿐이에요... 직원들이 모두 휴가를 떠나서, 손님을 맞이하려면 제가 밖에 남아 있어야 하거든요.
4565	SAY.Flowchart.55.Collector-Boss-Rush	0070288389c88573	이게, 폐하, 진짜 수집품이에요. 수천 점의 표본이 분류되어 완벽한 상태로 보존돼 있죠.
4566	SAY.Flowchart.56.Collector-Boss-Rush	a143676a18abb6e8	여기에는 지금까지 존재했던 모든 생물을 하나도 빠짐없이, 최초부터 마지막까지 담을 거예요...
4567	SAY.Flowchart.57.TheKingOfDarkness-Boss-Rush	fda9b00b65ee7ba4	여기 있는 것들 중 상당수는 알아보겠군. 얼마 전 내가 직접 가져다준 것들이지. 하지만 다른 것들은 조금 달라 보이는군.
4568	SAY.Flowchart.58.Collector-Boss-Rush	569daf3cbe85c01d	젊었을 때는 명망 높은 유전학자였어요. 마음에 드는 피험체에게 이런저런 실험을 하는 걸 즐기죠.
4569	SAY.Flowchart.59.Collector-Boss-Rush	5ba04662f680edef	그대 같은 고용 사냥꾼을 더 만들고 있어요, 전하. 수집품을 늘리는 데 도움을 줄 타고난 포식자들이죠.
4570	SAY.Flowchart.60.Collector-Boss-Rush	73a8fcee2aa2e2be	제가 그들을 훌륭하게 만들어 냈다는 건 알지만, 그 능력을 시험해 줄 엄청난 힘을 지닌 불멸자가 필요해요.
4571	SAY.Flowchart.61.Collector-Boss-Rush	3a282670e2ed9802	그리고 빛의 여왕은 세상을 다스리느라 바쁘니, 그러니까...
4572	SAY.Flowchart.62.TheKingOfDarkness-Boss-Rush	6168010e94b558ee	내가 마침 이곳을 지나가던 참이라니, 참 편리하군...
4573	SAY.Flowchart.63.Collector-Boss-Rush	17772e76d950cd69	제 경험상 우연은 존재하지 않아요... 관심 있으세요, 어둠의 왕?
4574	SAY.Flowchart.64.TheKingOfDarkness-Boss-Rush	f99f5605eba06d90	어머니는 늘 가면 쓴 자들은 믿을 수 없다고 하셨지. 하지만 전투를 거절했다간 내 팬들이 절대 용서하지 않을 거다...
4575	SAY.Flowchart.65.TheKingOfDarkness-Boss-Rush	39858b4642941097	지금쯤 다음 대사로 넘어가려고 버튼을 마구 연타하고 있겠지.
4576	SAY.Flowchart.66.Collector-Boss-Rush	18bb3ffd52aba00a	그렇다면 서로 다른 두 가지 전투 방식을 알려 드려야겠네요.
4577	SAY.Flowchart.67.Collector-Boss-Rush	4cee097fd8ab2721	우선, 모험 중 강력한 적을 쓰러뜨릴 때마다 그 적을 제 수집품에 추가하고 전투를 다시 치를 수 있게 해 드릴게요.
4578	SAY.Flowchart.68.Collector-Boss-Rush	b1d422fd48fdc366	이 전투에서는 공정한 결투를 위해 그대의 힘이 제한돼요. 그러면 첫 만남에서 이루지 못했을지도 모를 위업도 달성할 수 있죠.
4579	SAY.Flowchart.70.Collector-Boss-Rush	2fb0c3f8acc1c050	피에 대한 갈망이 여전하고 조건을 충족하시면, 강화된 버전과 맞서게 해 드릴게요. 원래 상태보다 훨씬 치명적이라는 점을 미리 말씀드리죠.
4580	SAY.Flowchart.72.Collector-Boss-Rush	2b5dccfe137f1d4b	반대로 더 큰 도전을 원하시면, 그들과 연달아 맞설 수 있어요. 모두 쓰러뜨리거나 그대가 쓰러질 때까지 하나씩 상대하는 거죠.
4581	SAY.Flowchart.73.Collector-Boss-Rush	59992ab456e71faf	연달아 승리를 거둘 수 있을 것 같으세요? 그들이 이기면 처음부터 다시 시작해야 해요.
4582	SAY.Flowchart.74.TheKingOfDarkness-Boss-Rush	6eb0b00110f6bf9c	어둠의 왕이긴 해도, 나도 여전히 인간이다. 아무래도 상당히 불리하겠군.
4583	SAY.Flowchart.75.Collector-Boss-Rush	87caec8082332d84	걱정하지 마세요. 제 실험용 기니피그들에게 그렇게 잔인한 사람은 아니에요. 전투와 전투 사이에 숨 돌릴 시간을 드리고, 힘을 재구성하게 해 드릴게요.
4584	SAY.Flowchart.76.TheKingOfDarkness-Boss-Rush	5489e8d001475ce6	이런 게 바로 사용자를 배려한 설계지.
4585	SAY.Flowchart.79.Collector-Boss-Rush	2601b87423d6516e	멋지네요! 저주받은 군주를 상대로 제 변이체들이 어떻게 싸우는지 어서 보고 싶어요.
4586	SAY.Flowchart.80.Collector-Boss-Rush	a571797dbb868e0d	그대가 수집 도감을 채워 나갈 때마다 제 수집품을 갱신해 새로운 변형 표본을 추가할 거예요.
4587	SAY.Flowchart.81.Collector-Boss-Rush	43dd4671b791800b	제 메시지를 잘 확인하세요, 어둠의 왕.
4588	SAY.Flowchart.17.TheKingOfDarkness-Boss-Rush	cb0a2ea9ee71395a	수집가가 숨 돌릴 시간을 주겠다고 한 게 이거군... 완전히 회복되진 않지만, 심장 4개를 회복하고 물약 1개를 주며 피의 그릇 1개를 채워 주지.
4589	SAY.Flowchart.20.TheKingOfDarkness-Boss-Rush	18423aa9aa2949e1	이 방으로 돌아올 때마다 다시 사용할 수 있겠군... 어둠의 왕에게는 충분하고도 남는다.
4590	SAY.Flowchart.21.TheKingOfDarkness-Boss-Rush	713f4be8a973eee7	이건 왕좌 역할을 하는군. 여기서 보석과 스킬 포인트 설정을 원하는 만큼 바꿀 수 있지.
4591	SAY.Flowchart.22.TheKingOfDarkness-Boss-Rush	b8d605f39c21c15d	차이가 있다면 순간이동은 못 한다는 거다. 여기서 나가려면 승자가 되거나 겁쟁이가 되어야겠군.
4592	SAY.Flowchart.31.TheKingOfDarkness-Boss-Rush	23f4e27739bd64af	도전은 좋아하지만, 무모함은 왕에게 어울리지 않는다. 게다가 수집가가 베푼 이점을 낭비하는 건 예의가 아니겠지...
4593	SAY.Flowchart.32.TheKingOfDarkness-Boss-Rush	8c57ce2f1f59ff15	정말 계속 나아가고 싶은 건가?
4594	MENU.Flowchart.33	739215889580345e	예
4595	MENU.Flowchart.35	1ea442a134b2a184	아니오
4596	SAY.Flowchart.30.Collector-Boss-Rush	c847e754aa134a67	폐하, 패배하셨네요. 다시 시도하시겠어요, 아니면 도전을 포기하시겠어요?
4597	MENU.Flowchart.20	b044bb6054632bce	끝까지 간다
4598	MENU.Flowchart.29	5c335e05a6fdfef8	됐다, 난 겁쟁이다
4599	SAY.Flowchart.82.Collector-Boss-Rush	9d6c93ed91accd60	지금까지 제가 그대에게 상대하게 한 표본들은... 실망스러웠어요.
4600	SAY.Flowchart.83.TheKingOfDarkness-Boss-Rush	bcd0a033f2e41c43	유전자 변형 짐승들을 시험할 최고의 상대를 고르면 흔히 있는 일이지.
4601	SAY.Flowchart.84.Collector-Boss-Rush	3cd5a47a137f5919	그대를 위해 특별한 것을 준비해 뒀어요. 지고신 카오스의 순수한 정수를 합성 괴물 둘에게 주입했죠.
4602	SAY.Flowchart.85.Collector-Boss-Rush	991b8729a20ee01f	이들을 "기계 쌍둥이"라고 부르죠... 최악의 상황에 대비하세요, 어둠의 왕.
4603	SAY.Flowchart.86.TheKingOfDarkness-Boss-Rush	aae882f43bdb0188	최악이라면 바로 나지! 아니, 최악의 짓을 가장 잘한다는 뜻에서 최악이라는 거지. 그러니까... 뭐, 알아들었겠지.
4604	SAY.Flowchart.103.Collector-Boss-Rush	b3d57d534954c8b0	제 표본들이... 예상대로 그대의 타락한 검에는 상대가 되지 못했어요.
4605	SAY.Flowchart.104.TheKingOfDarkness-AC-Cave17	4b56996d6676f9f6	이걸 도전이라고 부르는 건가? 이제 막 땀이 나기 시작했을 뿐이다.
4606	SAY.Flowchart.105.Collector-Boss-Rush	408c524b9c27f3db	아직 완전한 승리와는 거리가 멀어요, 저주받은 군주. 더 치명적인 버전들이 어둠의 왕 폐하와 맞설 날을 기다리고 있어요.
4607	SAY.Flowchart.106.TheKingOfDarkness-AC-Cave17	cf44dcb988e26975	이번에는 정말 그럴 만한 가치가 있길 바라지.
4608	SAY.Flowchart.102.Collector-Boss-Rush	fec317fd69e472d4	또 해내셨네요. 가장 치명적인 형태의 제 표본들을 모두 쓰러뜨리셨어요... 정말 대단한 위업이에요.
4609	SAY.Flowchart.87.TheKingOfDarkness-Boss-Rush	6f5a023b463bb236	감추려 들지 마라, 수집가... 내 피가 든 그 주사기를 숨기는 걸 봤다.
4610	SAY.Flowchart.88.Collector-Boss-Rush	58831d62bbde8074	그대는 카오스만의 도구가 아니에요. 그대를, 아니, 그대의 복제체를 노리는 다른 자들도 있죠.
4611	SAY.Flowchart.89.TheKingOfDarkness-Boss-Rush	d369c9b45091cfa3	내 복제체라고? 마음에 들지 않는군... 그 "다른 자들"은 누구지?
4612	SAY.Flowchart.90.Collector-Boss-Rush	9f770f1d8e0a7ed1	그대가 섬긴 지고신이 카오스 하나뿐인 건 아니에요... 과거에도 다른 이들이 그대의 힘을 이용했지만, 그대는 기억하지 못하죠... 그들은 흔적을 남기지 않도록 뒤처리까지 확실히 했어요.
4613	SAY.Flowchart.91.TheKingOfDarkness-Boss-Rush	15e4f2f2751eded7	내가 기억상실을 겪었다는 건가? 그런 설정은 너무 진부하지 않나? 픽션에는 다른 클리셰도 많다고, 수집가...
4614	SAY.Flowchart.92.Collector-Boss-Rush	e2c39b9675ed7b69	너무 많은 말을 해 버렸네요... 더 이야기했다가는 제가 직접 그대의 기억을 지워야 할 거예요.
4615	SAY.Flowchart.93.TheKingOfDarkness-Boss-Rush	efe37b0e87d79b94	아, 진심이었군... 언제였지? 어떻게 그럴 수가 있지? 당장 대답해라, 수집가!
4616	SAY.Flowchart.94.Collector-Boss-Rush	6e75aee685e83843	아무튼, 제가 손에 넣은 표본이면 제 주인에게 충분할 거예요... 언젠가 그대와 똑같이 생긴 누군가를 만나더라도 놀라지 마세요.
4617	SAY.Flowchart.95.TheKingOfDarkness-Boss-Rush	81ba4d20dcfae3a5	네 말대로라면 이미 마주쳤는데도 기억하지 못할 수 있다는 거군! 과호흡이 오는 것 같군.
4618	BR.MechaTwins.Name	97d15e43a7165b2d	기계 쌍둥이
4619	BossRush.Group.Group1Easy	bc5743543781641d	타우 세티
4620	BossRush.Group.Group2Easy	cb827b771b4554a2	바너드
4621	BossRush.Group.Group3Easy	246f20a4fb16f7ca	용자리
4622	BossRush.Group.Group4Easy	012518c4d3a2757a	안타레스
4623	BossRush.Group.Group5Easy	69495b4dc7a4bd91	플레이아데스
4624	BossRush.Group.Group6Hard	8a087281a360f0ee	베텔게우스
4625	BossRush.Group.Group7Hard	b7498adedf09ff7a	켄타우루스
4626	BossRush.Group.Group8Hard	a3ebc85faede0ad3	궁수자리
4627	BossRush.Group.Group9Hard	222a62ceb0a845a2	안드로메다
4628	BossRush.Group.Group10Hard	df6b075b5870447d	뱀자리
4629	BossRush.Group.GroupAllBossesEasy	f43b39ea311b6bd9	백조자리
4630	BossRush.Group.GroupAllBossesHard	85f056db3d033b91	안테나 은하
4631	BossRush.Record.Single	b6977b788ee6714e	PB: {0}%
4632	BossRush.Record.Group	f7cff79420aff086	PB: {0}/{1}
4633	BossRush.Attempts	fd1117e717a1a1b8	시도: {0}
4634	BossDifficulty.Easy	a7248eeb45eb1ce2	보통
4635	BossDifficulty.Normal	fc3a43cb5e1fc7ae	어려움
4636	BossDifficulty.Hard	a6a6c3dfaa61c7ea	영웅
4637	BossDifficulty.Mythic	582ba9d1e491554c	신화
4638	BossRush.Locked	d552e8fe73224192	잠김
4639	BossRush.Requirement.Completed	856641d2b3eef439	완료
4640	BossRush.Requirement.Hearts	80cdb890fcd8ba3d	심장: {0}
4641	BossRush.Requirement.SkillPoint	b3b2f0a620d6b356	스킬 포인트: {0}
4642	BossRush.Requirement.AmmoArrow	9632264036dbfe8c	탄약: {0}
4643	BossRush.Requirement.CrystalArrow	d44df36bc056fcb1	수정 화살: {0}
4644	BossRush.Group.Heal	a7248eeb45eb1ce2	보통
4645	BossRush.Group.NoHeal	e913447f262a636b	하드코어
4646	TMPRO.Defeated Text.-493322	eedd5404f68461fd	처치 완료
4647	TMPRO.Text (TMP).-245788184	bd62e781ec4eafb8	뒤로
4648	TMPRO.Text (TMP).-245715322	2ff0dec0bc12f5c2	상호작용
4649	TMPRO.ChangeMode.-245754766	3cafd67404319e48	모드 변경
4650	BossRushResume.Victory.Up	ea48678de6b96c25	도전
4651	BossRushResume.Victory.Down	856641d2b3eef439	완료
4652	BossRushResume.Defeat.Up	ea48678de6b96c25	도전
4653	BossRushResume.Defeat.Down	6883aef403fc794a	실패
4654	BossRushProgress.Title	a91e010ddb13933f	도전 진행도
4655	TMPRO.Text (TMP).-400590	23633c4b5b7aff74	초기화
4656	TMPRO.Text (TMP).-400666	2a9baf5c3825064d	포기
4657	TMPRO.TextResetBoss.-400746	c1107be16bfdac55	보스전을 초기화할까요?
4658	TMPRO.TextLeave.-400754	82cfd7bedd582976	포기할까요?
4659	ZONEMAP.Collector's Lair.The collection.-3954860	46f31ed348766b68	상관#진정한 수집품
4660	ZONEMAP.Collector's Lair.PreFight.-503674	d0942a142574ea94	상관#고통의 전실
4661	Quest.Quest40.title	e76a8bc873997baf	실험체
4662	Quest.Quest40.stage_1.description	cedb046f9659deea	수집가가 가끔 찾아오라고 했다. 꽤 외로운 모양이다. 만나러 가야겠다.
4663	Quest.Quest40.stage_2.description	701bcb9f7369c4fe	비밀문이 열리는 소리가 분명히 들린다... 틀림없다. 조사해 봐야겠다.
4664	Quest.Quest40.stage_3.description	c5f940d4f1586069	모든 실험체를 하나하나 쓰러뜨릴 때까지 싸워야 한다.
4665	Quest.Quest40.stage_4.description	54503839787b3eba	수집가가 흥미로운 이야기를 해 줄 거다.
4666	Quest.Quest40.stage_5.description	1324b0e4d25612f4	수집가의 모든 도전을 극복해야 한다.
4667	Quest.Quest40.stage_6.description	6ebd982bb1254184	모든 실험체를 쓰러뜨렸다. 다시 수집가와 이야기해야 한다.
4668	Quest.Quest40.stage_7.description	f2806c3a206d8e31	신화 난이도에서 수집가의 모든 도전을 극복해야 한다.
4669	Quest.Quest40.stage_8.description	d4ac9c0c28ee173e	신화 난이도에서 모든 실험체를 쓰러뜨렸다. 다시 수집가와 이야기해야 한다.
4670	Quest.Quest40.stage_9.description	5c8b3ec554157045	임무를 완료했다.
4671	TMPRO.RefText.170706	1faebb4d668d463d	<sprite name="basicattack"> 눌러 기본 공격
4672	TMPRO.RefText.170992	e1094ebc89730ccb	<sprite name="jump"> 눌러 점프
4673	TMPRO.RefText.171042	930ba3f41d08b0fe	<sprite name="dash"> 눌러 대시
4674	TMPRO.RefText.171082	dd4bfb5c0c607a55	<sprite name="heal"> 길게 눌러 치유
4675	TMPRO.RefText.170900	b2fb12411b41701f	<sprite name="basicattack"> + <sprite name="movedown"> 공중에서 눌러 튕겨 오르기
4676	TMPRO.RefText.170840	485d9b7836773ecc	<sprite name="jump"> + <sprite name="jump"> 눌러 공중 점프
4677	TMPRO.RefText.170960	ac56ef7d9b3d6067	<sprite name="darkshield"> 눌러 어둠의 방패
4678	TMPRO.RefText.407502	f836b7c098ee0656	<sprite name="upcross"> 눌러 회복 물약
4679	TMPRO.RefText.171408	65d3575dedd13170	<sprite name="leftcross"> 길게 눌러 어둠의 관문
4680	TMPRO.RefText.407074	a654753024e0edf5	<sprite name="basicattack"> 길게 눌러 도끼 사용
4681	TMPRO.RefText.407412	4e6e1f7a1dccf9a5	<sprite name="secondattack"> 눌러 낫 사용
4682	TMPRO.RefText.407224	f93eb318c52421a2	<sprite name="movedown"> + <sprite name="secondattack"> 공중에서 눌러 창 사용
4683	TMPRO.RefText.406996	0475bd060734edd5	<sprite name="shuriken"> 눌러 수리검 투척
4684	TMPRO.RefText.407122	4c96e4a02b2b8da7	<sprite name="katana"> 길게 눌러 카타나 사용
4685	TMPRO.RefText.407454	c516b009031a998d	<sprite name="dash"> + <sprite name="katana"> 눌러 페인트
4686	TMPRO.RefText.407136	9007ff63066b227b	<sprite name="shotarrow"> + <sprite name="move"> 길게 눌러 화살을 조준한다. 그동안 시간이 느려진다. 발사한 뒤 <sprite name="teleport"> 눌러 순간이동한다. 사정거리 안에서만 가능하다.
4687	TMPRO.RefText.407462	e96536de0b7e2b55	<sprite name="changearrow2"> 눌러 화살 종류 변경
4688	TMPRO.RefText.406868	e6161c324624c624	<sprite name="arrowtype"> 눌러 빛의 화살과 어둠의 화살 전환
4689	TMPRO.RefText.407082	247802d4061eaf81	수정 화살(파란색)과 빛의 화살(노란색)은 빛의 장벽을 통과할 수 있다. 어둠의 화살(보라색)은 어둠의 장벽을 통과할 수 있다.
4690	TMPRO.Text (TMP).-33714	b6e604c514e5e12d	플레이 방법
4691	TMPRO.MenuLeft.-90426	f9314da8d124e6a2	뒤로
4692	TMPRO.MenuRight.-90436	fa244127aafb164a	앞으로
4693	TMPRO.TitleHowToPlay.-90452	eed923f2fd4c1e4e	게임 방법
4694	ZONEMAP.Mechas.Landia.-178520	e5031c1679bc56d9	폭풍의 왕국#허리케인의 눈
4696	SAY.Flowchart.1.TheKingOfDarkness-Map-Seller-PotD	b5aac720126d5d3c	오... 이 보석 말이군. 수백 년 동안 보지 못했으니 이미 사라진 줄 알았는데. 지금은 내가 가져가길 기다리고 있군... 고작 유리 조각 하나가 참 요란하군.
4697	SAY.Flowchart.26.TheKingOfDarkness-HR-Main3-B	7041f657a0eca6c8	흥미롭군... 전에는 이 지하묘가 없었는데.
4698	SAY.Flowchart.27.TheKingOfDarkness-HR-Main3-B	c1d84553a57c0ade	유령 같은 분위기는 꽤 그럴듯하군... 너무 그럴듯해. 과대망상에 빠진 마법사의 속임수만은 아닌 모양이다.
4699	SAY.Flowchart.28.TheKingOfDarkness-HR-Main3-B	60c0ac60d4788a80	들어갈 수밖에 없겠군... 애초에 참을 수 있을 리도 없지만.
4700	ZONEMAP.GhostCryptZoneName.GhostCryptSceneName.-1850936	60ad99b94d4ddb58	잃어버린 성소#영원한 침묵의 기억
4701	SAY.Flowchart.38.TheKingOfDarkness-HR-Main3-B	f2d8d93a6946aa88	보석을 끼울 자리인가? 흥미롭군... 어떤 돌을 끼우라는 거지? 마법사들이 그토록 좋아하는 요란한 유물 중 하나겠군.
4702	SAY.Flowchart.40.TheKingOfDarkness-HR-Main3-B	0867a46264b7aacf	결정화된 영혼... 이곳을 알아본 듯 빛나는군. 완벽하게 들어맞는군... 나를 위해서만 전부 열리다니, 참 친절하기도 하군.
4703	SAY.Flowchart.13.TheKingOfDarkness-HR-Crypt8-King	ea63af9f4b1786c6	위압적이군... 무덤에 새겨진 글도 있다. ‘한때 여명을 떠받쳤고, 그 메아리가 아직도 나의 침묵을 밝히는 이가 여기 잠든다.’ 다리우스 엔시스 아우로라이...
4704	SAY.Flowchart.15.TheKingOfDarkness-HR-Crypt8-King	181e8f3ee15c2e9a	그 이름을 들은 지 수 세기나 됐군... 다리우스 엔시스 아우로라이. 적어도 품위 있는 최후를 맞은 모양이다... 아름답기까지 하군.
4705	SAY.Flowchart.16.TheKingOfDarkness-HR-Crypt8-King	5463a2fe17e0f056	그리고 이 머리핀은... 주인이 누구인지 아주 잘 알지. 운이 따른다면 아직 돌려줄 수 있을지도 모르겠군...
4706	SAY.Flowchart.21.TheKingOfDarkness-HR-Crypt8-King	4fd6b51021482802	오... 흥미롭군. 결정화된 영혼이 머리핀에 닿자 진동하더니, 이제 압도적인 힘을 뿜어내는군... 유물로서의 역할을 진지하게 받아들이기 시작한 모양이다.
4707	SAY.Flowchart.17.TheKingOfDarkness-HR-Crypt8-King	943e2f27e8e20c45	어쨌든, 친구여, Requiescat in pace... 하지만 그럴 리 없겠지. 그 불쌍한 녀석은 평생 평화를 알지 못했으니까.
4708	SAY.Flowchart.32.TheKingOfDarkness-HR-Main3-B	a250ed4a223853bd	지하묘가 사라졌나? 이런... 환영이었거나, 신 노릇을 하는 운명이었을지도 모르지. 상관없다. 걱정할 더 중요한 일이 있으니까.
4709	PersistentEnhanced	66427f65133745ab	모든 피해량이 20% 증가한다.
